rotulo,arquivo,status,destino
Abacaxi,Abacaxi_Articulador1.mp4,ok,C:\KONECTA\OCR\dados_libras\dinamicos\Abacaxi\public\public_0000.npy
Abacaxi,Abacaxi_Articulador2.mp4,ok,C:\KONECTA\OCR\dados_libras\dinamicos\Abacaxi\public\public_0001.npy
Abacaxi,Abacaxi_Articulador3.mp4,ok,C:\KONECTA\OCR\dados_libras\dinamicos\Abacaxi\public\public_0002.npy
Abanar,Abanar_Articulador1.mp4,ok,C:\KONECTA\OCR\dados_libras\dinamicos\Abanar\public\public_0000.npy
Abanar,Abanar_Articulador2.mp4,ok,C:\KONECTA\OCR\dados_libras\dinamicos\Abanar\public\public_0001.npy
Abanar,Abanar_Articulador3.mp4,ok,C:\KONECTA\OCR\dados_libras\dinamicos\Abanar\public\public_0002.npy
Abandonar,Abandonar_Articulador1.mp4,ok,C:\KONECTA\OCR\dados_libras\dinamicos\Abandonar\public\public_0000.npy
Abandonar,Abandonar_Articulador2.mp4,ok,C:\KONECTA\OCR\dados_libras\dinamicos\Abandonar\public\public_0001.npy
Abandonar,Abandonar_Articulador3.mp4,ok,C:\KONECTA\OCR\dados_libras\dinamicos\Abandonar\public\public_0002.npy
Abelha,Abelha_Articulador1.mp4,ok,C:\KONECTA\OCR\dados_libras\dinamicos\Abelha\public\public_0000.npy
Abelha,Abelha_Articulador2.mp4,ok,C:\KONECTA\OCR\dados_libras\dinamicos\Abelha\public\public_0001.npy
Abelha,Abelha_Articulador3.mp4,ok,C:\KONECTA\OCR\dados_libras\dinamicos\Abelha\public\public_0002.npy
Abençoar,Abençoar_Articulador1.mp4,ok,C:\KONECTA\OCR\dados_libras\dinamicos\Abençoar\public\public_0000.npy
Abençoar,Abençoar_Articulador2.mp4,ok,C:\KONECTA\OCR\dados_libras\dinamicos\Abençoar\public\public_0001.npy
Abençoar,Abençoar_Articulador3.mp4,ok,C:\KONECTA\OCR\dados_libras\dinamicos\Abençoar\public\public_0002.npy
Aborto,Aborto_Articulador1.mp4,ok,C:\KONECTA\OCR\dados_libras\dinamicos\Aborto\public\public_0000.npy
Aborto,Aborto_Articulador2.mp4,ok,C:\KONECTA\OCR\dados_libras\dinamicos\Aborto\public\public_0001.npy
Aborto,Aborto_Articulador3.mp4,ok,C:\KONECTA\OCR\dados_libras\dinamicos\Aborto\public\public_0002.npy
Abraço,Abraço_Articulador1.mp4,ok,C:\KONECTA\OCR\dados_libras\dinamicos\Abraço\public\public_0000.npy
Abraço,Abraço_Articulador2.mp4,ok,C:\KONECTA\OCR\dados_libras\dinamicos\Abraço\public\public_0001.npy
Abraço,Abraço_Articulador3.mp4,ok,C:\KONECTA\OCR\dados_libras\dinamicos\Abraço\public\public_0002.npy
Abrir a janela,Abrir a janela_Articulador1.mp4,ok,C:\KONECTA\OCR\dados_libras\dinamicos\Abrir a janela\public\public_0000.npy
Abrir a janela,Abrir a janela_Articulador2.mp4,ok,C:\KONECTA\OCR\dados_libras\dinamicos\Abrir a janela\public\public_0001.npy
Abrir a janela,Abrir a janela_Articulador3.mp4,ok,C:\KONECTA\OCR\dados_libras\dinamicos\Abrir a janela\public\public_0002.npy
Abrir a porta,Abrir a porta_Articulador1.mp4,ok,C:\KONECTA\OCR\dados_libras\dinamicos\Abrir a porta\public\public_0000.npy
Abrir a porta,Abrir a porta_Articulador2.mp4,ok,C:\KONECTA\OCR\dados_libras\dinamicos\Abrir a porta\public\public_0001.npy
Abrir a porta,Abrir a porta_Articulador3.mp4,ok,C:\KONECTA\OCR\dados_libras\dinamicos\Abrir a porta\public\public_0002.npy
Abóbora,Abóbora_Articulador1.mp4,ok,C:\KONECTA\OCR\dados_libras\dinamicos\Abóbora\public\public_0000.npy
Abóbora,Abóbora_Articulador2.mp4,ok,C:\KONECTA\OCR\dados_libras\dinamicos\Abóbora\public\public_0001.npy
Abóbora,Abóbora_Articulador3.mp4,ok,C:\KONECTA\OCR\dados_libras\dinamicos\Abóbora\public\public_0002.npy
Acabar,Acabar_Articulador1.mp4,ok,C:\KONECTA\OCR\dados_libras\dinamicos\Acabar\public\public_0000.npy
Acabar,Acabar_Articulador2.mp4,ok,C:\KONECTA\OCR\dados_libras\dinamicos\Acabar\public\public_0001.npy
Acabar,Acabar_Articulador3.mp4,ok,C:\KONECTA\OCR\dados_libras\dinamicos\Acabar\public\public_0002.npy
Academia,Academia_Articulador1.mp4,ok,C:\KONECTA\OCR\dados_libras\dinamicos\Academia\public\public_0000.npy
Academia,Academia_Articulador2.mp4,ok,C:\KONECTA\OCR\dados_libras\dinamicos\Academia\public\public_0001.npy
Academia,Academia_Articulador3.mp4,ok,C:\KONECTA\OCR\dados_libras\dinamicos\Academia\public\public_0002.npy
Aceitar,Aceitar_Articulador1.mp4,ok,C:\KONECTA\OCR\dados_libras\dinamicos\Aceitar\public\public_0000.npy
Aceitar,Aceitar_Articulador2.mp4,ok,C:\KONECTA\OCR\dados_libras\dinamicos\Aceitar\public\public_0001.npy
Aceitar,Aceitar_Articulador3.mp4,ok,C:\KONECTA\OCR\dados_libras\dinamicos\Aceitar\public\public_0002.npy
Acenar,Acenar_Articulador1.mp4,ok,C:\KONECTA\OCR\dados_libras\dinamicos\Acenar\public\public_0000.npy
Acenar,Acenar_Articulador2.mp4,ok,C:\KONECTA\OCR\dados_libras\dinamicos\Acenar\public\public_0001.npy
Acenar,Acenar_Articulador3.mp4,ok,C:\KONECTA\OCR\dados_libras\dinamicos\Acenar\public\public_0002.npy
Acidente,Acidente_Articulador1.mp4,ok,C:\KONECTA\OCR\dados_libras\dinamicos\Acidente\public\public_0000.npy
Acidente,Acidente_Articulador2.mp4,ok,C:\KONECTA\OCR\dados_libras\dinamicos\Acidente\public\public_0001.npy
Acidente,Acidente_Articulador3.mp4,ok,C:\KONECTA\OCR\dados_libras\dinamicos\Acidente\public\public_0002.npy
Acima,Acima_Articulador1.mp4,ok,C:\KONECTA\OCR\dados_libras\dinamicos\Acima\public\public_0000.npy
Acima,Acima_Articulador2.mp4,ok,C:\KONECTA\OCR\dados_libras\dinamicos\Acima\public\public_0001.npy
Acima,Acima_Articulador3.mp4,ok,C:\KONECTA\OCR\dados_libras\dinamicos\Acima\public\public_0002.npy
Acompanhar,Acompanhar_Articulador1.mp4,ok,C:\KONECTA\OCR\dados_libras\dinamicos\Acompanhar\public\public_0000.npy
Acompanhar,Acompanhar_Articulador2.mp4,ok,C:\KONECTA\OCR\dados_libras\dinamicos\Acompanhar\public\public_0001.npy
Acompanhar,Acompanhar_Articulador3.mp4,ok,C:\KONECTA\OCR\dados_libras\dinamicos\Acompanhar\public\public_0002.npy
Aconselhar,Aconselhar_Articulador1.mp4,ok,C:\KONECTA\OCR\dados_libras\dinamicos\Aconselhar\public\public_0000.npy
Aconselhar,Aconselhar_Articulador2.mp4,ok,C:\KONECTA\OCR\dados_libras\dinamicos\Aconselhar\public\public_0001.npy
Aconselhar,Aconselhar_Articulador3.mp4,ok,C:\KONECTA\OCR\dados_libras\dinamicos\Aconselhar\public\public_0002.npy
Acontecer,Acontecer_Articulador1.mp4,ok,C:\KONECTA\OCR\dados_libras\dinamicos\Acontecer\public\public_0000.npy
Acontecer,Acontecer_Articulador2.mp4,ok,C:\KONECTA\OCR\dados_libras\dinamicos\Acontecer\public\public_0001.npy
Acontecer,Acontecer_Articulador3.mp4,ok,C:\KONECTA\OCR\dados_libras\dinamicos\Acontecer\public\public_0002.npy
Acordar (alarme),Acordar (alarme)_Articulador1.mp4,ok,C:\KONECTA\OCR\dados_libras\dinamicos\Acordar (alarme)\public\public_0000.npy
Acordar (alarme),Acordar (alarme)_Articulador2.mp4,ok,C:\KONECTA\OCR\dados_libras\dinamicos\Acordar (alarme)\public\public_0001.npy
Acordar (alarme),Acordar (alarme)_Articulador3.mp4,ok,C:\KONECTA\OCR\dados_libras\dinamicos\Acordar (alarme)\public\public_0002.npy
Acrescentar,Acrescentar_Articulador1.mp4,ok,C:\KONECTA\OCR\dados_libras\dinamicos\Acrescentar\public\public_0000.npy
Acrescentar,Acrescentar_Articulador2.mp4,ok,C:\KONECTA\OCR\dados_libras\dinamicos\Acrescentar\public\public_0001.npy
Acrescentar,Acrescentar_Articulador3.mp4,ok,C:\KONECTA\OCR\dados_libras\dinamicos\Acrescentar\public\public_0002.npy
Adaptar,Adaptar_Articulador1.mp4,ok,C:\KONECTA\OCR\dados_libras\dinamicos\Adaptar\public\public_0000.npy
Adaptar,Adaptar_Articulador2.mp4,ok,C:\KONECTA\OCR\dados_libras\dinamicos\Adaptar\public\public_0001.npy
Adaptar,Adaptar_Articulador3.mp4,ok,C:\KONECTA\OCR\dados_libras\dinamicos\Adaptar\public\public_0002.npy
Adiante,Adiante_Articulador1.mp4,ok,C:\KONECTA\OCR\dados_libras\dinamicos\Adiante\public\public_0000.npy
Adiante,Adiante_Articulador2.mp4,ok,C:\KONECTA\OCR\dados_libras\dinamicos\Adiante\public\public_0001.npy
Adiante,Adiante_Articulador3.mp4,ok,C:\KONECTA\OCR\dados_libras\dinamicos\Adiante\public\public_0002.npy
Adiar,Adiar_Articulador1.mp4,ok,C:\KONECTA\OCR\dados_libras\dinamicos\Adiar\public\public_0000.npy
Adiar,Adiar_Articulador2.mp4,ok,C:\KONECTA\OCR\dados_libras\dinamicos\Adiar\public\public_0001.npy
Adiar,Adiar_Articulador3.mp4,ok,C:\KONECTA\OCR\dados_libras\dinamicos\Adiar\public\public_0002.npy
Admitir,Admitir_Articulador1.mp4,ok,C:\KONECTA\OCR\dados_libras\dinamicos\Admitir\public\public_0000.npy
Admitir,Admitir_Articulador2.mp4,ok,C:\KONECTA\OCR\dados_libras\dinamicos\Admitir\public\public_0001.npy
Admitir,Admitir_Articulador3.mp4,ok,C:\KONECTA\OCR\dados_libras\dinamicos\Admitir\public\public_0002.npy
Adquirir,Adquirir_Articulador1.mp4,ok,C:\KONECTA\OCR\dados_libras\dinamicos\Adquirir\public\public_0000.npy
Adquirir,Adquirir_Articulador2.mp4,ok,C:\KONECTA\OCR\dados_libras\dinamicos\Adquirir\public\public_0001.npy
Adquirir,Adquirir_Articulador3.mp4,ok,C:\KONECTA\OCR\dados_libras\dinamicos\Adquirir\public\public_0002.npy
Adulto,Adulto_Articulador1.mp4,ok,C:\KONECTA\OCR\dados_libras\dinamicos\Adulto\public\public_0000.npy
Adulto,Adulto_Articulador2.mp4,ok,C:\KONECTA\OCR\dados_libras\dinamicos\Adulto\public\public_0001.npy
Adulto,Adulto_Articulador3.mp4,ok,C:\KONECTA\OCR\dados_libras\dinamicos\Adulto\public\public_0002.npy
Advertir,Advertir_Articulador1.mp4,ok,C:\KONECTA\OCR\dados_libras\dinamicos\Advertir\public\public_0000.npy
Advertir,Advertir_Articulador2.mp4,ok,C:\KONECTA\OCR\dados_libras\dinamicos\Advertir\public\public_0001.npy
Advertir,Advertir_Articulador3.mp4,ok,C:\KONECTA\OCR\dados_libras\dinamicos\Advertir\public\public_0002.npy
Afogar,Afogar_Articulador1.mp4,ok,C:\KONECTA\OCR\dados_libras\dinamicos\Afogar\public\public_0000.npy
Afogar,Afogar_Articulador2.mp4,ok,C:\KONECTA\OCR\dados_libras\dinamicos\Afogar\public\public_0001.npy
Afogar,Afogar_Articulador3.mp4,ok,C:\KONECTA\OCR\dados_libras\dinamicos\Afogar\public\public_0002.npy
Agarrar,Agarrar_Articulador1.mp4,ok,C:\KONECTA\OCR\dados_libras\dinamicos\Agarrar\public\public_0000.npy
Agarrar,Agarrar_Articulador2.mp4,ok,C:\KONECTA\OCR\dados_libras\dinamicos\Agarrar\public\public_0001.npy
Agarrar,Agarrar_Articulador3.mp4,ok,C:\KONECTA\OCR\dados_libras\dinamicos\Agarrar\public\public_0002.npy
Agasalho,Agasalho_Articulador1.mp4,ok,C:\KONECTA\OCR\dados_libras\dinamicos\Agasalho\public\public_0000.npy
Agasalho,Agasalho_Articulador2.mp4,ok,C:\KONECTA\OCR\dados_libras\dinamicos\Agasalho\public\public_0001.npy
Agasalho,Agasalho_Articulador3.mp4,ok,C:\KONECTA\OCR\dados_libras\dinamicos\Agasalho\public\public_0002.npy
Agir (fazer),Agir (fazer)_Articulador1.mp4,ok,C:\KONECTA\OCR\dados_libras\dinamicos\Agir (fazer)\public\public_0000.npy
Agir (fazer),Agir (fazer)_Articulador2.mp4,ok,C:\KONECTA\OCR\dados_libras\dinamicos\Agir (fazer)\public\public_0001.npy
Agir (fazer),Agir (fazer)_Articulador3.mp4,ok,C:\KONECTA\OCR\dados_libras\dinamicos\Agir (fazer)\public\public_0002.npy
Agitar,Agitar_Articulador1.mp4,ok,C:\KONECTA\OCR\dados_libras\dinamicos\Agitar\public\public_0000.npy
Agitar,Agitar_Articulador2.mp4,ok,C:\KONECTA\OCR\dados_libras\dinamicos\Agitar\public\public_0001.npy
Agitar,Agitar_Articulador3.mp4,ok,C:\KONECTA\OCR\dados_libras\dinamicos\Agitar\public\public_0002.npy
Agora,Agora_Articulador1.mp4,ok,C:\KONECTA\OCR\dados_libras\dinamicos\Agora\public\public_0000.npy
Agora,Agora_Articulador2.mp4,ok,C:\KONECTA\OCR\dados_libras\dinamicos\Agora\public\public_0001.npy
Agora,Agora_Articulador3.mp4,ok,C:\KONECTA\OCR\dados_libras\dinamicos\Agora\public\public_0002.npy
Agradável,Agradável_Articulador1.mp4,ok,C:\KONECTA\OCR\dados_libras\dinamicos\Agradável\public\public_0000.npy
Agradável,Agradável_Articulador2.mp4,ok,C:\KONECTA\OCR\dados_libras\dinamicos\Agradável\public\public_0001.npy
Agradável,Agradável_Articulador3.mp4,ok,C:\KONECTA\OCR\dados_libras\dinamicos\Agradável\public\public_0002.npy
Agressivo,Agressivo_Articulador1.mp4,ok,C:\KONECTA\OCR\dados_libras\dinamicos\Agressivo\public\public_0000.npy
Agressivo,Agressivo_Articulador2.mp4,ok,C:\KONECTA\OCR\dados_libras\dinamicos\Agressivo\public\public_0001.npy
Agressivo,Agressivo_Articulador3.mp4,ok,C:\KONECTA\OCR\dados_libras\dinamicos\Agressivo\public\public_0002.npy
Ainda,Ainda_Articulador1.mp4,ok,C:\KONECTA\OCR\dados_libras\dinamicos\Ainda\public\public_0000.npy
Ainda,Ainda_Articulador2.mp4,ok,C:\KONECTA\OCR\dados_libras\dinamicos\Ainda\public\public_0001.npy
Ainda,Ainda_Articulador3.mp4,ok,C:\KONECTA\OCR\dados_libras\dinamicos\Ainda\public\public_0002.npy
Ajoelhar,Ajoelhar_Articulador1.mp4,ok,C:\KONECTA\OCR\dados_libras\dinamicos\Ajoelhar\public\public_0000.npy
Ajoelhar,Ajoelhar_Articulador2.mp4,ok,C:\KONECTA\OCR\dados_libras\dinamicos\Ajoelhar\public\public_0001.npy
Ajoelhar,Ajoelhar_Articulador3.mp4,ok,C:\KONECTA\OCR\dados_libras\dinamicos\Ajoelhar\public\public_0002.npy
Ajudar,Ajudar_Articulador1.mp4,ok,C:\KONECTA\OCR\dados_libras\dinamicos\Ajudar\public\public_0000.npy
Ajudar,Ajudar_Articulador2.mp4,ok,C:\KONECTA\OCR\dados_libras\dinamicos\Ajudar\public\public_0001.npy
Ajudar,Ajudar_Articulador3.mp4,ok,C:\KONECTA\OCR\dados_libras\dinamicos\Ajudar\public\public_0002.npy
Alarme,Alarme_Articulador1.mp4,ok,C:\KONECTA\OCR\dados_libras\dinamicos\Alarme\public\public_0000.npy
Alarme,Alarme_Articulador2.mp4,ok,C:\KONECTA\OCR\dados_libras\dinamicos\Alarme\public\public_0001.npy
Alarme,Alarme_Articulador3.mp4,ok,C:\KONECTA\OCR\dados_libras\dinamicos\Alarme\public\public_0002.npy
Alce,Alce_Articulador1.mp4,ok,C:\KONECTA\OCR\dados_libras\dinamicos\Alce\public\public_0000.npy
Alce,Alce_Articulador2.mp4,ok,C:\KONECTA\OCR\dados_libras\dinamicos\Alce\public\public_0001.npy
Alce,Alce_Articulador3.mp4,ok,C:\KONECTA\OCR\dados_libras\dinamicos\Alce\public\public_0002.npy
Alfinete,Alfinete_Articulador1.mp4,ok,C:\KONECTA\OCR\dados_libras\dinamicos\Alfinete\public\public_0000.npy
Alfinete,Alfinete_Articulador2.mp4,ok,C:\KONECTA\OCR\dados_libras\dinamicos\Alfinete\public\public_0001.npy
Alfinete,Alfinete_Articulador3.mp4,ok,C:\KONECTA\OCR\dados_libras\dinamicos\Alfinete\public\public_0002.npy
Algo,Algo_Articulador1.mp4,ok,C:\KONECTA\OCR\dados_libras\dinamicos\Algo\public\public_0000.npy
Algo,Algo_Articulador2.mp4,ok,C:\KONECTA\OCR\dados_libras\dinamicos\Algo\public\public_0001.npy
Algo,Algo_Articulador3.mp4,ok,C:\KONECTA\OCR\dados_libras\dinamicos\Algo\public\public_0002.npy
Alguns,Alguns_Articulador1.mp4,ok,C:\KONECTA\OCR\dados_libras\dinamicos\Alguns\public\public_0000.npy
Alguns,Alguns_Articulador2.mp4,ok,C:\KONECTA\OCR\dados_libras\dinamicos\Alguns\public\public_0001.npy
Alguns,Alguns_Articulador3.mp4,ok,C:\KONECTA\OCR\dados_libras\dinamicos\Alguns\public\public_0002.npy
Alimentação,Alimentação_Articulador1.mp4,ok,C:\KONECTA\OCR\dados_libras\dinamicos\Alimentação\public\public_0000.npy
Alimentação,Alimentação_Articulador2.mp4,ok,C:\KONECTA\OCR\dados_libras\dinamicos\Alimentação\public\public_0001.npy
Alimentação,Alimentação_Articulador3.mp4,ok,C:\KONECTA\OCR\dados_libras\dinamicos\Alimentação\public\public_0002.npy
Almofada,Almofada_Articulador1.mp4,ok,C:\KONECTA\OCR\dados_libras\dinamicos\Almofada\public\public_0000.npy
Almofada,Almofada_Articulador2.mp4,ok,C:\KONECTA\OCR\dados_libras\dinamicos\Almofada\public\public_0001.npy
Almofada,Almofada_Articulador3.mp4,ok,C:\KONECTA\OCR\dados_libras\dinamicos\Almofada\public\public_0002.npy
Almoço,Almoço_Articulador1.mp4,ok,C:\KONECTA\OCR\dados_libras\dinamicos\Almoço\public\public_0000.npy
Almoço,Almoço_Articulador2.mp4,ok,C:\KONECTA\OCR\dados_libras\dinamicos\Almoço\public\public_0001.npy
Almoço,Almoço_Articulador3.mp4,ok,C:\KONECTA\OCR\dados_libras\dinamicos\Almoço\public\public_0002.npy
Alto,Alto_Articulador1.mp4,ok,C:\KONECTA\OCR\dados_libras\dinamicos\Alto\public\public_0000.npy
Alto,Alto_Articulador2.mp4,ok,C:\KONECTA\OCR\dados_libras\dinamicos\Alto\public\public_0001.npy
Alto,Alto_Articulador3.mp4,ok,C:\KONECTA\OCR\dados_libras\dinamicos\Alto\public\public_0002.npy
Altura,Altura_Articulador1.mp4,ok,C:\KONECTA\OCR\dados_libras\dinamicos\Altura\public\public_0000.npy
Altura,Altura_Articulador2.mp4,ok,C:\KONECTA\OCR\dados_libras\dinamicos\Altura\public\public_0001.npy
Altura,Altura_Articulador3.mp4,ok,C:\KONECTA\OCR\dados_libras\dinamicos\Altura\public\public_0002.npy
Aluno do Segundo Ano do Ensino Médio,Aluno do Segundo Ano do Ensino Médio_Articulador1.mp4,ok,C:\KONECTA\OCR\dados_libras\dinamicos\Aluno do Segundo Ano do Ensino Médio\public\public_0000.npy
Aluno do Segundo Ano do Ensino Médio,Aluno do Segundo Ano do Ensino Médio_Articulador2.mp4,ok,C:\KONECTA\OCR\dados_libras\dinamicos\Aluno do Segundo Ano do Ensino Médio\public\public_0001.npy
Aluno do Segundo Ano do Ensino Médio,Aluno do Segundo Ano do Ensino Médio_Articulador3.mp4,ok,C:\KONECTA\OCR\dados_libras\dinamicos\Aluno do Segundo Ano do Ensino Médio\public\public_0002.npy
Amanhã,Amanhã_Articulador1.mp4,ok,C:\KONECTA\OCR\dados_libras\dinamicos\Amanhã\public\public_0000.npy
Amanhã,Amanhã_Articulador2.mp4,ok,C:\KONECTA\OCR\dados_libras\dinamicos\Amanhã\public\public_0001.npy
Amanhã,Amanhã_Articulador3.mp4,ok,C:\KONECTA\OCR\dados_libras\dinamicos\Amanhã\public\public_0002.npy
Amarelo,Amarelo_Articulador1.mp4,ok,C:\KONECTA\OCR\dados_libras\dinamicos\Amarelo\public\public_0000.npy
Amarelo,Amarelo_Articulador2.mp4,ok,C:\KONECTA\OCR\dados_libras\dinamicos\Amarelo\public\public_0001.npy
Amarelo,Amarelo_Articulador3.mp4,ok,C:\KONECTA\OCR\dados_libras\dinamicos\Amarelo\public\public_0002.npy
Amargo,Amargo_Articulador1.mp4,ok,C:\KONECTA\OCR\dados_libras\dinamicos\Amargo\public\public_0000.npy
Amargo,Amargo_Articulador2.mp4,ok,C:\KONECTA\OCR\dados_libras\dinamicos\Amargo\public\public_0001.npy
Amargo,Amargo_Articulador3.mp4,ok,C:\KONECTA\OCR\dados_libras\dinamicos\Amargo\public\public_0002.npy
Ambiente,Ambiente_Articulador1.mp4,ok,C:\KONECTA\OCR\dados_libras\dinamicos\Ambiente\public\public_0000.npy
Ambiente,Ambiente_Articulador2.mp4,ok,C:\KONECTA\OCR\dados_libras\dinamicos\Ambiente\public\public_0001.npy
Ambiente,Ambiente_Articulador3.mp4,ok,C:\KONECTA\OCR\dados_libras\dinamicos\Ambiente\public\public_0002.npy
Ambos,Ambos_Articulador1.mp4,ok,C:\KONECTA\OCR\dados_libras\dinamicos\Ambos\public\public_0000.npy
Ambos,Ambos_Articulador2.mp4,ok,C:\KONECTA\OCR\dados_libras\dinamicos\Ambos\public\public_0001.npy
Ambos,Ambos_Articulador3.mp4,ok,C:\KONECTA\OCR\dados_libras\dinamicos\Ambos\public\public_0002.npy
Amigo,Amigo_Articulador1.mp4,ok,C:\KONECTA\OCR\dados_libras\dinamicos\Amigo\public\public_0000.npy
Amigo,Amigo_Articulador2.mp4,ok,C:\KONECTA\OCR\dados_libras\dinamicos\Amigo\public\public_0001.npy
Amigo,Amigo_Articulador3.mp4,ok,C:\KONECTA\OCR\dados_libras\dinamicos\Amigo\public\public_0002.npy
Amigável,Amigável_Articulador1.mp4,ok,C:\KONECTA\OCR\dados_libras\dinamicos\Amigável\public\public_0000.npy
Amigável,Amigável_Articulador2.mp4,ok,C:\KONECTA\OCR\dados_libras\dinamicos\Amigável\public\public_0001.npy
Amigável,Amigável_Articulador3.mp4,ok,C:\KONECTA\OCR\dados_libras\dinamicos\Amigável\public\public_0002.npy
Analisar,Analisar_Articulador1.mp4,ok,C:\KONECTA\OCR\dados_libras\dinamicos\Analisar\public\public_0000.npy
Analisar,Analisar_Articulador2.mp4,ok,C:\KONECTA\OCR\dados_libras\dinamicos\Analisar\public\public_0001.npy
Analisar,Analisar_Articulador3.mp4,ok,C:\KONECTA\OCR\dados_libras\dinamicos\Analisar\public\public_0002.npy
Andorinha,Andorinha_Articulador1.mp4,ok,C:\KONECTA\OCR\dados_libras\dinamicos\Andorinha\public\public_0000.npy
Andorinha,Andorinha_Articulador2.mp4,ok,C:\KONECTA\OCR\dados_libras\dinamicos\Andorinha\public\public_0001.npy
Andorinha,Andorinha_Articulador3.mp4,ok,C:\KONECTA\OCR\dados_libras\dinamicos\Andorinha\public\public_0002.npy
Angustiado,Angustiado_Articulador1.mp4,ok,C:\KONECTA\OCR\dados_libras\dinamicos\Angustiado\public\public_0000.npy
Angustiado,Angustiado_Articulador2.mp4,ok,C:\KONECTA\OCR\dados_libras\dinamicos\Angustiado\public\public_0001.npy
Angustiado,Angustiado_Articulador3.mp4,ok,C:\KONECTA\OCR\dados_libras\dinamicos\Angustiado\public\public_0002.npy
Animado,Animado_Articulador1.mp4,ok,C:\KONECTA\OCR\dados_libras\dinamicos\Animado\public\public_0000.npy
Animado,Animado_Articulador2.mp4,ok,C:\KONECTA\OCR\dados_libras\dinamicos\Animado\public\public_0001.npy
Animado,Animado_Articulador3.mp4,ok,C:\KONECTA\OCR\dados_libras\dinamicos\Animado\public\public_0002.npy
Animal,Animal_Articulador1.mp4,ok,C:\KONECTA\OCR\dados_libras\dinamicos\Animal\public\public_0000.npy
Animal,Animal_Articulador2.mp4,ok,C:\KONECTA\OCR\dados_libras\dinamicos\Animal\public\public_0001.npy
Animal,Animal_Articulador3.mp4,ok,C:\KONECTA\OCR\dados_libras\dinamicos\Animal\public\public_0002.npy
Animal mimado,Animal mimado_Articulador1.mp4,ok,C:\KONECTA\OCR\dados_libras\dinamicos\Animal mimado\public\public_0000.npy
Animal mimado,Animal mimado_Articulador2.mp4,ok,C:\KONECTA\OCR\dados_libras\dinamicos\Animal mimado\public\public_0001.npy
Animal mimado,Animal mimado_Articulador3.mp4,ok,C:\KONECTA\OCR\dados_libras\dinamicos\Animal mimado\public\public_0002.npy
Aniversário,Aniversário_Articulador1.mp4,ok,C:\KONECTA\OCR\dados_libras\dinamicos\Aniversário\public\public_0000.npy
Aniversário,Aniversário_Articulador2.mp4,ok,C:\KONECTA\OCR\dados_libras\dinamicos\Aniversário\public\public_0001.npy
Aniversário,Aniversário_Articulador3.mp4,ok,C:\KONECTA\OCR\dados_libras\dinamicos\Aniversário\public\public_0002.npy
Anjo,Anjo_Articulador1.mp4,ok,C:\KONECTA\OCR\dados_libras\dinamicos\Anjo\public\public_0000.npy
Anjo,Anjo_Articulador2.mp4,ok,C:\KONECTA\OCR\dados_libras\dinamicos\Anjo\public\public_0001.npy
Anjo,Anjo_Articulador3.mp4,ok,C:\KONECTA\OCR\dados_libras\dinamicos\Anjo\public\public_0002.npy
Ano,Ano_Articulador1.mp4,ok,C:\KONECTA\OCR\dados_libras\dinamicos\Ano\public\public_0000.npy
Ano,Ano_Articulador2.mp4,ok,C:\KONECTA\OCR\dados_libras\dinamicos\Ano\public\public_0001.npy
Ano,Ano_Articulador3.mp4,ok,C:\KONECTA\OCR\dados_libras\dinamicos\Ano\public\public_0002.npy
Antecipar,Antecipar_Articulador1.mp4,ok,C:\KONECTA\OCR\dados_libras\dinamicos\Antecipar\public\public_0000.npy
Antecipar,Antecipar_Articulador2.mp4,ok,C:\KONECTA\OCR\dados_libras\dinamicos\Antecipar\public\public_0001.npy
Antecipar,Antecipar_Articulador3.mp4,ok,C:\KONECTA\OCR\dados_libras\dinamicos\Antecipar\public\public_0002.npy
Anteriormente,Anteriormente_Articulador1.mp4,ok,C:\KONECTA\OCR\dados_libras\dinamicos\Anteriormente\public\public_0000.npy
Anteriormente,Anteriormente_Articulador2.mp4,ok,C:\KONECTA\OCR\dados_libras\dinamicos\Anteriormente\public\public_0001.npy
Anteriormente,Anteriormente_Articulador3.mp4,ok,C:\KONECTA\OCR\dados_libras\dinamicos\Anteriormente\public\public_0002.npy
Antes,Antes_Articulador1.mp4,ok,C:\KONECTA\OCR\dados_libras\dinamicos\Antes\public\public_0000.npy
Antes,Antes_Articulador2.mp4,ok,C:\KONECTA\OCR\dados_libras\dinamicos\Antes\public\public_0001.npy
Antes,Antes_Articulador3.mp4,ok,C:\KONECTA\OCR\dados_libras\dinamicos\Antes\public\public_0002.npy
Anunciar,Anunciar_Articulador1.mp4,ok,C:\KONECTA\OCR\dados_libras\dinamicos\Anunciar\public\public_0000.npy
Anunciar,Anunciar_Articulador2.mp4,ok,C:\KONECTA\OCR\dados_libras\dinamicos\Anunciar\public\public_0001.npy
Anunciar,Anunciar_Articulador3.mp4,ok,C:\KONECTA\OCR\dados_libras\dinamicos\Anunciar\public\public_0002.npy
Ao redor,Ao redor_Articulador1.mp4,ok,C:\KONECTA\OCR\dados_libras\dinamicos\Ao redor\public\public_0000.npy
Ao redor,Ao redor_Articulador2.mp4,ok,C:\KONECTA\OCR\dados_libras\dinamicos\Ao redor\public\public_0001.npy
Ao redor,Ao redor_Articulador3.mp4,ok,C:\KONECTA\OCR\dados_libras\dinamicos\Ao redor\public\public_0002.npy
Apagar,Apagar_Articulador1.mp4,ok,C:\KONECTA\OCR\dados_libras\dinamicos\Apagar\public\public_0000.npy
Apagar,Apagar_Articulador2.mp4,ok,C:\KONECTA\OCR\dados_libras\dinamicos\Apagar\public\public_0001.npy
Apagar,Apagar_Articulador3.mp4,ok,C:\KONECTA\OCR\dados_libras\dinamicos\Apagar\public\public_0002.npy
Apagar o quadro,Apagar o quadro_Articulador1.mp4,ok,C:\KONECTA\OCR\dados_libras\dinamicos\Apagar o quadro\public\public_0000.npy
Apagar o quadro,Apagar o quadro_Articulador2.mp4,ok,C:\KONECTA\OCR\dados_libras\dinamicos\Apagar o quadro\public\public_0001.npy
Apagar o quadro,Apagar o quadro_Articulador3.mp4,ok,C:\KONECTA\OCR\dados_libras\dinamicos\Apagar o quadro\public\public_0002.npy
Apaixonar-se,Apaixonar-se_Articulador1.mp4,ok,C:\KONECTA\OCR\dados_libras\dinamicos\Apaixonar-se\public\public_0000.npy
Apaixonar-se,Apaixonar-se_Articulador2.mp4,ok,C:\KONECTA\OCR\dados_libras\dinamicos\Apaixonar-se\public\public_0001.npy
Apaixonar-se,Apaixonar-se_Articulador3.mp4,ok,C:\KONECTA\OCR\dados_libras\dinamicos\Apaixonar-se\public\public_0002.npy
Aparelho auditivo,Aparelho auditivo_Articulador1.mp4,ok,C:\KONECTA\OCR\dados_libras\dinamicos\Aparelho auditivo\public\public_0000.npy
Aparelho auditivo,Aparelho auditivo_Articulador2.mp4,ok,C:\KONECTA\OCR\dados_libras\dinamicos\Aparelho auditivo\public\public_0001.npy
Aparelho auditivo,Aparelho auditivo_Articulador3.mp4,ok,C:\KONECTA\OCR\dados_libras\dinamicos\Aparelho auditivo\public\public_0002.npy
Apito,Apito_Articulador1.mp4,ok,C:\KONECTA\OCR\dados_libras\dinamicos\Apito\public\public_0000.npy
Apito,Apito_Articulador2.mp4,ok,C:\KONECTA\OCR\dados_libras\dinamicos\Apito\public\public_0001.npy
Apito,Apito_Articulador3.mp4,ok,C:\KONECTA\OCR\dados_libras\dinamicos\Apito\public\public_0002.npy
Aplauso,Aplauso_Articulador1.mp4,ok,C:\KONECTA\OCR\dados_libras\dinamicos\Aplauso\public\public_0000.npy
Aplauso,Aplauso_Articulador2.mp4,ok,C:\KONECTA\OCR\dados_libras\dinamicos\Aplauso\public\public_0001.npy
Aplauso,Aplauso_Articulador3.mp4,ok,C:\KONECTA\OCR\dados_libras\dinamicos\Aplauso\public\public_0002.npy
Apoio,Apoio_Articulador1.mp4,ok,C:\KONECTA\OCR\dados_libras\dinamicos\Apoio\public\public_0000.npy
Apoio,Apoio_Articulador2.mp4,ok,C:\KONECTA\OCR\dados_libras\dinamicos\Apoio\public\public_0001.npy
Apoio,Apoio_Articulador3.mp4,ok,C:\KONECTA\OCR\dados_libras\dinamicos\Apoio\public\public_0002.npy
Apontar para,Apontar para_Articulador1.mp4,ok,C:\KONECTA\OCR\dados_libras\dinamicos\Apontar para\public\public_0000.npy
Apontar para,Apontar para_Articulador2.mp4,ok,C:\KONECTA\OCR\dados_libras\dinamicos\Apontar para\public\public_0001.npy
Apontar para,Apontar para_Articulador3.mp4,ok,C:\KONECTA\OCR\dados_libras\dinamicos\Apontar para\public\public_0002.npy
Aposto,Aposto_Articulador1.mp4,ok,C:\KONECTA\OCR\dados_libras\dinamicos\Aposto\public\public_0000.npy
Aposto,Aposto_Articulador2.mp4,ok,C:\KONECTA\OCR\dados_libras\dinamicos\Aposto\public\public_0001.npy
Aposto,Aposto_Articulador3.mp4,ok,C:\KONECTA\OCR\dados_libras\dinamicos\Aposto\public\public_0002.npy
Aprender,Aprender_Articulador1.mp4,ok,C:\KONECTA\OCR\dados_libras\dinamicos\Aprender\public\public_0000.npy
Aprender,Aprender_Articulador2.mp4,ok,C:\KONECTA\OCR\dados_libras\dinamicos\Aprender\public\public_0001.npy
Aprender,Aprender_Articulador3.mp4,ok,C:\KONECTA\OCR\dados_libras\dinamicos\Aprender\public\public_0002.npy
Aprovar,Aprovar_Articulador1.mp4,ok,C:\KONECTA\OCR\dados_libras\dinamicos\Aprovar\public\public_0000.npy
Aprovar,Aprovar_Articulador2.mp4,ok,C:\KONECTA\OCR\dados_libras\dinamicos\Aprovar\public\public_0001.npy
Aprovar,Aprovar_Articulador3.mp4,ok,C:\KONECTA\OCR\dados_libras\dinamicos\Aprovar\public\public_0002.npy
Aqui,Aqui_Articulador1.mp4,ok,C:\KONECTA\OCR\dados_libras\dinamicos\Aqui\public\public_0000.npy
Aqui,Aqui_Articulador2.mp4,ok,C:\KONECTA\OCR\dados_libras\dinamicos\Aqui\public\public_0001.npy
Aqui,Aqui_Articulador3.mp4,ok,C:\KONECTA\OCR\dados_libras\dinamicos\Aqui\public\public_0002.npy
Ar,Ar_Articulador1.mp4,ok,C:\KONECTA\OCR\dados_libras\dinamicos\Ar\public\public_0000.npy
Ar,Ar_Articulador2.mp4,ok,C:\KONECTA\OCR\dados_libras\dinamicos\Ar\public\public_0001.npy
Ar,Ar_Articulador3.mp4,ok,C:\KONECTA\OCR\dados_libras\dinamicos\Ar\public\public_0002.npy
Aranha,Aranha_Articulador1.mp4,ok,C:\KONECTA\OCR\dados_libras\dinamicos\Aranha\public\public_0000.npy
Aranha,Aranha_Articulador2.mp4,ok,C:\KONECTA\OCR\dados_libras\dinamicos\Aranha\public\public_0001.npy
Aranha,Aranha_Articulador3.mp4,ok,C:\KONECTA\OCR\dados_libras\dinamicos\Aranha\public\public_0002.npy
Argumentar,Argumentar_Articulador1.mp4,ok,C:\KONECTA\OCR\dados_libras\dinamicos\Argumentar\public\public_0000.npy
Argumentar,Argumentar_Articulador2.mp4,ok,C:\KONECTA\OCR\dados_libras\dinamicos\Argumentar\public\public_0001.npy
Argumentar,Argumentar_Articulador3.mp4,ok,C:\KONECTA\OCR\dados_libras\dinamicos\Argumentar\public\public_0002.npy
Arma de fogo,Arma de fogo_Articulador1.mp4,ok,C:\KONECTA\OCR\dados_libras\dinamicos\Arma de fogo\public\public_0000.npy
Arma de fogo,Arma de fogo_Articulador2.mp4,ok,C:\KONECTA\OCR\dados_libras\dinamicos\Arma de fogo\public\public_0001.npy
Arma de fogo,Arma de fogo_Articulador3.mp4,ok,C:\KONECTA\OCR\dados_libras\dinamicos\Arma de fogo\public\public_0002.npy
Armazenado,Armazenado_Articulador1.mp4,ok,C:\KONECTA\OCR\dados_libras\dinamicos\Armazenado\public\public_0000.npy
Armazenado,Armazenado_Articulador2.mp4,ok,C:\KONECTA\OCR\dados_libras\dinamicos\Armazenado\public\public_0001.npy
Armazenado,Armazenado_Articulador3.mp4,ok,C:\KONECTA\OCR\dados_libras\dinamicos\Armazenado\public\public_0002.npy
Armário,Armário_Articulador1.mp4,ok,C:\KONECTA\OCR\dados_libras\dinamicos\Armário\public\public_0000.npy
Armário,Armário_Articulador2.mp4,ok,C:\KONECTA\OCR\dados_libras\dinamicos\Armário\public\public_0001.npy
Armário,Armário_Articulador3.mp4,ok,C:\KONECTA\OCR\dados_libras\dinamicos\Armário\public\public_0002.npy
Arquivo,Arquivo_Articulador1.mp4,ok,C:\KONECTA\OCR\dados_libras\dinamicos\Arquivo\public\public_0000.npy
Arquivo,Arquivo_Articulador2.mp4,ok,C:\KONECTA\OCR\dados_libras\dinamicos\Arquivo\public\public_0001.npy
Arquivo,Arquivo_Articulador3.mp4,ok,C:\KONECTA\OCR\dados_libras\dinamicos\Arquivo\public\public_0002.npy
Arrepios,Arrepios_Articulador1.mp4,ok,C:\KONECTA\OCR\dados_libras\dinamicos\Arrepios\public\public_0000.npy
Arrepios,Arrepios_Articulador2.mp4,ok,C:\KONECTA\OCR\dados_libras\dinamicos\Arrepios\public\public_0001.npy
Arrepios,Arrepios_Articulador3.mp4,ok,C:\KONECTA\OCR\dados_libras\dinamicos\Arrepios\public\public_0002.npy
Arte,Arte_Articulador1.mp4,ok,C:\KONECTA\OCR\dados_libras\dinamicos\Arte\public\public_0000.npy
Arte,Arte_Articulador2.mp4,ok,C:\KONECTA\OCR\dados_libras\dinamicos\Arte\public\public_0001.npy
Arte,Arte_Articulador3.mp4,ok,C:\KONECTA\OCR\dados_libras\dinamicos\Arte\public\public_0002.npy
Artigo,Artigo_Articulador1.mp4,ok,C:\KONECTA\OCR\dados_libras\dinamicos\Artigo\public\public_0000.npy
Artigo,Artigo_Articulador2.mp4,ok,C:\KONECTA\OCR\dados_libras\dinamicos\Artigo\public\public_0001.npy
Artigo,Artigo_Articulador3.mp4,ok,C:\KONECTA\OCR\dados_libras\dinamicos\Artigo\public\public_0002.npy
Asno,Asno_Articulador1.mp4,ok,C:\KONECTA\OCR\dados_libras\dinamicos\Asno\public\public_0000.npy
Asno,Asno_Articulador2.mp4,ok,C:\KONECTA\OCR\dados_libras\dinamicos\Asno\public\public_0001.npy
Asno,Asno_Articulador3.mp4,ok,C:\KONECTA\OCR\dados_libras\dinamicos\Asno\public\public_0002.npy
Aspirar,Aspirar_Articulador1.mp4,ok,C:\KONECTA\OCR\dados_libras\dinamicos\Aspirar\public\public_0000.npy
Aspirar,Aspirar_Articulador2.mp4,ok,C:\KONECTA\OCR\dados_libras\dinamicos\Aspirar\public\public_0001.npy
Aspirar,Aspirar_Articulador3.mp4,ok,C:\KONECTA\OCR\dados_libras\dinamicos\Aspirar\public\public_0002.npy
Assalto,Assalto_Articulador1.mp4,ok,C:\KONECTA\OCR\dados_libras\dinamicos\Assalto\public\public_0000.npy
Assalto,Assalto_Articulador2.mp4,ok,C:\KONECTA\OCR\dados_libras\dinamicos\Assalto\public\public_0001.npy
Assalto,Assalto_Articulador3.mp4,ok,C:\KONECTA\OCR\dados_libras\dinamicos\Assalto\public\public_0002.npy
Assim,Assim_Articulador1.mp4,ok,C:\KONECTA\OCR\dados_libras\dinamicos\Assim\public\public_0000.npy
Assim,Assim_Articulador2.mp4,ok,C:\KONECTA\OCR\dados_libras\dinamicos\Assim\public\public_0001.npy
Assim,Assim_Articulador3.mp4,ok,C:\KONECTA\OCR\dados_libras\dinamicos\Assim\public\public_0002.npy
Assinatura,Assinatura_Articulador1.mp4,ok,C:\KONECTA\OCR\dados_libras\dinamicos\Assinatura\public\public_0000.npy
Assinatura,Assinatura_Articulador2.mp4,ok,C:\KONECTA\OCR\dados_libras\dinamicos\Assinatura\public\public_0001.npy
Assinatura,Assinatura_Articulador3.mp4,ok,C:\KONECTA\OCR\dados_libras\dinamicos\Assinatura\public\public_0002.npy
Assistir,Assistir_Articulador1.mp4,ok,C:\KONECTA\OCR\dados_libras\dinamicos\Assistir\public\public_0000.npy
Assistir,Assistir_Articulador2.mp4,ok,C:\KONECTA\OCR\dados_libras\dinamicos\Assistir\public\public_0001.npy
Assistir,Assistir_Articulador3.mp4,ok,C:\KONECTA\OCR\dados_libras\dinamicos\Assistir\public\public_0002.npy
Associação,Associação_Articulador1.mp4,ok,C:\KONECTA\OCR\dados_libras\dinamicos\Associação\public\public_0000.npy
Associação,Associação_Articulador2.mp4,ok,C:\KONECTA\OCR\dados_libras\dinamicos\Associação\public\public_0001.npy
Associação,Associação_Articulador3.mp4,ok,C:\KONECTA\OCR\dados_libras\dinamicos\Associação\public\public_0002.npy
Assumir,Assumir_Articulador1.mp4,ok,C:\KONECTA\OCR\dados_libras\dinamicos\Assumir\public\public_0000.npy
Assumir,Assumir_Articulador2.mp4,ok,C:\KONECTA\OCR\dados_libras\dinamicos\Assumir\public\public_0001.npy
Assumir,Assumir_Articulador3.mp4,ok,C:\KONECTA\OCR\dados_libras\dinamicos\Assumir\public\public_0002.npy
Atitude,Atitude_Articulador1.mp4,ok,C:\KONECTA\OCR\dados_libras\dinamicos\Atitude\public\public_0000.npy
Atitude,Atitude_Articulador2.mp4,ok,C:\KONECTA\OCR\dados_libras\dinamicos\Atitude\public\public_0001.npy
Atitude,Atitude_Articulador3.mp4,ok,C:\KONECTA\OCR\dados_libras\dinamicos\Atitude\public\public_0002.npy
Atividade,Atividade_Articulador1.mp4,ok,C:\KONECTA\OCR\dados_libras\dinamicos\Atividade\public\public_0000.npy
Atividade,Atividade_Articulador2.mp4,ok,C:\KONECTA\OCR\dados_libras\dinamicos\Atividade\public\public_0001.npy
Atividade,Atividade_Articulador3.mp4,ok,C:\KONECTA\OCR\dados_libras\dinamicos\Atividade\public\public_0002.npy
Ato de remar,Ato de remar_Articulador1.mp4,ok,C:\KONECTA\OCR\dados_libras\dinamicos\Ato de remar\public\public_0000.npy
Ato de remar,Ato de remar_Articulador2.mp4,ok,C:\KONECTA\OCR\dados_libras\dinamicos\Ato de remar\public\public_0001.npy
Ato de remar,Ato de remar_Articulador3.mp4,ok,C:\KONECTA\OCR\dados_libras\dinamicos\Ato de remar\public\public_0002.npy
Através,Através_Articulador1.mp4,ok,C:\KONECTA\OCR\dados_libras\dinamicos\Através\public\public_0000.npy
Através,Através_Articulador3.mp4,ok,C:\KONECTA\OCR\dados_libras\dinamicos\Através\public\public_0001.npy
Atrás,Atrás_Articulador1.mp4,ok,C:\KONECTA\OCR\dados_libras\dinamicos\Atrás\public\public_0000.npy
Atrás,Atrás_Articulador2.mp4,ok,C:\KONECTA\OCR\dados_libras\dinamicos\Atrás\public\public_0001.npy
Atrás,Atrás_Articulador3.mp4,ok,C:\KONECTA\OCR\dados_libras\dinamicos\Atrás\public\public_0002.npy
Até agora,Até agora_Articulador1.mp4,ok,C:\KONECTA\OCR\dados_libras\dinamicos\Até agora\public\public_0000.npy
Até agora,Até agora_Articulador2.mp4,ok,C:\KONECTA\OCR\dados_libras\dinamicos\Até agora\public\public_0001.npy
Até agora,Até agora_Articulador3.mp4,ok,C:\KONECTA\OCR\dados_libras\dinamicos\Até agora\public\public_0002.npy
Atônito,Atônito_Articulador1.mp4,ok,C:\KONECTA\OCR\dados_libras\dinamicos\Atônito\public\public_0000.npy
Atônito,Atônito_Articulador2.mp4,ok,C:\KONECTA\OCR\dados_libras\dinamicos\Atônito\public\public_0001.npy
Atônito,Atônito_Articulador3.mp4,ok,C:\KONECTA\OCR\dados_libras\dinamicos\Atônito\public\public_0002.npy
Audiência,Audiência_Articulador1.mp4,ok,C:\KONECTA\OCR\dados_libras\dinamicos\Audiência\public\public_0000.npy
Audiência,Audiência_Articulador2.mp4,ok,C:\KONECTA\OCR\dados_libras\dinamicos\Audiência\public\public_0001.npy
Audiência,Audiência_Articulador3.mp4,ok,C:\KONECTA\OCR\dados_libras\dinamicos\Audiência\public\public_0002.npy
Aumentar,Aumentar_Articulador1.mp4,ok,C:\KONECTA\OCR\dados_libras\dinamicos\Aumentar\public\public_0000.npy
Aumentar,Aumentar_Articulador2.mp4,ok,C:\KONECTA\OCR\dados_libras\dinamicos\Aumentar\public\public_0001.npy
Aumentar,Aumentar_Articulador3.mp4,ok,C:\KONECTA\OCR\dados_libras\dinamicos\Aumentar\public\public_0002.npy
Ausente,Ausente_Articulador1.mp4,ok,C:\KONECTA\OCR\dados_libras\dinamicos\Ausente\public\public_0000.npy
Ausente,Ausente_Articulador2.mp4,ok,C:\KONECTA\OCR\dados_libras\dinamicos\Ausente\public\public_0001.npy
Ausente,Ausente_Articulador3.mp4,ok,C:\KONECTA\OCR\dados_libras\dinamicos\Ausente\public\public_0002.npy
Autoridade,Autoridade_Articulador1.mp4,ok,C:\KONECTA\OCR\dados_libras\dinamicos\Autoridade\public\public_0000.npy
Autoridade,Autoridade_Articulador2.mp4,ok,C:\KONECTA\OCR\dados_libras\dinamicos\Autoridade\public\public_0001.npy
Autoridade,Autoridade_Articulador3.mp4,ok,C:\KONECTA\OCR\dados_libras\dinamicos\Autoridade\public\public_0002.npy
Avaliar,Avaliar_Articulador1.mp4,ok,C:\KONECTA\OCR\dados_libras\dinamicos\Avaliar\public\public_0000.npy
Avaliar,Avaliar_Articulador2.mp4,ok,C:\KONECTA\OCR\dados_libras\dinamicos\Avaliar\public\public_0001.npy
Avaliar,Avaliar_Articulador3.mp4,ok,C:\KONECTA\OCR\dados_libras\dinamicos\Avaliar\public\public_0002.npy
Aviso,Aviso_Articulador1.mp4,ok,C:\KONECTA\OCR\dados_libras\dinamicos\Aviso\public\public_0000.npy
Aviso,Aviso_Articulador2.mp4,ok,C:\KONECTA\OCR\dados_libras\dinamicos\Aviso\public\public_0001.npy
Aviso,Aviso_Articulador3.mp4,ok,C:\KONECTA\OCR\dados_libras\dinamicos\Aviso\public\public_0002.npy
Avião,Avião_Articulador1.mp4,ok,C:\KONECTA\OCR\dados_libras\dinamicos\Avião\public\public_0000.npy
Avião,Avião_Articulador2.mp4,ok,C:\KONECTA\OCR\dados_libras\dinamicos\Avião\public\public_0001.npy
Avião,Avião_Articulador3.mp4,ok,C:\KONECTA\OCR\dados_libras\dinamicos\Avião\public\public_0002.npy
Avó,Avó_Articulador1.mp4,ok,C:\KONECTA\OCR\dados_libras\dinamicos\Avó\public\public_0000.npy
Avó,Avó_Articulador2.mp4,ok,C:\KONECTA\OCR\dados_libras\dinamicos\Avó\public\public_0001.npy
Avó,Avó_Articulador3.mp4,ok,C:\KONECTA\OCR\dados_libras\dinamicos\Avó\public\public_0002.npy
Avô,Avô_Articulador1.mp4,ok,C:\KONECTA\OCR\dados_libras\dinamicos\Avô\public\public_0000.npy
Avô,Avô_Articulador2.mp4,ok,C:\KONECTA\OCR\dados_libras\dinamicos\Avô\public\public_0001.npy
Avô,Avô_Articulador3.mp4,ok,C:\KONECTA\OCR\dados_libras\dinamicos\Avô\public\public_0002.npy
Azul,Azul_Articulador1.mp4,ok,C:\KONECTA\OCR\dados_libras\dinamicos\Azul\public\public_0000.npy
Azul,Azul_Articulador2.mp4,ok,C:\KONECTA\OCR\dados_libras\dinamicos\Azul\public\public_0001.npy
Azul,Azul_Articulador3.mp4,ok,C:\KONECTA\OCR\dados_libras\dinamicos\Azul\public\public_0002.npy
Ação,Ação_Articulador1.mp4,ok,C:\KONECTA\OCR\dados_libras\dinamicos\Ação\public\public_0000.npy
Ação,Ação_Articulador2.mp4,ok,C:\KONECTA\OCR\dados_libras\dinamicos\Ação\public\public_0001.npy
Ação,Ação_Articulador3.mp4,ok,C:\KONECTA\OCR\dados_libras\dinamicos\Ação\public\public_0002.npy
Açúcar,Açúcar_Articulador1.mp4,ok,C:\KONECTA\OCR\dados_libras\dinamicos\Açúcar\public\public_0000.npy
Açúcar,Açúcar_Articulador2.mp4,ok,C:\KONECTA\OCR\dados_libras\dinamicos\Açúcar\public\public_0001.npy
Açúcar,Açúcar_Articulador3.mp4,ok,C:\KONECTA\OCR\dados_libras\dinamicos\Açúcar\public\public_0002.npy
Bagunçado,Bagunçado_Articulador1.mp4,ok,C:\KONECTA\OCR\dados_libras\dinamicos\Bagunçado\public\public_0000.npy
Bagunçado,Bagunçado_Articulador2.mp4,ok,C:\KONECTA\OCR\dados_libras\dinamicos\Bagunçado\public\public_0001.npy
Bagunçado,Bagunçado_Articulador3.mp4,ok,C:\KONECTA\OCR\dados_libras\dinamicos\Bagunçado\public\public_0002.npy
Balanço,Balanço_Articulador1.mp4,ok,C:\KONECTA\OCR\dados_libras\dinamicos\Balanço\public\public_0000.npy
Balanço,Balanço_Articulador2.mp4,ok,C:\KONECTA\OCR\dados_libras\dinamicos\Balanço\public\public_0001.npy
Balanço,Balanço_Articulador3.mp4,ok,C:\KONECTA\OCR\dados_libras\dinamicos\Balanço\public\public_0002.npy
Baleia,Baleia_Articulador1.mp4,ok,C:\KONECTA\OCR\dados_libras\dinamicos\Baleia\public\public_0000.npy
Baleia,Baleia_Articulador2.mp4,ok,C:\KONECTA\OCR\dados_libras\dinamicos\Baleia\public\public_0001.npy
Baleia,Baleia_Articulador3.mp4,ok,C:\KONECTA\OCR\dados_libras\dinamicos\Baleia\public\public_0002.npy
Balão,Balão_Articulador1.mp4,ok,C:\KONECTA\OCR\dados_libras\dinamicos\Balão\public\public_0000.npy
Balão,Balão_Articulador2.mp4,ok,C:\KONECTA\OCR\dados_libras\dinamicos\Balão\public\public_0001.npy
Balão,Balão_Articulador3.mp4,ok,C:\KONECTA\OCR\dados_libras\dinamicos\Balão\public\public_0002.npy
Banana,Banana_Articulador1.mp4,ok,C:\KONECTA\OCR\dados_libras\dinamicos\Banana\public\public_0000.npy
Banana,Banana_Articulador2.mp4,ok,C:\KONECTA\OCR\dados_libras\dinamicos\Banana\public\public_0001.npy
Banana,Banana_Articulador3.mp4,ok,C:\KONECTA\OCR\dados_libras\dinamicos\Banana\public\public_0002.npy
Banheiro,Banheiro_Articulador1.mp4,ok,C:\KONECTA\OCR\dados_libras\dinamicos\Banheiro\public\public_0000.npy
Banheiro,Banheiro_Articulador2.mp4,ok,C:\KONECTA\OCR\dados_libras\dinamicos\Banheiro\public\public_0001.npy
Banheiro,Banheiro_Articulador3.mp4,ok,C:\KONECTA\OCR\dados_libras\dinamicos\Banheiro\public\public_0002.npy
Banho,Banho_Articulador1.mp4,ok,C:\KONECTA\OCR\dados_libras\dinamicos\Banho\public\public_0000.npy
Banho,Banho_Articulador2.mp4,ok,C:\KONECTA\OCR\dados_libras\dinamicos\Banho\public\public_0001.npy
Banho,Banho_Articulador3.mp4,ok,C:\KONECTA\OCR\dados_libras\dinamicos\Banho\public\public_0002.npy
Barato,Barato_Articulador1.mp4,ok,C:\KONECTA\OCR\dados_libras\dinamicos\Barato\public\public_0000.npy
Barato,Barato_Articulador2.mp4,ok,C:\KONECTA\OCR\dados_libras\dinamicos\Barato\public\public_0001.npy
Barato,Barato_Articulador3.mp4,ok,C:\KONECTA\OCR\dados_libras\dinamicos\Barato\public\public_0002.npy
Barba,Barba_Articulador1.mp4,ok,C:\KONECTA\OCR\dados_libras\dinamicos\Barba\public\public_0000.npy
Barba,Barba_Articulador2.mp4,ok,C:\KONECTA\OCR\dados_libras\dinamicos\Barba\public\public_0001.npy
Barba,Barba_Articulador3.mp4,ok,C:\KONECTA\OCR\dados_libras\dinamicos\Barba\public\public_0002.npy
Barbear,Barbear_Articulador1.mp4,ok,C:\KONECTA\OCR\dados_libras\dinamicos\Barbear\public\public_0000.npy
Barbear,Barbear_Articulador2.mp4,ok,C:\KONECTA\OCR\dados_libras\dinamicos\Barbear\public\public_0001.npy
Barbear,Barbear_Articulador3.mp4,ok,C:\KONECTA\OCR\dados_libras\dinamicos\Barbear\public\public_0002.npy
Barco,Barco_Articulador1.mp4,ok,C:\KONECTA\OCR\dados_libras\dinamicos\Barco\public\public_0000.npy
Barco,Barco_Articulador2.mp4,ok,C:\KONECTA\OCR\dados_libras\dinamicos\Barco\public\public_0001.npy
Barco,Barco_Articulador3.mp4,ok,C:\KONECTA\OCR\dados_libras\dinamicos\Barco\public\public_0002.npy
Barco a vela,Barco a vela_Articulador1.mp4,ok,C:\KONECTA\OCR\dados_libras\dinamicos\Barco a vela\public\public_0000.npy
Barco a vela,Barco a vela_Articulador2.mp4,ok,C:\KONECTA\OCR\dados_libras\dinamicos\Barco a vela\public\public_0001.npy
Barco a vela,Barco a vela_Articulador3.mp4,ok,C:\KONECTA\OCR\dados_libras\dinamicos\Barco a vela\public\public_0002.npy
Barra (haste),Barra (haste)_Articulador1.mp4,ok,C:\KONECTA\OCR\dados_libras\dinamicos\Barra (haste)\public\public_0000.npy
Barra (haste),Barra (haste)_Articulador2.mp4,ok,C:\KONECTA\OCR\dados_libras\dinamicos\Barra (haste)\public\public_0001.npy
Barra (haste),Barra (haste)_Articulador3.mp4,ok,C:\KONECTA\OCR\dados_libras\dinamicos\Barra (haste)\public\public_0002.npy
Barulho,Barulho_Articulador1.mp4,ok,C:\KONECTA\OCR\dados_libras\dinamicos\Barulho\public\public_0000.npy
Barulho,Barulho_Articulador2.mp4,ok,C:\KONECTA\OCR\dados_libras\dinamicos\Barulho\public\public_0001.npy
Barulho,Barulho_Articulador3.mp4,ok,C:\KONECTA\OCR\dados_libras\dinamicos\Barulho\public\public_0002.npy
Basquetebol,Basquetebol_Articulador1.mp4,ok,C:\KONECTA\OCR\dados_libras\dinamicos\Basquetebol\public\public_0000.npy
Basquetebol,Basquetebol_Articulador2.mp4,ok,C:\KONECTA\OCR\dados_libras\dinamicos\Basquetebol\public\public_0001.npy
Basquetebol,Basquetebol_Articulador3.mp4,ok,C:\KONECTA\OCR\dados_libras\dinamicos\Basquetebol\public\public_0002.npy
Batata,Batata_Articulador1.mp4,ok,C:\KONECTA\OCR\dados_libras\dinamicos\Batata\public\public_0000.npy
Batata,Batata_Articulador2.mp4,ok,C:\KONECTA\OCR\dados_libras\dinamicos\Batata\public\public_0001.npy
Batata,Batata_Articulador3.mp4,ok,C:\KONECTA\OCR\dados_libras\dinamicos\Batata\public\public_0002.npy
Bater papo,Bater papo_Articulador1.mp4,ok,C:\KONECTA\OCR\dados_libras\dinamicos\Bater papo\public\public_0000.npy
Bater papo,Bater papo_Articulador2.mp4,ok,C:\KONECTA\OCR\dados_libras\dinamicos\Bater papo\public\public_0001.npy
Bater papo,Bater papo_Articulador3.mp4,ok,C:\KONECTA\OCR\dados_libras\dinamicos\Bater papo\public\public_0002.npy
Bateria,Bateria_Articulador1.mp4,ok,C:\KONECTA\OCR\dados_libras\dinamicos\Bateria\public\public_0000.npy
Bateria,Bateria_Articulador2.mp4,ok,C:\KONECTA\OCR\dados_libras\dinamicos\Bateria\public\public_0001.npy
Bateria,Bateria_Articulador3.mp4,ok,C:\KONECTA\OCR\dados_libras\dinamicos\Bateria\public\public_0002.npy
Batida (pancada),Batida (pancada)_Articulador1.mp4,ok,C:\KONECTA\OCR\dados_libras\dinamicos\Batida (pancada)\public\public_0000.npy
Batida (pancada),Batida (pancada)_Articulador2.mp4,ok,C:\KONECTA\OCR\dados_libras\dinamicos\Batida (pancada)\public\public_0001.npy
Batida (pancada),Batida (pancada)_Articulador3.mp4,ok,C:\KONECTA\OCR\dados_libras\dinamicos\Batida (pancada)\public\public_0002.npy
Batida (ritmo),Batida (ritmo)_Articulador1.mp4,ok,C:\KONECTA\OCR\dados_libras\dinamicos\Batida (ritmo)\public\public_0000.npy
Batida (ritmo),Batida (ritmo)_Articulador2.mp4,ok,C:\KONECTA\OCR\dados_libras\dinamicos\Batida (ritmo)\public\public_0001.npy
Batida (ritmo),Batida (ritmo)_Articulador3.mp4,ok,C:\KONECTA\OCR\dados_libras\dinamicos\Batida (ritmo)\public\public_0002.npy
Bebida,Bebida_Articulador1.mp4,ok,C:\KONECTA\OCR\dados_libras\dinamicos\Bebida\public\public_0000.npy
Bebida,Bebida_Articulador2.mp4,ok,C:\KONECTA\OCR\dados_libras\dinamicos\Bebida\public\public_0001.npy
Bebida,Bebida_Articulador3.mp4,ok,C:\KONECTA\OCR\dados_libras\dinamicos\Bebida\public\public_0002.npy
Bebê,Bebê_Articulador1.mp4,ok,C:\KONECTA\OCR\dados_libras\dinamicos\Bebê\public\public_0000.npy
Bebê,Bebê_Articulador2.mp4,ok,C:\KONECTA\OCR\dados_libras\dinamicos\Bebê\public\public_0001.npy
Bebê,Bebê_Articulador3.mp4,ok,C:\KONECTA\OCR\dados_libras\dinamicos\Bebê\public\public_0002.npy
Beijo,Beijo_Articulador1.mp4,ok,C:\KONECTA\OCR\dados_libras\dinamicos\Beijo\public\public_0000.npy
Beijo,Beijo_Articulador2.mp4,ok,C:\KONECTA\OCR\dados_libras\dinamicos\Beijo\public\public_0001.npy
Beijo,Beijo_Articulador3.mp4,ok,C:\KONECTA\OCR\dados_libras\dinamicos\Beijo\public\public_0002.npy
Beisebol,Beisebol_Articulador1.mp4,ok,C:\KONECTA\OCR\dados_libras\dinamicos\Beisebol\public\public_0000.npy
Beisebol,Beisebol_Articulador2.mp4,ok,C:\KONECTA\OCR\dados_libras\dinamicos\Beisebol\public\public_0001.npy
Beisebol,Beisebol_Articulador3.mp4,ok,C:\KONECTA\OCR\dados_libras\dinamicos\Beisebol\public\public_0002.npy
Bem,Bem_Articulador1.mp4,ok,C:\KONECTA\OCR\dados_libras\dinamicos\Bem\public\public_0000.npy
Bem,Bem_Articulador2.mp4,ok,C:\KONECTA\OCR\dados_libras\dinamicos\Bem\public\public_0001.npy
Bem,Bem_Articulador3.mp4,ok,C:\KONECTA\OCR\dados_libras\dinamicos\Bem\public\public_0002.npy
Benefício,Benefício_Articulador1.mp4,ok,C:\KONECTA\OCR\dados_libras\dinamicos\Benefício\public\public_0000.npy
Benefício,Benefício_Articulador2.mp4,ok,C:\KONECTA\OCR\dados_libras\dinamicos\Benefício\public\public_0001.npy
Benefício,Benefício_Articulador3.mp4,ok,C:\KONECTA\OCR\dados_libras\dinamicos\Benefício\public\public_0002.npy
Bermuda,Bermuda_Articulador1.mp4,ok,C:\KONECTA\OCR\dados_libras\dinamicos\Bermuda\public\public_0000.npy
Bermuda,Bermuda_Articulador2.mp4,ok,C:\KONECTA\OCR\dados_libras\dinamicos\Bermuda\public\public_0001.npy
Bermuda,Bermuda_Articulador3.mp4,ok,C:\KONECTA\OCR\dados_libras\dinamicos\Bermuda\public\public_0002.npy
Biblioteca,Biblioteca_Articulador1.mp4,ok,C:\KONECTA\OCR\dados_libras\dinamicos\Biblioteca\public\public_0000.npy
Biblioteca,Biblioteca_Articulador2.mp4,ok,C:\KONECTA\OCR\dados_libras\dinamicos\Biblioteca\public\public_0001.npy
Biblioteca,Biblioteca_Articulador3.mp4,ok,C:\KONECTA\OCR\dados_libras\dinamicos\Biblioteca\public\public_0002.npy
Bicicleta,Bicicleta_Articulador1.mp4,ok,C:\KONECTA\OCR\dados_libras\dinamicos\Bicicleta\public\public_0000.npy
Bicicleta,Bicicleta_Articulador2.mp4,ok,C:\KONECTA\OCR\dados_libras\dinamicos\Bicicleta\public\public_0001.npy
Bicicleta,Bicicleta_Articulador3.mp4,ok,C:\KONECTA\OCR\dados_libras\dinamicos\Bicicleta\public\public_0002.npy
Bigode,Bigode_Articulador1.mp4,ok,C:\KONECTA\OCR\dados_libras\dinamicos\Bigode\public\public_0000.npy
Bigode,Bigode_Articulador2.mp4,ok,C:\KONECTA\OCR\dados_libras\dinamicos\Bigode\public\public_0001.npy
Bigode,Bigode_Articulador3.mp4,ok,C:\KONECTA\OCR\dados_libras\dinamicos\Bigode\public\public_0002.npy
Bilhão,Bilhão_Articulador1.mp4,ok,C:\KONECTA\OCR\dados_libras\dinamicos\Bilhão\public\public_0000.npy
Bilhão,Bilhão_Articulador2.mp4,ok,C:\KONECTA\OCR\dados_libras\dinamicos\Bilhão\public\public_0001.npy
Bilhão,Bilhão_Articulador3.mp4,ok,C:\KONECTA\OCR\dados_libras\dinamicos\Bilhão\public\public_0002.npy
Biologia,Biologia_Articulador1.mp4,ok,C:\KONECTA\OCR\dados_libras\dinamicos\Biologia\public\public_0000.npy
Biologia,Biologia_Articulador2.mp4,ok,C:\KONECTA\OCR\dados_libras\dinamicos\Biologia\public\public_0001.npy
Biologia,Biologia_Articulador3.mp4,ok,C:\KONECTA\OCR\dados_libras\dinamicos\Biologia\public\public_0002.npy
Biquini,Biquini_Articulador1.mp4,ok,C:\KONECTA\OCR\dados_libras\dinamicos\Biquini\public\public_0000.npy
Biquini,Biquini_Articulador2.mp4,ok,C:\KONECTA\OCR\dados_libras\dinamicos\Biquini\public\public_0001.npy
Biquini,Biquini_Articulador3.mp4,ok,C:\KONECTA\OCR\dados_libras\dinamicos\Biquini\public\public_0002.npy
Bisbilhotar,Bisbilhotar_Articulador1.mp4,ok,C:\KONECTA\OCR\dados_libras\dinamicos\Bisbilhotar\public\public_0000.npy
Bisbilhotar,Bisbilhotar_Articulador2.mp4,ok,C:\KONECTA\OCR\dados_libras\dinamicos\Bisbilhotar\public\public_0001.npy
Bisbilhotar,Bisbilhotar_Articulador3.mp4,ok,C:\KONECTA\OCR\dados_libras\dinamicos\Bisbilhotar\public\public_0002.npy
Biscoito,Biscoito_Articulador1.mp4,ok,C:\KONECTA\OCR\dados_libras\dinamicos\Biscoito\public\public_0000.npy
Biscoito,Biscoito_Articulador2.mp4,ok,C:\KONECTA\OCR\dados_libras\dinamicos\Biscoito\public\public_0001.npy
Biscoito,Biscoito_Articulador3.mp4,ok,C:\KONECTA\OCR\dados_libras\dinamicos\Biscoito\public\public_0002.npy
Bloquear,Bloquear_Articulador1.mp4,ok,C:\KONECTA\OCR\dados_libras\dinamicos\Bloquear\public\public_0000.npy
Bloquear,Bloquear_Articulador2.mp4,ok,C:\KONECTA\OCR\dados_libras\dinamicos\Bloquear\public\public_0001.npy
Bloquear,Bloquear_Articulador3.mp4,ok,C:\KONECTA\OCR\dados_libras\dinamicos\Bloquear\public\public_0002.npy
Bobo,Bobo_Articulador1.mp4,ok,C:\KONECTA\OCR\dados_libras\dinamicos\Bobo\public\public_0000.npy
Bobo,Bobo_Articulador2.mp4,ok,C:\KONECTA\OCR\dados_libras\dinamicos\Bobo\public\public_0001.npy
Bobo,Bobo_Articulador3.mp4,ok,C:\KONECTA\OCR\dados_libras\dinamicos\Bobo\public\public_0002.npy
Bocejar,Bocejar_Articulador1.mp4,ok,C:\KONECTA\OCR\dados_libras\dinamicos\Bocejar\public\public_0000.npy
Bocejar,Bocejar_Articulador2.mp4,ok,C:\KONECTA\OCR\dados_libras\dinamicos\Bocejar\public\public_0001.npy
Bocejar,Bocejar_Articulador3.mp4,ok,C:\KONECTA\OCR\dados_libras\dinamicos\Bocejar\public\public_0002.npy
Bode,Bode_Articulador1.mp4,ok,C:\KONECTA\OCR\dados_libras\dinamicos\Bode\public\public_0000.npy
Bode,Bode_Articulador2.mp4,ok,C:\KONECTA\OCR\dados_libras\dinamicos\Bode\public\public_0001.npy
Bode,Bode_Articulador3.mp4,ok,C:\KONECTA\OCR\dados_libras\dinamicos\Bode\public\public_0002.npy
Boi,Boi_Articulador1.mp4,ok,C:\KONECTA\OCR\dados_libras\dinamicos\Boi\public\public_0000.npy
Boi,Boi_Articulador2.mp4,ok,C:\KONECTA\OCR\dados_libras\dinamicos\Boi\public\public_0001.npy
Boi,Boi_Articulador3.mp4,ok,C:\KONECTA\OCR\dados_libras\dinamicos\Boi\public\public_0002.npy
Bola,Bola_Articulador1.mp4,ok,C:\KONECTA\OCR\dados_libras\dinamicos\Bola\public\public_0000.npy
Bola,Bola_Articulador2.mp4,ok,C:\KONECTA\OCR\dados_libras\dinamicos\Bola\public\public_0001.npy
Bola,Bola_Articulador3.mp4,ok,C:\KONECTA\OCR\dados_libras\dinamicos\Bola\public\public_0002.npy
Bolo,Bolo_Articulador1.mp4,ok,C:\KONECTA\OCR\dados_libras\dinamicos\Bolo\public\public_0000.npy
Bolo,Bolo_Articulador2.mp4,ok,C:\KONECTA\OCR\dados_libras\dinamicos\Bolo\public\public_0001.npy
Bolo,Bolo_Articulador3.mp4,ok,C:\KONECTA\OCR\dados_libras\dinamicos\Bolo\public\public_0002.npy
Bolsa,Bolsa_Articulador1.mp4,ok,C:\KONECTA\OCR\dados_libras\dinamicos\Bolsa\public\public_0000.npy
Bolsa,Bolsa_Articulador2.mp4,ok,C:\KONECTA\OCR\dados_libras\dinamicos\Bolsa\public\public_0001.npy
Bolsa,Bolsa_Articulador3.mp4,ok,C:\KONECTA\OCR\dados_libras\dinamicos\Bolsa\public\public_0002.npy
Bomba,Bomba_Articulador1.mp4,ok,C:\KONECTA\OCR\dados_libras\dinamicos\Bomba\public\public_0000.npy
Bomba,Bomba_Articulador2.mp4,ok,C:\KONECTA\OCR\dados_libras\dinamicos\Bomba\public\public_0001.npy
Bomba,Bomba_Articulador3.mp4,ok,C:\KONECTA\OCR\dados_libras\dinamicos\Bomba\public\public_0002.npy
Bombeiro,Bombeiro_Articulador1.mp4,ok,C:\KONECTA\OCR\dados_libras\dinamicos\Bombeiro\public\public_0000.npy
Bombeiro,Bombeiro_Articulador2.mp4,ok,C:\KONECTA\OCR\dados_libras\dinamicos\Bombeiro\public\public_0001.npy
Bombeiro,Bombeiro_Articulador3.mp4,ok,C:\KONECTA\OCR\dados_libras\dinamicos\Bombeiro\public\public_0002.npy
Bonito,Bonito_Articulador1.mp4,ok,C:\KONECTA\OCR\dados_libras\dinamicos\Bonito\public\public_0000.npy
Bonito,Bonito_Articulador2.mp4,ok,C:\KONECTA\OCR\dados_libras\dinamicos\Bonito\public\public_0001.npy
Bonito,Bonito_Articulador3.mp4,ok,C:\KONECTA\OCR\dados_libras\dinamicos\Bonito\public\public_0002.npy
Borboleta,Borboleta_Articulador1.mp4,ok,C:\KONECTA\OCR\dados_libras\dinamicos\Borboleta\public\public_0000.npy
Borboleta,Borboleta_Articulador2.mp4,ok,C:\KONECTA\OCR\dados_libras\dinamicos\Borboleta\public\public_0001.npy
Borboleta,Borboleta_Articulador3.mp4,ok,C:\KONECTA\OCR\dados_libras\dinamicos\Borboleta\public\public_0002.npy
Borracha,Borracha_Articulador1.mp4,ok,C:\KONECTA\OCR\dados_libras\dinamicos\Borracha\public\public_0000.npy
Borracha,Borracha_Articulador2.mp4,ok,C:\KONECTA\OCR\dados_libras\dinamicos\Borracha\public\public_0001.npy
Borracha,Borracha_Articulador3.mp4,ok,C:\KONECTA\OCR\dados_libras\dinamicos\Borracha\public\public_0002.npy
Borrifador,Borrifador_Articulador1.mp4,ok,C:\KONECTA\OCR\dados_libras\dinamicos\Borrifador\public\public_0000.npy
Borrifador,Borrifador_Articulador2.mp4,ok,C:\KONECTA\OCR\dados_libras\dinamicos\Borrifador\public\public_0001.npy
Borrifador,Borrifador_Articulador3.mp4,ok,C:\KONECTA\OCR\dados_libras\dinamicos\Borrifador\public\public_0002.npy
Bota,Bota_Articulador1.mp4,ok,C:\KONECTA\OCR\dados_libras\dinamicos\Bota\public\public_0000.npy
Bota,Bota_Articulador2.mp4,ok,C:\KONECTA\OCR\dados_libras\dinamicos\Bota\public\public_0001.npy
Bota,Bota_Articulador3.mp4,ok,C:\KONECTA\OCR\dados_libras\dinamicos\Bota\public\public_0002.npy
Botão (broche),Botão (broche)_Articulador1.mp4,ok,C:\KONECTA\OCR\dados_libras\dinamicos\Botão (broche)\public\public_0000.npy
Botão (broche),Botão (broche)_Articulador2.mp4,ok,C:\KONECTA\OCR\dados_libras\dinamicos\Botão (broche)\public\public_0001.npy
Botão (broche),Botão (broche)_Articulador3.mp4,ok,C:\KONECTA\OCR\dados_libras\dinamicos\Botão (broche)\public\public_0002.npy
Boxe (esporte),Boxe (esporte)_Articulador1.mp4,ok,C:\KONECTA\OCR\dados_libras\dinamicos\Boxe (esporte)\public\public_0000.npy
Boxe (esporte),Boxe (esporte)_Articulador2.mp4,ok,C:\KONECTA\OCR\dados_libras\dinamicos\Boxe (esporte)\public\public_0001.npy
Boxe (esporte),Boxe (esporte)_Articulador3.mp4,ok,C:\KONECTA\OCR\dados_libras\dinamicos\Boxe (esporte)\public\public_0002.npy
Branco,Branco_Articulador1.mp4,ok,C:\KONECTA\OCR\dados_libras\dinamicos\Branco\public\public_0000.npy
Branco,Branco_Articulador2.mp4,ok,C:\KONECTA\OCR\dados_libras\dinamicos\Branco\public\public_0001.npy
Branco,Branco_Articulador3.mp4,ok,C:\KONECTA\OCR\dados_libras\dinamicos\Branco\public\public_0002.npy
Breve,Breve_Articulador1.mp4,ok,C:\KONECTA\OCR\dados_libras\dinamicos\Breve\public\public_0000.npy
Breve,Breve_Articulador2.mp4,ok,C:\KONECTA\OCR\dados_libras\dinamicos\Breve\public\public_0001.npy
Breve,Breve_Articulador3.mp4,ok,C:\KONECTA\OCR\dados_libras\dinamicos\Breve\public\public_0002.npy
Brigar (dar porrada),Brigar (dar porrada)_Articulador1.mp4,ok,C:\KONECTA\OCR\dados_libras\dinamicos\Brigar (dar porrada)\public\public_0000.npy
Brigar (dar porrada),Brigar (dar porrada)_Articulador2.mp4,ok,C:\KONECTA\OCR\dados_libras\dinamicos\Brigar (dar porrada)\public\public_0001.npy
Brigar (dar porrada),Brigar (dar porrada)_Articulador3.mp4,ok,C:\KONECTA\OCR\dados_libras\dinamicos\Brigar (dar porrada)\public\public_0002.npy
Brilhar,Brilhar_Articulador1.mp4,ok,C:\KONECTA\OCR\dados_libras\dinamicos\Brilhar\public\public_0000.npy
Brilhar,Brilhar_Articulador2.mp4,ok,C:\KONECTA\OCR\dados_libras\dinamicos\Brilhar\public\public_0001.npy
Brilhar,Brilhar_Articulador3.mp4,ok,C:\KONECTA\OCR\dados_libras\dinamicos\Brilhar\public\public_0002.npy
Brilho,Brilho_Articulador1.mp4,ok,C:\KONECTA\OCR\dados_libras\dinamicos\Brilho\public\public_0000.npy
Brilho,Brilho_Articulador2.mp4,ok,C:\KONECTA\OCR\dados_libras\dinamicos\Brilho\public\public_0001.npy
Brilho,Brilho_Articulador3.mp4,ok,C:\KONECTA\OCR\dados_libras\dinamicos\Brilho\public\public_0002.npy
Brinco,Brinco_Articulador1.mp4,ok,C:\KONECTA\OCR\dados_libras\dinamicos\Brinco\public\public_0000.npy
Brinco,Brinco_Articulador2.mp4,ok,C:\KONECTA\OCR\dados_libras\dinamicos\Brinco\public\public_0001.npy
Brinco,Brinco_Articulador3.mp4,ok,C:\KONECTA\OCR\dados_libras\dinamicos\Brinco\public\public_0002.npy
Broca,Broca_Articulador1.mp4,ok,C:\KONECTA\OCR\dados_libras\dinamicos\Broca\public\public_0000.npy
Broca,Broca_Articulador2.mp4,ok,C:\KONECTA\OCR\dados_libras\dinamicos\Broca\public\public_0001.npy
Broca,Broca_Articulador3.mp4,ok,C:\KONECTA\OCR\dados_libras\dinamicos\Broca\public\public_0002.npy
Bronzeamento,Bronzeamento_Articulador1.mp4,ok,C:\KONECTA\OCR\dados_libras\dinamicos\Bronzeamento\public\public_0000.npy
Bronzeamento,Bronzeamento_Articulador2.mp4,ok,C:\KONECTA\OCR\dados_libras\dinamicos\Bronzeamento\public\public_0001.npy
Bronzeamento,Bronzeamento_Articulador3.mp4,ok,C:\KONECTA\OCR\dados_libras\dinamicos\Bronzeamento\public\public_0002.npy
Buzina,Buzina_Articulador1.mp4,ok,C:\KONECTA\OCR\dados_libras\dinamicos\Buzina\public\public_0000.npy
Buzina,Buzina_Articulador2.mp4,ok,C:\KONECTA\OCR\dados_libras\dinamicos\Buzina\public\public_0001.npy
Buzina,Buzina_Articulador3.mp4,ok,C:\KONECTA\OCR\dados_libras\dinamicos\Buzina\public\public_0002.npy
Básico,Básico_Articulador1.mp4,ok,C:\KONECTA\OCR\dados_libras\dinamicos\Básico\public\public_0000.npy
Básico,Básico_Articulador2.mp4,ok,C:\KONECTA\OCR\dados_libras\dinamicos\Básico\public\public_0001.npy
Básico,Básico_Articulador3.mp4,ok,C:\KONECTA\OCR\dados_libras\dinamicos\Básico\public\public_0002.npy
Bêbado,Bêbado_Articulador1.mp4,ok,C:\KONECTA\OCR\dados_libras\dinamicos\Bêbado\public\public_0000.npy
Bêbado,Bêbado_Articulador2.mp4,ok,C:\KONECTA\OCR\dados_libras\dinamicos\Bêbado\public\public_0001.npy
Bêbado,Bêbado_Articulador3.mp4,ok,C:\KONECTA\OCR\dados_libras\dinamicos\Bêbado\public\public_0002.npy
Búfalo,Búfalo_Articulador1.mp4,ok,C:\KONECTA\OCR\dados_libras\dinamicos\Búfalo\public\public_0000.npy
Búfalo,Búfalo_Articulador2.mp4,ok,C:\KONECTA\OCR\dados_libras\dinamicos\Búfalo\public\public_0001.npy
Búfalo,Búfalo_Articulador3.mp4,ok,C:\KONECTA\OCR\dados_libras\dinamicos\Búfalo\public\public_0002.npy
Cabelo,Cabelo_Articulador1.mp4,ok,C:\KONECTA\OCR\dados_libras\dinamicos\Cabelo\public\public_0000.npy
Cabelo,Cabelo_Articulador2.mp4,ok,C:\KONECTA\OCR\dados_libras\dinamicos\Cabelo\public\public_0001.npy
Cabelo,Cabelo_Articulador3.mp4,ok,C:\KONECTA\OCR\dados_libras\dinamicos\Cabelo\public\public_0002.npy
Cabeça,Cabeça_Articulador1.mp4,ok,C:\KONECTA\OCR\dados_libras\dinamicos\Cabeça\public\public_0000.npy
Cabeça,Cabeça_Articulador2.mp4,ok,C:\KONECTA\OCR\dados_libras\dinamicos\Cabeça\public\public_0001.npy
Cabeça,Cabeça_Articulador3.mp4,ok,C:\KONECTA\OCR\dados_libras\dinamicos\Cabeça\public\public_0002.npy
Cabeça fria,Cabeça fria_Articulador1.mp4,ok,C:\KONECTA\OCR\dados_libras\dinamicos\Cabeça fria\public\public_0000.npy
Cabeça fria,Cabeça fria_Articulador2.mp4,ok,C:\KONECTA\OCR\dados_libras\dinamicos\Cabeça fria\public\public_0001.npy
Cabeça fria,Cabeça fria_Articulador3.mp4,ok,C:\KONECTA\OCR\dados_libras\dinamicos\Cabeça fria\public\public_0002.npy
Cabeçudo,Cabeçudo_Articulador1.mp4,ok,C:\KONECTA\OCR\dados_libras\dinamicos\Cabeçudo\public\public_0000.npy
Cabeçudo,Cabeçudo_Articulador2.mp4,ok,C:\KONECTA\OCR\dados_libras\dinamicos\Cabeçudo\public\public_0001.npy
Cabeçudo,Cabeçudo_Articulador3.mp4,ok,C:\KONECTA\OCR\dados_libras\dinamicos\Cabeçudo\public\public_0002.npy
Cada,Cada_Articulador1.mp4,ok,C:\KONECTA\OCR\dados_libras\dinamicos\Cada\public\public_0000.npy
Cada,Cada_Articulador2.mp4,ok,C:\KONECTA\OCR\dados_libras\dinamicos\Cada\public\public_0001.npy
Cada,Cada_Articulador3.mp4,ok,C:\KONECTA\OCR\dados_libras\dinamicos\Cada\public\public_0002.npy
Cadeira de Balanço,Cadeira de Balanço_Articulador1.mp4,ok,C:\KONECTA\OCR\dados_libras\dinamicos\Cadeira de Balanço\public\public_0000.npy
Cadeira de Balanço,Cadeira de Balanço_Articulador2.mp4,ok,C:\KONECTA\OCR\dados_libras\dinamicos\Cadeira de Balanço\public\public_0001.npy
Cadeira de Balanço,Cadeira de Balanço_Articulador3.mp4,ok,C:\KONECTA\OCR\dados_libras\dinamicos\Cadeira de Balanço\public\public_0002.npy
Cadeira de rodas,Cadeira de rodas_Articulador1.mp4,ok,C:\KONECTA\OCR\dados_libras\dinamicos\Cadeira de rodas\public\public_0000.npy
Cadeira de rodas,Cadeira de rodas_Articulador2.mp4,ok,C:\KONECTA\OCR\dados_libras\dinamicos\Cadeira de rodas\public\public_0001.npy
Cadeira de rodas,Cadeira de rodas_Articulador3.mp4,ok,C:\KONECTA\OCR\dados_libras\dinamicos\Cadeira de rodas\public\public_0002.npy
Cafeteria,Cafeteria_Articulador1.mp4,ok,C:\KONECTA\OCR\dados_libras\dinamicos\Cafeteria\public\public_0000.npy
Cafeteria,Cafeteria_Articulador2.mp4,ok,C:\KONECTA\OCR\dados_libras\dinamicos\Cafeteria\public\public_0001.npy
Cafeteria,Cafeteria_Articulador3.mp4,ok,C:\KONECTA\OCR\dados_libras\dinamicos\Cafeteria\public\public_0002.npy
Café,Café_Articulador1.mp4,ok,C:\KONECTA\OCR\dados_libras\dinamicos\Café\public\public_0000.npy
Café,Café_Articulador2.mp4,ok,C:\KONECTA\OCR\dados_libras\dinamicos\Café\public\public_0001.npy
Café,Café_Articulador3.mp4,ok,C:\KONECTA\OCR\dados_libras\dinamicos\Café\public\public_0002.npy
Cair,Cair_Articulador1.mp4,ok,C:\KONECTA\OCR\dados_libras\dinamicos\Cair\public\public_0000.npy
Cair,Cair_Articulador2.mp4,ok,C:\KONECTA\OCR\dados_libras\dinamicos\Cair\public\public_0001.npy
Cair,Cair_Articulador3.mp4,ok,C:\KONECTA\OCR\dados_libras\dinamicos\Cair\public\public_0002.npy
Caixa,Caixa_Articulador1.mp4,ok,C:\KONECTA\OCR\dados_libras\dinamicos\Caixa\public\public_0000.npy
Caixa,Caixa_Articulador2.mp4,ok,C:\KONECTA\OCR\dados_libras\dinamicos\Caixa\public\public_0001.npy
Caixa,Caixa_Articulador3.mp4,ok,C:\KONECTA\OCR\dados_libras\dinamicos\Caixa\public\public_0002.npy
Caixa de som,Caixa de som_Articulador1.mp4,ok,C:\KONECTA\OCR\dados_libras\dinamicos\Caixa de som\public\public_0000.npy
Caixa de som,Caixa de som_Articulador2.mp4,ok,C:\KONECTA\OCR\dados_libras\dinamicos\Caixa de som\public\public_0001.npy
Caixa de som,Caixa de som_Articulador3.mp4,ok,C:\KONECTA\OCR\dados_libras\dinamicos\Caixa de som\public\public_0002.npy
Calculadora,Calculadora_Articulador1.mp4,ok,C:\KONECTA\OCR\dados_libras\dinamicos\Calculadora\public\public_0000.npy
Calculadora,Calculadora_Articulador2.mp4,ok,C:\KONECTA\OCR\dados_libras\dinamicos\Calculadora\public\public_0001.npy
Calculadora,Calculadora_Articulador3.mp4,ok,C:\KONECTA\OCR\dados_libras\dinamicos\Calculadora\public\public_0002.npy
Cale-se,Cale-se_Articulador1.mp4,ok,C:\KONECTA\OCR\dados_libras\dinamicos\Cale-se\public\public_0000.npy
Cale-se,Cale-se_Articulador2.mp4,ok,C:\KONECTA\OCR\dados_libras\dinamicos\Cale-se\public\public_0001.npy
Cale-se,Cale-se_Articulador3.mp4,ok,C:\KONECTA\OCR\dados_libras\dinamicos\Cale-se\public\public_0002.npy
Calmo,Calmo_Articulador1.mp4,ok,C:\KONECTA\OCR\dados_libras\dinamicos\Calmo\public\public_0000.npy
Calmo,Calmo_Articulador2.mp4,ok,C:\KONECTA\OCR\dados_libras\dinamicos\Calmo\public\public_0001.npy
Calmo,Calmo_Articulador3.mp4,ok,C:\KONECTA\OCR\dados_libras\dinamicos\Calmo\public\public_0002.npy
Caloroso,Caloroso_Articulador1.mp4,ok,C:\KONECTA\OCR\dados_libras\dinamicos\Caloroso\public\public_0000.npy
Caloroso,Caloroso_Articulador2.mp4,ok,C:\KONECTA\OCR\dados_libras\dinamicos\Caloroso\public\public_0001.npy
Caloroso,Caloroso_Articulador3.mp4,ok,C:\KONECTA\OCR\dados_libras\dinamicos\Caloroso\public\public_0002.npy
Calouro,Calouro_Articulador1.mp4,ok,C:\KONECTA\OCR\dados_libras\dinamicos\Calouro\public\public_0000.npy
Calouro,Calouro_Articulador2.mp4,ok,C:\KONECTA\OCR\dados_libras\dinamicos\Calouro\public\public_0001.npy
Calouro,Calouro_Articulador3.mp4,ok,C:\KONECTA\OCR\dados_libras\dinamicos\Calouro\public\public_0002.npy
Calça,Calça_Articulador1.mp4,ok,C:\KONECTA\OCR\dados_libras\dinamicos\Calça\public\public_0000.npy
Calça,Calça_Articulador2.mp4,ok,C:\KONECTA\OCR\dados_libras\dinamicos\Calça\public\public_0001.npy
Calça,Calça_Articulador3.mp4,ok,C:\KONECTA\OCR\dados_libras\dinamicos\Calça\public\public_0002.npy
Cama,Cama_Articulador1.mp4,ok,C:\KONECTA\OCR\dados_libras\dinamicos\Cama\public\public_0000.npy
Cama,Cama_Articulador2.mp4,ok,C:\KONECTA\OCR\dados_libras\dinamicos\Cama\public\public_0001.npy
Cama,Cama_Articulador3.mp4,ok,C:\KONECTA\OCR\dados_libras\dinamicos\Cama\public\public_0002.npy
Caminhada,Caminhada_Articulador1.mp4,ok,C:\KONECTA\OCR\dados_libras\dinamicos\Caminhada\public\public_0000.npy
Caminhada,Caminhada_Articulador2.mp4,ok,C:\KONECTA\OCR\dados_libras\dinamicos\Caminhada\public\public_0001.npy
Caminhada,Caminhada_Articulador3.mp4,ok,C:\KONECTA\OCR\dados_libras\dinamicos\Caminhada\public\public_0002.npy
Campainha,Campainha_Articulador1.mp4,ok,C:\KONECTA\OCR\dados_libras\dinamicos\Campainha\public\public_0000.npy
Campainha,Campainha_Articulador2.mp4,ok,C:\KONECTA\OCR\dados_libras\dinamicos\Campainha\public\public_0001.npy
Campainha,Campainha_Articulador3.mp4,ok,C:\KONECTA\OCR\dados_libras\dinamicos\Campainha\public\public_0002.npy
Campeão,Campeão_Articulador1.mp4,ok,C:\KONECTA\OCR\dados_libras\dinamicos\Campeão\public\public_0000.npy
Campeão,Campeão_Articulador2.mp4,ok,C:\KONECTA\OCR\dados_libras\dinamicos\Campeão\public\public_0001.npy
Campeão,Campeão_Articulador3.mp4,ok,C:\KONECTA\OCR\dados_libras\dinamicos\Campeão\public\public_0002.npy
Cancelar,Cancelar_Articulador1.mp4,ok,C:\KONECTA\OCR\dados_libras\dinamicos\Cancelar\public\public_0000.npy
Cancelar,Cancelar_Articulador2.mp4,ok,C:\KONECTA\OCR\dados_libras\dinamicos\Cancelar\public\public_0001.npy
Cancelar,Cancelar_Articulador3.mp4,ok,C:\KONECTA\OCR\dados_libras\dinamicos\Cancelar\public\public_0002.npy
Canguru,Canguru_Articulador1.mp4,ok,C:\KONECTA\OCR\dados_libras\dinamicos\Canguru\public\public_0000.npy
Canguru,Canguru_Articulador2.mp4,ok,C:\KONECTA\OCR\dados_libras\dinamicos\Canguru\public\public_0001.npy
Canguru,Canguru_Articulador3.mp4,ok,C:\KONECTA\OCR\dados_libras\dinamicos\Canguru\public\public_0002.npy
Cansado,Cansado_Articulador1.mp4,ok,C:\KONECTA\OCR\dados_libras\dinamicos\Cansado\public\public_0000.npy
Cansado,Cansado_Articulador2.mp4,ok,C:\KONECTA\OCR\dados_libras\dinamicos\Cansado\public\public_0001.npy
Cansado,Cansado_Articulador3.mp4,ok,C:\KONECTA\OCR\dados_libras\dinamicos\Cansado\public\public_0002.npy
Capacete,Capacete_Articulador1.mp4,ok,C:\KONECTA\OCR\dados_libras\dinamicos\Capacete\public\public_0000.npy
Capacete,Capacete_Articulador2.mp4,ok,C:\KONECTA\OCR\dados_libras\dinamicos\Capacete\public\public_0001.npy
Capacete,Capacete_Articulador3.mp4,ok,C:\KONECTA\OCR\dados_libras\dinamicos\Capacete\public\public_0002.npy
Capital,Capital_Articulador1.mp4,ok,C:\KONECTA\OCR\dados_libras\dinamicos\Capital\public\public_0000.npy
Capital,Capital_Articulador2.mp4,ok,C:\KONECTA\OCR\dados_libras\dinamicos\Capital\public\public_0001.npy
Capital,Capital_Articulador3.mp4,ok,C:\KONECTA\OCR\dados_libras\dinamicos\Capital\public\public_0002.npy
Capítulo,Capítulo_Articulador1.mp4,ok,C:\KONECTA\OCR\dados_libras\dinamicos\Capítulo\public\public_0000.npy
Capítulo,Capítulo_Articulador2.mp4,ok,C:\KONECTA\OCR\dados_libras\dinamicos\Capítulo\public\public_0001.npy
Capítulo,Capítulo_Articulador3.mp4,ok,C:\KONECTA\OCR\dados_libras\dinamicos\Capítulo\public\public_0002.npy
Careca,Careca_Articulador1.mp4,ok,C:\KONECTA\OCR\dados_libras\dinamicos\Careca\public\public_0000.npy
Careca,Careca_Articulador2.mp4,ok,C:\KONECTA\OCR\dados_libras\dinamicos\Careca\public\public_0001.npy
Careca,Careca_Articulador3.mp4,ok,C:\KONECTA\OCR\dados_libras\dinamicos\Careca\public\public_0002.npy
Carne,Carne_Articulador1.mp4,ok,C:\KONECTA\OCR\dados_libras\dinamicos\Carne\public\public_0000.npy
Carne,Carne_Articulador2.mp4,ok,C:\KONECTA\OCR\dados_libras\dinamicos\Carne\public\public_0001.npy
Carne,Carne_Articulador3.mp4,ok,C:\KONECTA\OCR\dados_libras\dinamicos\Carne\public\public_0002.npy
Caro,Caro_Articulador1.mp4,ok,C:\KONECTA\OCR\dados_libras\dinamicos\Caro\public\public_0000.npy
Caro,Caro_Articulador2.mp4,ok,C:\KONECTA\OCR\dados_libras\dinamicos\Caro\public\public_0001.npy
Caro,Caro_Articulador3.mp4,ok,C:\KONECTA\OCR\dados_libras\dinamicos\Caro\public\public_0002.npy
Carpinteiro,Carpinteiro_Articulador1.mp4,ok,C:\KONECTA\OCR\dados_libras\dinamicos\Carpinteiro\public\public_0000.npy
Carpinteiro,Carpinteiro_Articulador2.mp4,ok,C:\KONECTA\OCR\dados_libras\dinamicos\Carpinteiro\public\public_0001.npy
Carpinteiro,Carpinteiro_Articulador3.mp4,ok,C:\KONECTA\OCR\dados_libras\dinamicos\Carpinteiro\public\public_0002.npy
Carrinho de mão,Carrinho de mão_Articulador1.mp4,ok,C:\KONECTA\OCR\dados_libras\dinamicos\Carrinho de mão\public\public_0000.npy
Carrinho de mão,Carrinho de mão_Articulador2.mp4,ok,C:\KONECTA\OCR\dados_libras\dinamicos\Carrinho de mão\public\public_0001.npy
Carrinho de mão,Carrinho de mão_Articulador3.mp4,ok,C:\KONECTA\OCR\dados_libras\dinamicos\Carrinho de mão\public\public_0002.npy
Carro,Carro_Articulador1.mp4,ok,C:\KONECTA\OCR\dados_libras\dinamicos\Carro\public\public_0000.npy
Carro,Carro_Articulador2.mp4,ok,C:\KONECTA\OCR\dados_libras\dinamicos\Carro\public\public_0001.npy
Carro,Carro_Articulador3.mp4,ok,C:\KONECTA\OCR\dados_libras\dinamicos\Carro\public\public_0002.npy
Carteira de bolso,Carteira de bolso_Articulador1.mp4,ok,C:\KONECTA\OCR\dados_libras\dinamicos\Carteira de bolso\public\public_0000.npy
Carteira de bolso,Carteira de bolso_Articulador2.mp4,ok,C:\KONECTA\OCR\dados_libras\dinamicos\Carteira de bolso\public\public_0001.npy
Carteira de bolso,Carteira de bolso_Articulador3.mp4,ok,C:\KONECTA\OCR\dados_libras\dinamicos\Carteira de bolso\public\public_0002.npy
Cartão de Crédito,Cartão de Crédito_Articulador1.mp4,ok,C:\KONECTA\OCR\dados_libras\dinamicos\Cartão de Crédito\public\public_0000.npy
Cartão de Crédito,Cartão de Crédito_Articulador2.mp4,ok,C:\KONECTA\OCR\dados_libras\dinamicos\Cartão de Crédito\public\public_0001.npy
Cartão de Crédito,Cartão de Crédito_Articulador3.mp4,ok,C:\KONECTA\OCR\dados_libras\dinamicos\Cartão de Crédito\public\public_0002.npy
Casa,Casa_Articulador1.mp4,ok,C:\KONECTA\OCR\dados_libras\dinamicos\Casa\public\public_0000.npy
Casa,Casa_Articulador2.mp4,ok,C:\KONECTA\OCR\dados_libras\dinamicos\Casa\public\public_0001.npy
Casa,Casa_Articulador3.mp4,ok,C:\KONECTA\OCR\dados_libras\dinamicos\Casa\public\public_0002.npy
Casaco,Casaco_Articulador1.mp4,ok,C:\KONECTA\OCR\dados_libras\dinamicos\Casaco\public\public_0000.npy
Casaco,Casaco_Articulador2.mp4,ok,C:\KONECTA\OCR\dados_libras\dinamicos\Casaco\public\public_0001.npy
Casaco,Casaco_Articulador3.mp4,ok,C:\KONECTA\OCR\dados_libras\dinamicos\Casaco\public\public_0002.npy
Casamento,Casamento_Articulador1.mp4,ok,C:\KONECTA\OCR\dados_libras\dinamicos\Casamento\public\public_0000.npy
Casamento,Casamento_Articulador2.mp4,ok,C:\KONECTA\OCR\dados_libras\dinamicos\Casamento\public\public_0001.npy
Casamento,Casamento_Articulador3.mp4,ok,C:\KONECTA\OCR\dados_libras\dinamicos\Casamento\public\public_0002.npy
Católico,Católico_Articulador1.mp4,ok,C:\KONECTA\OCR\dados_libras\dinamicos\Católico\public\public_0000.npy
Católico,Católico_Articulador2.mp4,ok,C:\KONECTA\OCR\dados_libras\dinamicos\Católico\public\public_0001.npy
Católico,Católico_Articulador3.mp4,ok,C:\KONECTA\OCR\dados_libras\dinamicos\Católico\public\public_0002.npy
Causa,Causa_Articulador1.mp4,ok,C:\KONECTA\OCR\dados_libras\dinamicos\Causa\public\public_0000.npy
Causa,Causa_Articulador2.mp4,ok,C:\KONECTA\OCR\dados_libras\dinamicos\Causa\public\public_0001.npy
Causa,Causa_Articulador3.mp4,ok,C:\KONECTA\OCR\dados_libras\dinamicos\Causa\public\public_0002.npy
Cavalo,Cavalo_Articulador1.mp4,ok,C:\KONECTA\OCR\dados_libras\dinamicos\Cavalo\public\public_0000.npy
Cavalo,Cavalo_Articulador2.mp4,ok,C:\KONECTA\OCR\dados_libras\dinamicos\Cavalo\public\public_0001.npy
Cavalo,Cavalo_Articulador3.mp4,ok,C:\KONECTA\OCR\dados_libras\dinamicos\Cavalo\public\public_0002.npy
Caxumba,Caxumba_Articulador1.mp4,ok,C:\KONECTA\OCR\dados_libras\dinamicos\Caxumba\public\public_0000.npy
Caxumba,Caxumba_Articulador2.mp4,ok,C:\KONECTA\OCR\dados_libras\dinamicos\Caxumba\public\public_0001.npy
Caxumba,Caxumba_Articulador3.mp4,ok,C:\KONECTA\OCR\dados_libras\dinamicos\Caxumba\public\public_0002.npy
Caçando,Caçando_Articulador1.mp4,ok,C:\KONECTA\OCR\dados_libras\dinamicos\Caçando\public\public_0000.npy
Caçando,Caçando_Articulador2.mp4,ok,C:\KONECTA\OCR\dados_libras\dinamicos\Caçando\public\public_0001.npy
Caçando,Caçando_Articulador3.mp4,ok,C:\KONECTA\OCR\dados_libras\dinamicos\Caçando\public\public_0002.npy
Cebola,Cebola_Articulador1.mp4,ok,C:\KONECTA\OCR\dados_libras\dinamicos\Cebola\public\public_0000.npy
Cebola,Cebola_Articulador2.mp4,ok,C:\KONECTA\OCR\dados_libras\dinamicos\Cebola\public\public_0001.npy
Cebola,Cebola_Articulador3.mp4,ok,C:\KONECTA\OCR\dados_libras\dinamicos\Cebola\public\public_0002.npy
Cego,Cego_Articulador1.mp4,ok,C:\KONECTA\OCR\dados_libras\dinamicos\Cego\public\public_0000.npy
Cego,Cego_Articulador2.mp4,ok,C:\KONECTA\OCR\dados_libras\dinamicos\Cego\public\public_0001.npy
Cego,Cego_Articulador3.mp4,ok,C:\KONECTA\OCR\dados_libras\dinamicos\Cego\public\public_0002.npy
Centro,Centro_Articulador1.mp4,ok,C:\KONECTA\OCR\dados_libras\dinamicos\Centro\public\public_0000.npy
Centro,Centro_Articulador2.mp4,ok,C:\KONECTA\OCR\dados_libras\dinamicos\Centro\public\public_0001.npy
Centro,Centro_Articulador3.mp4,ok,C:\KONECTA\OCR\dados_libras\dinamicos\Centro\public\public_0002.npy
Cerca (barreira),Cerca (barreira)_Articulador1.mp4,ok,C:\KONECTA\OCR\dados_libras\dinamicos\Cerca (barreira)\public\public_0000.npy
Cerca (barreira),Cerca (barreira)_Articulador2.mp4,ok,C:\KONECTA\OCR\dados_libras\dinamicos\Cerca (barreira)\public\public_0001.npy
Cerca (barreira),Cerca (barreira)_Articulador3.mp4,ok,C:\KONECTA\OCR\dados_libras\dinamicos\Cerca (barreira)\public\public_0002.npy
Cereal,Cereal_Articulador1.mp4,ok,C:\KONECTA\OCR\dados_libras\dinamicos\Cereal\public\public_0000.npy
Cereal,Cereal_Articulador2.mp4,ok,C:\KONECTA\OCR\dados_libras\dinamicos\Cereal\public\public_0001.npy
Cereal,Cereal_Articulador3.mp4,ok,C:\KONECTA\OCR\dados_libras\dinamicos\Cereal\public\public_0002.npy
Certificar (atestar),Certificar (atestar)_Articulador1.mp4,ok,C:\KONECTA\OCR\dados_libras\dinamicos\Certificar (atestar)\public\public_0000.npy
Certificar (atestar),Certificar (atestar)_Articulador2.mp4,ok,C:\KONECTA\OCR\dados_libras\dinamicos\Certificar (atestar)\public\public_0001.npy
Certificar (atestar),Certificar (atestar)_Articulador3.mp4,ok,C:\KONECTA\OCR\dados_libras\dinamicos\Certificar (atestar)\public\public_0002.npy
Cerveja,Cerveja_Articulador1.mp4,ok,C:\KONECTA\OCR\dados_libras\dinamicos\Cerveja\public\public_0000.npy
Cerveja,Cerveja_Articulador2.mp4,ok,C:\KONECTA\OCR\dados_libras\dinamicos\Cerveja\public\public_0001.npy
Cerveja,Cerveja_Articulador3.mp4,ok,C:\KONECTA\OCR\dados_libras\dinamicos\Cerveja\public\public_0002.npy
Cesta (de feira),Cesta (de feira)_Articulador1.mp4,ok,C:\KONECTA\OCR\dados_libras\dinamicos\Cesta (de feira)\public\public_0000.npy
Cesta (de feira),Cesta (de feira)_Articulador2.mp4,ok,C:\KONECTA\OCR\dados_libras\dinamicos\Cesta (de feira)\public\public_0001.npy
Cesta (de feira),Cesta (de feira)_Articulador3.mp4,ok,C:\KONECTA\OCR\dados_libras\dinamicos\Cesta (de feira)\public\public_0002.npy
Chamada por telefone,Chamada por telefone_Articulador1.mp4,ok,C:\KONECTA\OCR\dados_libras\dinamicos\Chamada por telefone\public\public_0000.npy
Chamada por telefone,Chamada por telefone_Articulador2.mp4,ok,C:\KONECTA\OCR\dados_libras\dinamicos\Chamada por telefone\public\public_0001.npy
Chamada por telefone,Chamada por telefone_Articulador3.mp4,ok,C:\KONECTA\OCR\dados_libras\dinamicos\Chamada por telefone\public\public_0002.npy
Chance,Chance_Articulador1.mp4,ok,C:\KONECTA\OCR\dados_libras\dinamicos\Chance\public\public_0000.npy
Chance,Chance_Articulador2.mp4,ok,C:\KONECTA\OCR\dados_libras\dinamicos\Chance\public\public_0001.npy
Chance,Chance_Articulador3.mp4,ok,C:\KONECTA\OCR\dados_libras\dinamicos\Chance\public\public_0002.npy
Chapéu,Chapéu_Articulador1.mp4,ok,C:\KONECTA\OCR\dados_libras\dinamicos\Chapéu\public\public_0000.npy
Chapéu,Chapéu_Articulador2.mp4,ok,C:\KONECTA\OCR\dados_libras\dinamicos\Chapéu\public\public_0001.npy
Chapéu,Chapéu_Articulador3.mp4,ok,C:\KONECTA\OCR\dados_libras\dinamicos\Chapéu\public\public_0002.npy
Chave,Chave_Articulador1.mp4,ok,C:\KONECTA\OCR\dados_libras\dinamicos\Chave\public\public_0000.npy
Chave,Chave_Articulador2.mp4,ok,C:\KONECTA\OCR\dados_libras\dinamicos\Chave\public\public_0001.npy
Chave,Chave_Articulador3.mp4,ok,C:\KONECTA\OCR\dados_libras\dinamicos\Chave\public\public_0002.npy
Chave de fenda,Chave de fenda_Articulador1.mp4,ok,C:\KONECTA\OCR\dados_libras\dinamicos\Chave de fenda\public\public_0000.npy
Chave de fenda,Chave de fenda_Articulador2.mp4,ok,C:\KONECTA\OCR\dados_libras\dinamicos\Chave de fenda\public\public_0001.npy
Chave de fenda,Chave de fenda_Articulador3.mp4,ok,C:\KONECTA\OCR\dados_libras\dinamicos\Chave de fenda\public\public_0002.npy
Chefe,Chefe_Articulador1.mp4,ok,C:\KONECTA\OCR\dados_libras\dinamicos\Chefe\public\public_0000.npy
Chefe,Chefe_Articulador2.mp4,ok,C:\KONECTA\OCR\dados_libras\dinamicos\Chefe\public\public_0001.npy
Chefe,Chefe_Articulador3.mp4,ok,C:\KONECTA\OCR\dados_libras\dinamicos\Chefe\public\public_0002.npy
Chegar,Chegar_Articulador1.mp4,ok,C:\KONECTA\OCR\dados_libras\dinamicos\Chegar\public\public_0000.npy
Chegar,Chegar_Articulador2.mp4,ok,C:\KONECTA\OCR\dados_libras\dinamicos\Chegar\public\public_0001.npy
Chegar,Chegar_Articulador3.mp4,ok,C:\KONECTA\OCR\dados_libras\dinamicos\Chegar\public\public_0002.npy
Chegar a algum lugar,Chegar a algum lugar_Articulador1.mp4,ok,C:\KONECTA\OCR\dados_libras\dinamicos\Chegar a algum lugar\public\public_0000.npy
Chegar a algum lugar,Chegar a algum lugar_Articulador2.mp4,ok,C:\KONECTA\OCR\dados_libras\dinamicos\Chegar a algum lugar\public\public_0001.npy
Chegar a algum lugar,Chegar a algum lugar_Articulador3.mp4,ok,C:\KONECTA\OCR\dados_libras\dinamicos\Chegar a algum lugar\public\public_0002.npy
Cheio,Cheio_Articulador1.mp4,ok,C:\KONECTA\OCR\dados_libras\dinamicos\Cheio\public\public_0000.npy
Cheio,Cheio_Articulador2.mp4,ok,C:\KONECTA\OCR\dados_libras\dinamicos\Cheio\public\public_0001.npy
Cheio,Cheio_Articulador3.mp4,ok,C:\KONECTA\OCR\dados_libras\dinamicos\Cheio\public\public_0002.npy
Cheiro,Cheiro_Articulador1.mp4,ok,C:\KONECTA\OCR\dados_libras\dinamicos\Cheiro\public\public_0000.npy
Cheiro,Cheiro_Articulador2.mp4,ok,C:\KONECTA\OCR\dados_libras\dinamicos\Cheiro\public\public_0001.npy
Cheiro,Cheiro_Articulador3.mp4,ok,C:\KONECTA\OCR\dados_libras\dinamicos\Cheiro\public\public_0002.npy
Chicote,Chicote_Articulador1.mp4,ok,C:\KONECTA\OCR\dados_libras\dinamicos\Chicote\public\public_0000.npy
Chicote,Chicote_Articulador2.mp4,ok,C:\KONECTA\OCR\dados_libras\dinamicos\Chicote\public\public_0001.npy
Chicote,Chicote_Articulador3.mp4,ok,C:\KONECTA\OCR\dados_libras\dinamicos\Chicote\public\public_0002.npy
Chinelo de dedo,Chinelo de dedo_Articulador1.mp4,ok,C:\KONECTA\OCR\dados_libras\dinamicos\Chinelo de dedo\public\public_0000.npy
Chinelo de dedo,Chinelo de dedo_Articulador2.mp4,ok,C:\KONECTA\OCR\dados_libras\dinamicos\Chinelo de dedo\public\public_0001.npy
Chinelo de dedo,Chinelo de dedo_Articulador3.mp4,ok,C:\KONECTA\OCR\dados_libras\dinamicos\Chinelo de dedo\public\public_0002.npy
Chique,Chique_Articulador1.mp4,ok,C:\KONECTA\OCR\dados_libras\dinamicos\Chique\public\public_0000.npy
Chique,Chique_Articulador2.mp4,ok,C:\KONECTA\OCR\dados_libras\dinamicos\Chique\public\public_0001.npy
Chique,Chique_Articulador3.mp4,ok,C:\KONECTA\OCR\dados_libras\dinamicos\Chique\public\public_0002.npy
Chocolate,Chocolate_Articulador1.mp4,ok,C:\KONECTA\OCR\dados_libras\dinamicos\Chocolate\public\public_0000.npy
Chocolate,Chocolate_Articulador2.mp4,ok,C:\KONECTA\OCR\dados_libras\dinamicos\Chocolate\public\public_0001.npy
Chocolate,Chocolate_Articulador3.mp4,ok,C:\KONECTA\OCR\dados_libras\dinamicos\Chocolate\public\public_0002.npy
Choro,Choro_Articulador1.mp4,ok,C:\KONECTA\OCR\dados_libras\dinamicos\Choro\public\public_0000.npy
Choro,Choro_Articulador2.mp4,ok,C:\KONECTA\OCR\dados_libras\dinamicos\Choro\public\public_0001.npy
Choro,Choro_Articulador3.mp4,ok,C:\KONECTA\OCR\dados_libras\dinamicos\Choro\public\public_0002.npy
Chute,Chute_Articulador1.mp4,ok,C:\KONECTA\OCR\dados_libras\dinamicos\Chute\public\public_0000.npy
Chute,Chute_Articulador2.mp4,ok,C:\KONECTA\OCR\dados_libras\dinamicos\Chute\public\public_0001.npy
Chute,Chute_Articulador3.mp4,ok,C:\KONECTA\OCR\dados_libras\dinamicos\Chute\public\public_0002.npy
Chuva,Chuva_Articulador1.mp4,ok,C:\KONECTA\OCR\dados_libras\dinamicos\Chuva\public\public_0000.npy
Chuva,Chuva_Articulador2.mp4,ok,C:\KONECTA\OCR\dados_libras\dinamicos\Chuva\public\public_0001.npy
Chuva,Chuva_Articulador3.mp4,ok,C:\KONECTA\OCR\dados_libras\dinamicos\Chuva\public\public_0002.npy
Chuveiro,Chuveiro_Articulador1.mp4,ok,C:\KONECTA\OCR\dados_libras\dinamicos\Chuveiro\public\public_0000.npy
Chuveiro,Chuveiro_Articulador2.mp4,ok,C:\KONECTA\OCR\dados_libras\dinamicos\Chuveiro\public\public_0001.npy
Chuveiro,Chuveiro_Articulador3.mp4,ok,C:\KONECTA\OCR\dados_libras\dinamicos\Chuveiro\public\public_0002.npy
Chá,Chá_Articulador1.mp4,ok,C:\KONECTA\OCR\dados_libras\dinamicos\Chá\public\public_0000.npy
Chá,Chá_Articulador2.mp4,ok,C:\KONECTA\OCR\dados_libras\dinamicos\Chá\public\public_0001.npy
Chá,Chá_Articulador3.mp4,ok,C:\KONECTA\OCR\dados_libras\dinamicos\Chá\public\public_0002.npy
Chão,Chão_Articulador1.mp4,ok,C:\KONECTA\OCR\dados_libras\dinamicos\Chão\public\public_0000.npy
Chão,Chão_Articulador2.mp4,ok,C:\KONECTA\OCR\dados_libras\dinamicos\Chão\public\public_0001.npy
Chão,Chão_Articulador3.mp4,ok,C:\KONECTA\OCR\dados_libras\dinamicos\Chão\public\public_0002.npy
Ciclo,Ciclo_Articulador1.mp4,ok,C:\KONECTA\OCR\dados_libras\dinamicos\Ciclo\public\public_0000.npy
Ciclo,Ciclo_Articulador2.mp4,ok,C:\KONECTA\OCR\dados_libras\dinamicos\Ciclo\public\public_0001.npy
Ciclo,Ciclo_Articulador3.mp4,ok,C:\KONECTA\OCR\dados_libras\dinamicos\Ciclo\public\public_0002.npy
Cidade,Cidade_Articulador1.mp4,ok,C:\KONECTA\OCR\dados_libras\dinamicos\Cidade\public\public_0000.npy
Cidade,Cidade_Articulador2.mp4,ok,C:\KONECTA\OCR\dados_libras\dinamicos\Cidade\public\public_0001.npy
Cidade,Cidade_Articulador3.mp4,ok,C:\KONECTA\OCR\dados_libras\dinamicos\Cidade\public\public_0002.npy
Cigarro,Cigarro_Articulador1.mp4,ok,C:\KONECTA\OCR\dados_libras\dinamicos\Cigarro\public\public_0000.npy
Cigarro,Cigarro_Articulador2.mp4,ok,C:\KONECTA\OCR\dados_libras\dinamicos\Cigarro\public\public_0001.npy
Cigarro,Cigarro_Articulador3.mp4,ok,C:\KONECTA\OCR\dados_libras\dinamicos\Cigarro\public\public_0002.npy
Cintura,Cintura_Articulador1.mp4,ok,C:\KONECTA\OCR\dados_libras\dinamicos\Cintura\public\public_0000.npy
Cintura,Cintura_Articulador2.mp4,ok,C:\KONECTA\OCR\dados_libras\dinamicos\Cintura\public\public_0001.npy
Cintura,Cintura_Articulador3.mp4,ok,C:\KONECTA\OCR\dados_libras\dinamicos\Cintura\public\public_0002.npy
Cinza (cor),Cinza (cor)_Articulador1.mp4,ok,C:\KONECTA\OCR\dados_libras\dinamicos\Cinza (cor)\public\public_0000.npy
Cinza (cor),Cinza (cor)_Articulador2.mp4,ok,C:\KONECTA\OCR\dados_libras\dinamicos\Cinza (cor)\public\public_0001.npy
Cinza (cor),Cinza (cor)_Articulador3.mp4,ok,C:\KONECTA\OCR\dados_libras\dinamicos\Cinza (cor)\public\public_0002.npy
Cirurgia,Cirurgia_Articulador1.mp4,ok,C:\KONECTA\OCR\dados_libras\dinamicos\Cirurgia\public\public_0000.npy
Cirurgia,Cirurgia_Articulador2.mp4,ok,C:\KONECTA\OCR\dados_libras\dinamicos\Cirurgia\public\public_0001.npy
Cirurgia,Cirurgia_Articulador3.mp4,ok,C:\KONECTA\OCR\dados_libras\dinamicos\Cirurgia\public\public_0002.npy
Citação,Citação_Articulador1.mp4,ok,C:\KONECTA\OCR\dados_libras\dinamicos\Citação\public\public_0000.npy
Citação,Citação_Articulador2.mp4,ok,C:\KONECTA\OCR\dados_libras\dinamicos\Citação\public\public_0001.npy
Citação,Citação_Articulador3.mp4,ok,C:\KONECTA\OCR\dados_libras\dinamicos\Citação\public\public_0002.npy
Ciumento,Ciumento_Articulador1.mp4,ok,C:\KONECTA\OCR\dados_libras\dinamicos\Ciumento\public\public_0000.npy
Ciumento,Ciumento_Articulador2.mp4,ok,C:\KONECTA\OCR\dados_libras\dinamicos\Ciumento\public\public_0001.npy
Ciumento,Ciumento_Articulador3.mp4,ok,C:\KONECTA\OCR\dados_libras\dinamicos\Ciumento\public\public_0002.npy
Ciência,Ciência_Articulador1.mp4,ok,C:\KONECTA\OCR\dados_libras\dinamicos\Ciência\public\public_0000.npy
Ciência,Ciência_Articulador2.mp4,ok,C:\KONECTA\OCR\dados_libras\dinamicos\Ciência\public\public_0001.npy
Ciência,Ciência_Articulador3.mp4,ok,C:\KONECTA\OCR\dados_libras\dinamicos\Ciência\public\public_0002.npy
Claro,Claro_Articulador1.mp4,ok,C:\KONECTA\OCR\dados_libras\dinamicos\Claro\public\public_0000.npy
Claro,Claro_Articulador2.mp4,ok,C:\KONECTA\OCR\dados_libras\dinamicos\Claro\public\public_0001.npy
Claro,Claro_Articulador3.mp4,ok,C:\KONECTA\OCR\dados_libras\dinamicos\Claro\public\public_0002.npy
Classe,Classe_Articulador1.mp4,ok,C:\KONECTA\OCR\dados_libras\dinamicos\Classe\public\public_0000.npy
Classe,Classe_Articulador2.mp4,ok,C:\KONECTA\OCR\dados_libras\dinamicos\Classe\public\public_0001.npy
Classe,Classe_Articulador3.mp4,ok,C:\KONECTA\OCR\dados_libras\dinamicos\Classe\public\public_0002.npy
Clima,Clima_Articulador1.mp4,ok,C:\KONECTA\OCR\dados_libras\dinamicos\Clima\public\public_0000.npy
Clima,Clima_Articulador2.mp4,ok,C:\KONECTA\OCR\dados_libras\dinamicos\Clima\public\public_0001.npy
Clima,Clima_Articulador3.mp4,ok,C:\KONECTA\OCR\dados_libras\dinamicos\Clima\public\public_0002.npy
Cobertor,Cobertor_Articulador1.mp4,ok,C:\KONECTA\OCR\dados_libras\dinamicos\Cobertor\public\public_0000.npy
Cobertor,Cobertor_Articulador2.mp4,ok,C:\KONECTA\OCR\dados_libras\dinamicos\Cobertor\public\public_0001.npy
Cobertor,Cobertor_Articulador3.mp4,ok,C:\KONECTA\OCR\dados_libras\dinamicos\Cobertor\public\public_0002.npy
Coco,Coco_Articulador1.mp4,ok,C:\KONECTA\OCR\dados_libras\dinamicos\Coco\public\public_0000.npy
Coco,Coco_Articulador2.mp4,ok,C:\KONECTA\OCR\dados_libras\dinamicos\Coco\public\public_0001.npy
Coco,Coco_Articulador3.mp4,ok,C:\KONECTA\OCR\dados_libras\dinamicos\Coco\public\public_0002.npy
Coelho,Coelho_Articulador1.mp4,ok,C:\KONECTA\OCR\dados_libras\dinamicos\Coelho\public\public_0000.npy
Coelho,Coelho_Articulador2.mp4,ok,C:\KONECTA\OCR\dados_libras\dinamicos\Coelho\public\public_0001.npy
Coelho,Coelho_Articulador3.mp4,ok,C:\KONECTA\OCR\dados_libras\dinamicos\Coelho\public\public_0002.npy
Cola,Cola_Articulador1.mp4,ok,C:\KONECTA\OCR\dados_libras\dinamicos\Cola\public\public_0000.npy
Cola,Cola_Articulador2.mp4,ok,C:\KONECTA\OCR\dados_libras\dinamicos\Cola\public\public_0001.npy
Cola,Cola_Articulador3.mp4,ok,C:\KONECTA\OCR\dados_libras\dinamicos\Cola\public\public_0002.npy
Colaborar,Colaborar_Articulador1.mp4,ok,C:\KONECTA\OCR\dados_libras\dinamicos\Colaborar\public\public_0000.npy
Colaborar,Colaborar_Articulador2.mp4,ok,C:\KONECTA\OCR\dados_libras\dinamicos\Colaborar\public\public_0001.npy
Colaborar,Colaborar_Articulador3.mp4,ok,C:\KONECTA\OCR\dados_libras\dinamicos\Colaborar\public\public_0002.npy
Colapso,Colapso_Articulador1.mp4,ok,C:\KONECTA\OCR\dados_libras\dinamicos\Colapso\public\public_0000.npy
Colapso,Colapso_Articulador2.mp4,ok,C:\KONECTA\OCR\dados_libras\dinamicos\Colapso\public\public_0001.npy
Colapso,Colapso_Articulador3.mp4,ok,C:\KONECTA\OCR\dados_libras\dinamicos\Colapso\public\public_0002.npy
Colar grau,Colar grau_Articulador1.mp4,ok,C:\KONECTA\OCR\dados_libras\dinamicos\Colar grau\public\public_0000.npy
Colar grau,Colar grau_Articulador2.mp4,ok,C:\KONECTA\OCR\dados_libras\dinamicos\Colar grau\public\public_0001.npy
Colar grau,Colar grau_Articulador3.mp4,ok,C:\KONECTA\OCR\dados_libras\dinamicos\Colar grau\public\public_0002.npy
Coletar,Coletar_Articulador1.mp4,ok,C:\KONECTA\OCR\dados_libras\dinamicos\Coletar\public\public_0000.npy
Coletar,Coletar_Articulador2.mp4,ok,C:\KONECTA\OCR\dados_libras\dinamicos\Coletar\public\public_0001.npy
Coletar,Coletar_Articulador3.mp4,ok,C:\KONECTA\OCR\dados_libras\dinamicos\Coletar\public\public_0002.npy
Colocar,Colocar_Articulador1.mp4,ok,C:\KONECTA\OCR\dados_libras\dinamicos\Colocar\public\public_0000.npy
Colocar,Colocar_Articulador2.mp4,ok,C:\KONECTA\OCR\dados_libras\dinamicos\Colocar\public\public_0001.npy
Colocar,Colocar_Articulador3.mp4,ok,C:\KONECTA\OCR\dados_libras\dinamicos\Colocar\public\public_0002.npy
Colégio,Colégio_Articulador1.mp4,ok,C:\KONECTA\OCR\dados_libras\dinamicos\Colégio\public\public_0000.npy
Colégio,Colégio_Articulador2.mp4,ok,C:\KONECTA\OCR\dados_libras\dinamicos\Colégio\public\public_0001.npy
Colégio,Colégio_Articulador3.mp4,ok,C:\KONECTA\OCR\dados_libras\dinamicos\Colégio\public\public_0002.npy
Com frequência,Com frequência_Articulador1.mp4,ok,C:\KONECTA\OCR\dados_libras\dinamicos\Com frequência\public\public_0000.npy
Com frequência,Com frequência_Articulador2.mp4,ok,C:\KONECTA\OCR\dados_libras\dinamicos\Com frequência\public\public_0001.npy
Com frequência,Com frequência_Articulador3.mp4,ok,C:\KONECTA\OCR\dados_libras\dinamicos\Com frequência\public\public_0002.npy
Com licença,Com licença_Articulador1.mp4,ok,C:\KONECTA\OCR\dados_libras\dinamicos\Com licença\public\public_0000.npy
Com licença,Com licença_Articulador2.mp4,ok,C:\KONECTA\OCR\dados_libras\dinamicos\Com licença\public\public_0001.npy
Com licença,Com licença_Articulador3.mp4,ok,C:\KONECTA\OCR\dados_libras\dinamicos\Com licença\public\public_0002.npy
Com medo,Com medo_Articulador1.mp4,ok,C:\KONECTA\OCR\dados_libras\dinamicos\Com medo\public\public_0000.npy
Com medo,Com medo_Articulador2.mp4,ok,C:\KONECTA\OCR\dados_libras\dinamicos\Com medo\public\public_0001.npy
Com medo,Com medo_Articulador3.mp4,ok,C:\KONECTA\OCR\dados_libras\dinamicos\Com medo\public\public_0002.npy
Com sede,Com sede_Articulador1.mp4,ok,C:\KONECTA\OCR\dados_libras\dinamicos\Com sede\public\public_0000.npy
Com sede,Com sede_Articulador2.mp4,ok,C:\KONECTA\OCR\dados_libras\dinamicos\Com sede\public\public_0001.npy
Com sede,Com sede_Articulador3.mp4,ok,C:\KONECTA\OCR\dados_libras\dinamicos\Com sede\public\public_0002.npy
Comemorar (celebrar),Comemorar (celebrar)_Articulador1.mp4,ok,C:\KONECTA\OCR\dados_libras\dinamicos\Comemorar (celebrar)\public\public_0000.npy
Comemorar (celebrar),Comemorar (celebrar)_Articulador2.mp4,ok,C:\KONECTA\OCR\dados_libras\dinamicos\Comemorar (celebrar)\public\public_0001.npy
Comemorar (celebrar),Comemorar (celebrar)_Articulador3.mp4,ok,C:\KONECTA\OCR\dados_libras\dinamicos\Comemorar (celebrar)\public\public_0002.npy
Comer,Comer_Articulador1.mp4,ok,C:\KONECTA\OCR\dados_libras\dinamicos\Comer\public\public_0000.npy
Comer,Comer_Articulador2.mp4,ok,C:\KONECTA\OCR\dados_libras\dinamicos\Comer\public\public_0001.npy
Comer,Comer_Articulador3.mp4,ok,C:\KONECTA\OCR\dados_libras\dinamicos\Comer\public\public_0002.npy
Comer com faca,Comer com faca_Articulador1.mp4,ok,C:\KONECTA\OCR\dados_libras\dinamicos\Comer com faca\public\public_0000.npy
Comer com faca,Comer com faca_Articulador2.mp4,ok,C:\KONECTA\OCR\dados_libras\dinamicos\Comer com faca\public\public_0001.npy
Comer com faca,Comer com faca_Articulador3.mp4,ok,C:\KONECTA\OCR\dados_libras\dinamicos\Comer com faca\public\public_0002.npy
Comer à noite,Comer à noite_Articulador1.mp4,ok,C:\KONECTA\OCR\dados_libras\dinamicos\Comer à noite\public\public_0000.npy
Comer à noite,Comer à noite_Articulador2.mp4,ok,C:\KONECTA\OCR\dados_libras\dinamicos\Comer à noite\public\public_0001.npy
Comer à noite,Comer à noite_Articulador3.mp4,ok,C:\KONECTA\OCR\dados_libras\dinamicos\Comer à noite\public\public_0002.npy
Começar,Começar_Articulador1.mp4,ok,C:\KONECTA\OCR\dados_libras\dinamicos\Começar\public\public_0000.npy
Começar,Começar_Articulador2.mp4,ok,C:\KONECTA\OCR\dados_libras\dinamicos\Começar\public\public_0001.npy
Começar,Começar_Articulador3.mp4,ok,C:\KONECTA\OCR\dados_libras\dinamicos\Começar\public\public_0002.npy
Comissão,Comissão_Articulador1.mp4,ok,C:\KONECTA\OCR\dados_libras\dinamicos\Comissão\public\public_0000.npy
Comissão,Comissão_Articulador2.mp4,ok,C:\KONECTA\OCR\dados_libras\dinamicos\Comissão\public\public_0001.npy
Comissão,Comissão_Articulador3.mp4,ok,C:\KONECTA\OCR\dados_libras\dinamicos\Comissão\public\public_0002.npy
Como,Como_Articulador1.mp4,ok,C:\KONECTA\OCR\dados_libras\dinamicos\Como\public\public_0000.npy
Como,Como_Articulador2.mp4,ok,C:\KONECTA\OCR\dados_libras\dinamicos\Como\public\public_0001.npy
Como,Como_Articulador3.mp4,ok,C:\KONECTA\OCR\dados_libras\dinamicos\Como\public\public_0002.npy
Compaixão,Compaixão_Articulador1.mp4,ok,C:\KONECTA\OCR\dados_libras\dinamicos\Compaixão\public\public_0000.npy
Compaixão,Compaixão_Articulador2.mp4,ok,C:\KONECTA\OCR\dados_libras\dinamicos\Compaixão\public\public_0001.npy
Compaixão,Compaixão_Articulador3.mp4,ok,C:\KONECTA\OCR\dados_libras\dinamicos\Compaixão\public\public_0002.npy
Comparar,Comparar_Articulador1.mp4,ok,C:\KONECTA\OCR\dados_libras\dinamicos\Comparar\public\public_0000.npy
Comparar,Comparar_Articulador2.mp4,ok,C:\KONECTA\OCR\dados_libras\dinamicos\Comparar\public\public_0001.npy
Comparar,Comparar_Articulador3.mp4,ok,C:\KONECTA\OCR\dados_libras\dinamicos\Comparar\public\public_0002.npy
Comportamento (conduta),Comportamento (conduta)_Articulador1.mp4,ok,C:\KONECTA\OCR\dados_libras\dinamicos\Comportamento (conduta)\public\public_0000.npy
Comportamento (conduta),Comportamento (conduta)_Articulador2.mp4,ok,C:\KONECTA\OCR\dados_libras\dinamicos\Comportamento (conduta)\public\public_0001.npy
Comportamento (conduta),Comportamento (conduta)_Articulador3.mp4,ok,C:\KONECTA\OCR\dados_libras\dinamicos\Comportamento (conduta)\public\public_0002.npy
Comprar,Comprar_Articulador1.mp4,ok,C:\KONECTA\OCR\dados_libras\dinamicos\Comprar\public\public_0000.npy
Comprar,Comprar_Articulador2.mp4,ok,C:\KONECTA\OCR\dados_libras\dinamicos\Comprar\public\public_0001.npy
Comprar,Comprar_Articulador3.mp4,ok,C:\KONECTA\OCR\dados_libras\dinamicos\Comprar\public\public_0002.npy
Compreender,Compreender_Articulador1.mp4,ok,C:\KONECTA\OCR\dados_libras\dinamicos\Compreender\public\public_0000.npy
Compreender,Compreender_Articulador2.mp4,ok,C:\KONECTA\OCR\dados_libras\dinamicos\Compreender\public\public_0001.npy
Compreender,Compreender_Articulador3.mp4,ok,C:\KONECTA\OCR\dados_libras\dinamicos\Compreender\public\public_0002.npy
Compromisso marcado,Compromisso marcado_Articulador1.mp4,ok,C:\KONECTA\OCR\dados_libras\dinamicos\Compromisso marcado\public\public_0000.npy
Compromisso marcado,Compromisso marcado_Articulador2.mp4,ok,C:\KONECTA\OCR\dados_libras\dinamicos\Compromisso marcado\public\public_0001.npy
Compromisso marcado,Compromisso marcado_Articulador3.mp4,ok,C:\KONECTA\OCR\dados_libras\dinamicos\Compromisso marcado\public\public_0002.npy
Computador,Computador_Articulador1.mp4,ok,C:\KONECTA\OCR\dados_libras\dinamicos\Computador\public\public_0000.npy
Computador,Computador_Articulador2.mp4,ok,C:\KONECTA\OCR\dados_libras\dinamicos\Computador\public\public_0001.npy
Computador,Computador_Articulador3.mp4,ok,C:\KONECTA\OCR\dados_libras\dinamicos\Computador\public\public_0002.npy
Computador portátil,Computador portátil_Articulador1.mp4,ok,C:\KONECTA\OCR\dados_libras\dinamicos\Computador portátil\public\public_0000.npy
Computador portátil,Computador portátil_Articulador2.mp4,ok,C:\KONECTA\OCR\dados_libras\dinamicos\Computador portátil\public\public_0001.npy
Computador portátil,Computador portátil_Articulador3.mp4,ok,C:\KONECTA\OCR\dados_libras\dinamicos\Computador portátil\public\public_0002.npy
Comunicar,Comunicar_Articulador1.mp4,ok,C:\KONECTA\OCR\dados_libras\dinamicos\Comunicar\public\public_0000.npy
Comunicar,Comunicar_Articulador2.mp4,ok,C:\KONECTA\OCR\dados_libras\dinamicos\Comunicar\public\public_0001.npy
Comunicar,Comunicar_Articulador3.mp4,ok,C:\KONECTA\OCR\dados_libras\dinamicos\Comunicar\public\public_0002.npy
Conceito,Conceito_Articulador1.mp4,ok,C:\KONECTA\OCR\dados_libras\dinamicos\Conceito\public\public_0000.npy
Conceito,Conceito_Articulador2.mp4,ok,C:\KONECTA\OCR\dados_libras\dinamicos\Conceito\public\public_0001.npy
Conceito,Conceito_Articulador3.mp4,ok,C:\KONECTA\OCR\dados_libras\dinamicos\Conceito\public\public_0002.npy
Conclusão,Conclusão_Articulador1.mp4,ok,C:\KONECTA\OCR\dados_libras\dinamicos\Conclusão\public\public_0000.npy
Conclusão,Conclusão_Articulador2.mp4,ok,C:\KONECTA\OCR\dados_libras\dinamicos\Conclusão\public\public_0001.npy
Conclusão,Conclusão_Articulador3.mp4,ok,C:\KONECTA\OCR\dados_libras\dinamicos\Conclusão\public\public_0002.npy
Concordar,Concordar_Articulador1.mp4,ok,C:\KONECTA\OCR\dados_libras\dinamicos\Concordar\public\public_0000.npy
Concordar,Concordar_Articulador2.mp4,ok,C:\KONECTA\OCR\dados_libras\dinamicos\Concordar\public\public_0001.npy
Concordar,Concordar_Articulador3.mp4,ok,C:\KONECTA\OCR\dados_libras\dinamicos\Concordar\public\public_0002.npy
Condutor,Condutor_Articulador1.mp4,ok,C:\KONECTA\OCR\dados_libras\dinamicos\Condutor\public\public_0000.npy
Condutor,Condutor_Articulador2.mp4,ok,C:\KONECTA\OCR\dados_libras\dinamicos\Condutor\public\public_0001.npy
Condutor,Condutor_Articulador3.mp4,ok,C:\KONECTA\OCR\dados_libras\dinamicos\Condutor\public\public_0002.npy
Conduzir,Conduzir_Articulador1.mp4,ok,C:\KONECTA\OCR\dados_libras\dinamicos\Conduzir\public\public_0000.npy
Conduzir,Conduzir_Articulador2.mp4,ok,C:\KONECTA\OCR\dados_libras\dinamicos\Conduzir\public\public_0001.npy
Conduzir,Conduzir_Articulador3.mp4,ok,C:\KONECTA\OCR\dados_libras\dinamicos\Conduzir\public\public_0002.npy
Confortável,Confortável_Articulador1.mp4,ok,C:\KONECTA\OCR\dados_libras\dinamicos\Confortável\public\public_0000.npy
Confortável,Confortável_Articulador2.mp4,ok,C:\KONECTA\OCR\dados_libras\dinamicos\Confortável\public\public_0001.npy
Confortável,Confortável_Articulador3.mp4,ok,C:\KONECTA\OCR\dados_libras\dinamicos\Confortável\public\public_0002.npy
Confrontar (enfrentar),Confrontar (enfrentar)_Articulador1.mp4,ok,C:\KONECTA\OCR\dados_libras\dinamicos\Confrontar (enfrentar)\public\public_0000.npy
Confrontar (enfrentar),Confrontar (enfrentar)_Articulador2.mp4,ok,C:\KONECTA\OCR\dados_libras\dinamicos\Confrontar (enfrentar)\public\public_0001.npy
Confrontar (enfrentar),Confrontar (enfrentar)_Articulador3.mp4,ok,C:\KONECTA\OCR\dados_libras\dinamicos\Confrontar (enfrentar)\public\public_0002.npy
Confuso,Confuso_Articulador1.mp4,ok,C:\KONECTA\OCR\dados_libras\dinamicos\Confuso\public\public_0000.npy
Confuso,Confuso_Articulador2.mp4,ok,C:\KONECTA\OCR\dados_libras\dinamicos\Confuso\public\public_0001.npy
Confuso,Confuso_Articulador3.mp4,ok,C:\KONECTA\OCR\dados_libras\dinamicos\Confuso\public\public_0002.npy
Congelar,Congelar_Articulador1.mp4,ok,C:\KONECTA\OCR\dados_libras\dinamicos\Congelar\public\public_0000.npy
Congelar,Congelar_Articulador2.mp4,ok,C:\KONECTA\OCR\dados_libras\dinamicos\Congelar\public\public_0001.npy
Conseguindo,Conseguindo_Articulador1.mp4,ok,C:\KONECTA\OCR\dados_libras\dinamicos\Conseguindo\public\public_0000.npy
Conseguindo,Conseguindo_Articulador2.mp4,ok,C:\KONECTA\OCR\dados_libras\dinamicos\Conseguindo\public\public_0001.npy
Conseguindo,Conseguindo_Articulador3.mp4,ok,C:\KONECTA\OCR\dados_libras\dinamicos\Conseguindo\public\public_0002.npy
Consertar,Consertar_Articulador1.mp4,ok,C:\KONECTA\OCR\dados_libras\dinamicos\Consertar\public\public_0000.npy
Consertar,Consertar_Articulador2.mp4,ok,C:\KONECTA\OCR\dados_libras\dinamicos\Consertar\public\public_0001.npy
Consertar,Consertar_Articulador3.mp4,ok,C:\KONECTA\OCR\dados_libras\dinamicos\Consertar\public\public_0002.npy
Constituição,Constituição_Articulador1.mp4,ok,C:\KONECTA\OCR\dados_libras\dinamicos\Constituição\public\public_0000.npy
Constituição,Constituição_Articulador2.mp4,ok,C:\KONECTA\OCR\dados_libras\dinamicos\Constituição\public\public_0001.npy
Constituição,Constituição_Articulador3.mp4,ok,C:\KONECTA\OCR\dados_libras\dinamicos\Constituição\public\public_0002.npy
Construir,Construir_Articulador1.mp4,ok,C:\KONECTA\OCR\dados_libras\dinamicos\Construir\public\public_0000.npy
Construir,Construir_Articulador2.mp4,ok,C:\KONECTA\OCR\dados_libras\dinamicos\Construir\public\public_0001.npy
Construir,Construir_Articulador3.mp4,ok,C:\KONECTA\OCR\dados_libras\dinamicos\Construir\public\public_0002.npy
Contagem,Contagem_Articulador1.mp4,ok,C:\KONECTA\OCR\dados_libras\dinamicos\Contagem\public\public_0000.npy
Contagem,Contagem_Articulador2.mp4,ok,C:\KONECTA\OCR\dados_libras\dinamicos\Contagem\public\public_0001.npy
Contagem,Contagem_Articulador3.mp4,ok,C:\KONECTA\OCR\dados_libras\dinamicos\Contagem\public\public_0002.npy
Contato,Contato_Articulador1.mp4,ok,C:\KONECTA\OCR\dados_libras\dinamicos\Contato\public\public_0000.npy
Contato,Contato_Articulador2.mp4,ok,C:\KONECTA\OCR\dados_libras\dinamicos\Contato\public\public_0001.npy
Contato,Contato_Articulador3.mp4,ok,C:\KONECTA\OCR\dados_libras\dinamicos\Contato\public\public_0002.npy
Continuar,Continuar_Articulador1.mp4,ok,C:\KONECTA\OCR\dados_libras\dinamicos\Continuar\public\public_0000.npy
Continuar,Continuar_Articulador2.mp4,ok,C:\KONECTA\OCR\dados_libras\dinamicos\Continuar\public\public_0001.npy
Continuar,Continuar_Articulador3.mp4,ok,C:\KONECTA\OCR\dados_libras\dinamicos\Continuar\public\public_0002.npy
Contra,Contra_Articulador1.mp4,ok,C:\KONECTA\OCR\dados_libras\dinamicos\Contra\public\public_0000.npy
Contra,Contra_Articulador2.mp4,ok,C:\KONECTA\OCR\dados_libras\dinamicos\Contra\public\public_0001.npy
Contra,Contra_Articulador3.mp4,ok,C:\KONECTA\OCR\dados_libras\dinamicos\Contra\public\public_0002.npy
Controle,Controle_Articulador1.mp4,ok,C:\KONECTA\OCR\dados_libras\dinamicos\Controle\public\public_0000.npy
Controle,Controle_Articulador2.mp4,ok,C:\KONECTA\OCR\dados_libras\dinamicos\Controle\public\public_0001.npy
Controle,Controle_Articulador3.mp4,ok,C:\KONECTA\OCR\dados_libras\dinamicos\Controle\public\public_0002.npy
Conversar consigo mesmo,Conversar consigo mesmo_Articulador1.mp4,ok,C:\KONECTA\OCR\dados_libras\dinamicos\Conversar consigo mesmo\public\public_0000.npy
Conversar consigo mesmo,Conversar consigo mesmo_Articulador2.mp4,ok,C:\KONECTA\OCR\dados_libras\dinamicos\Conversar consigo mesmo\public\public_0001.npy
Conversar consigo mesmo,Conversar consigo mesmo_Articulador3.mp4,ok,C:\KONECTA\OCR\dados_libras\dinamicos\Conversar consigo mesmo\public\public_0002.npy
Convocar,Convocar_Articulador1.mp4,ok,C:\KONECTA\OCR\dados_libras\dinamicos\Convocar\public\public_0000.npy
Convocar,Convocar_Articulador2.mp4,ok,C:\KONECTA\OCR\dados_libras\dinamicos\Convocar\public\public_0001.npy
Convocar,Convocar_Articulador3.mp4,ok,C:\KONECTA\OCR\dados_libras\dinamicos\Convocar\public\public_0002.npy
Cor,Cor_Articulador1.mp4,ok,C:\KONECTA\OCR\dados_libras\dinamicos\Cor\public\public_0000.npy
Cor,Cor_Articulador2.mp4,ok,C:\KONECTA\OCR\dados_libras\dinamicos\Cor\public\public_0001.npy
Cor,Cor_Articulador3.mp4,ok,C:\KONECTA\OCR\dados_libras\dinamicos\Cor\public\public_0002.npy
Corado,Corado_Articulador1.mp4,ok,C:\KONECTA\OCR\dados_libras\dinamicos\Corado\public\public_0000.npy
Corado,Corado_Articulador2.mp4,ok,C:\KONECTA\OCR\dados_libras\dinamicos\Corado\public\public_0001.npy
Corado,Corado_Articulador3.mp4,ok,C:\KONECTA\OCR\dados_libras\dinamicos\Corado\public\public_0002.npy
Coração,Coração_Articulador1.mp4,ok,C:\KONECTA\OCR\dados_libras\dinamicos\Coração\public\public_0000.npy
Coração,Coração_Articulador2.mp4,ok,C:\KONECTA\OCR\dados_libras\dinamicos\Coração\public\public_0001.npy
Coração,Coração_Articulador3.mp4,ok,C:\KONECTA\OCR\dados_libras\dinamicos\Coração\public\public_0002.npy
Corda,Corda_Articulador1.mp4,ok,C:\KONECTA\OCR\dados_libras\dinamicos\Corda\public\public_0000.npy
Corda,Corda_Articulador2.mp4,ok,C:\KONECTA\OCR\dados_libras\dinamicos\Corda\public\public_0001.npy
Corda,Corda_Articulador3.mp4,ok,C:\KONECTA\OCR\dados_libras\dinamicos\Corda\public\public_0002.npy
Corda usada pra pular,Corda usada pra pular_Articulador1.mp4,ok,C:\KONECTA\OCR\dados_libras\dinamicos\Corda usada pra pular\public\public_0000.npy
Corda usada pra pular,Corda usada pra pular_Articulador2.mp4,ok,C:\KONECTA\OCR\dados_libras\dinamicos\Corda usada pra pular\public\public_0001.npy
Corda usada pra pular,Corda usada pra pular_Articulador3.mp4,ok,C:\KONECTA\OCR\dados_libras\dinamicos\Corda usada pra pular\public\public_0002.npy
Cordão (colar),Cordão (colar)_Articulador1.mp4,ok,C:\KONECTA\OCR\dados_libras\dinamicos\Cordão (colar)\public\public_0000.npy
Cordão (colar),Cordão (colar)_Articulador2.mp4,ok,C:\KONECTA\OCR\dados_libras\dinamicos\Cordão (colar)\public\public_0001.npy
Cordão (colar),Cordão (colar)_Articulador3.mp4,ok,C:\KONECTA\OCR\dados_libras\dinamicos\Cordão (colar)\public\public_0002.npy
Coroa,Coroa_Articulador1.mp4,ok,C:\KONECTA\OCR\dados_libras\dinamicos\Coroa\public\public_0000.npy
Coroa,Coroa_Articulador2.mp4,ok,C:\KONECTA\OCR\dados_libras\dinamicos\Coroa\public\public_0001.npy
Coroa,Coroa_Articulador3.mp4,ok,C:\KONECTA\OCR\dados_libras\dinamicos\Coroa\public\public_0002.npy
Corpo,Corpo_Articulador1.mp4,ok,C:\KONECTA\OCR\dados_libras\dinamicos\Corpo\public\public_0000.npy
Corpo,Corpo_Articulador2.mp4,ok,C:\KONECTA\OCR\dados_libras\dinamicos\Corpo\public\public_0001.npy
Corpo,Corpo_Articulador3.mp4,ok,C:\KONECTA\OCR\dados_libras\dinamicos\Corpo\public\public_0002.npy
Correr atrás,Correr atrás_Articulador1.mp4,ok,C:\KONECTA\OCR\dados_libras\dinamicos\Correr atrás\public\public_0000.npy
Correr atrás,Correr atrás_Articulador2.mp4,ok,C:\KONECTA\OCR\dados_libras\dinamicos\Correr atrás\public\public_0001.npy
Correr atrás,Correr atrás_Articulador3.mp4,ok,C:\KONECTA\OCR\dados_libras\dinamicos\Correr atrás\public\public_0002.npy
Correspondente,Correspondente_Articulador1.mp4,ok,C:\KONECTA\OCR\dados_libras\dinamicos\Correspondente\public\public_0000.npy
Correspondente,Correspondente_Articulador2.mp4,ok,C:\KONECTA\OCR\dados_libras\dinamicos\Correspondente\public\public_0001.npy
Correspondente,Correspondente_Articulador3.mp4,ok,C:\KONECTA\OCR\dados_libras\dinamicos\Correspondente\public\public_0002.npy
Correto,Correto_Articulador1.mp4,ok,C:\KONECTA\OCR\dados_libras\dinamicos\Correto\public\public_0000.npy
Correto,Correto_Articulador2.mp4,ok,C:\KONECTA\OCR\dados_libras\dinamicos\Correto\public\public_0001.npy
Correto,Correto_Articulador3.mp4,ok,C:\KONECTA\OCR\dados_libras\dinamicos\Correto\public\public_0002.npy
Cortar,Cortar_Articulador1.mp4,ok,C:\KONECTA\OCR\dados_libras\dinamicos\Cortar\public\public_0000.npy
Cortar,Cortar_Articulador2.mp4,ok,C:\KONECTA\OCR\dados_libras\dinamicos\Cortar\public\public_0001.npy
Cortar,Cortar_Articulador3.mp4,ok,C:\KONECTA\OCR\dados_libras\dinamicos\Cortar\public\public_0002.npy
Corte com tesoura,Corte com tesoura_Articulador1.mp4,ok,C:\KONECTA\OCR\dados_libras\dinamicos\Corte com tesoura\public\public_0000.npy
Corte com tesoura,Corte com tesoura_Articulador2.mp4,ok,C:\KONECTA\OCR\dados_libras\dinamicos\Corte com tesoura\public\public_0001.npy
Corte com tesoura,Corte com tesoura_Articulador3.mp4,ok,C:\KONECTA\OCR\dados_libras\dinamicos\Corte com tesoura\public\public_0002.npy
Corte de Cabelo,Corte de Cabelo_Articulador1.mp4,ok,C:\KONECTA\OCR\dados_libras\dinamicos\Corte de Cabelo\public\public_0000.npy
Corte de Cabelo,Corte de Cabelo_Articulador2.mp4,ok,C:\KONECTA\OCR\dados_libras\dinamicos\Corte de Cabelo\public\public_0001.npy
Corte de Cabelo,Corte de Cabelo_Articulador3.mp4,ok,C:\KONECTA\OCR\dados_libras\dinamicos\Corte de Cabelo\public\public_0002.npy
Costurar,Costurar_Articulador1.mp4,ok,C:\KONECTA\OCR\dados_libras\dinamicos\Costurar\public\public_0000.npy
Costurar,Costurar_Articulador2.mp4,ok,C:\KONECTA\OCR\dados_libras\dinamicos\Costurar\public\public_0001.npy
Costurar,Costurar_Articulador3.mp4,ok,C:\KONECTA\OCR\dados_libras\dinamicos\Costurar\public\public_0002.npy
Cotovelo,Cotovelo_Articulador1.mp4,ok,C:\KONECTA\OCR\dados_libras\dinamicos\Cotovelo\public\public_0000.npy
Cotovelo,Cotovelo_Articulador2.mp4,ok,C:\KONECTA\OCR\dados_libras\dinamicos\Cotovelo\public\public_0001.npy
Cotovelo,Cotovelo_Articulador3.mp4,ok,C:\KONECTA\OCR\dados_libras\dinamicos\Cotovelo\public\public_0002.npy
Creme dental,Creme dental_Articulador1.mp4,ok,C:\KONECTA\OCR\dados_libras\dinamicos\Creme dental\public\public_0000.npy
Creme dental,Creme dental_Articulador2.mp4,ok,C:\KONECTA\OCR\dados_libras\dinamicos\Creme dental\public\public_0001.npy
Creme dental,Creme dental_Articulador3.mp4,ok,C:\KONECTA\OCR\dados_libras\dinamicos\Creme dental\public\public_0002.npy
Crescer,Crescer_Articulador1.mp4,ok,C:\KONECTA\OCR\dados_libras\dinamicos\Crescer\public\public_0000.npy
Crescer,Crescer_Articulador2.mp4,ok,C:\KONECTA\OCR\dados_libras\dinamicos\Crescer\public\public_0001.npy
Crescer,Crescer_Articulador3.mp4,ok,C:\KONECTA\OCR\dados_libras\dinamicos\Crescer\public\public_0002.npy
Criança,Criança_Articulador1.mp4,ok,C:\KONECTA\OCR\dados_libras\dinamicos\Criança\public\public_0000.npy
Criança,Criança_Articulador2.mp4,ok,C:\KONECTA\OCR\dados_libras\dinamicos\Criança\public\public_0001.npy
Criar,Criar_Articulador1.mp4,ok,C:\KONECTA\OCR\dados_libras\dinamicos\Criar\public\public_0000.npy
Criar,Criar_Articulador2.mp4,ok,C:\KONECTA\OCR\dados_libras\dinamicos\Criar\public\public_0001.npy
Criar,Criar_Articulador3.mp4,ok,C:\KONECTA\OCR\dados_libras\dinamicos\Criar\public\public_0002.npy
Cristo,Cristo_Articulador1.mp4,ok,C:\KONECTA\OCR\dados_libras\dinamicos\Cristo\public\public_0000.npy
Cristo,Cristo_Articulador2.mp4,ok,C:\KONECTA\OCR\dados_libras\dinamicos\Cristo\public\public_0001.npy
Cristo,Cristo_Articulador3.mp4,ok,C:\KONECTA\OCR\dados_libras\dinamicos\Cristo\public\public_0002.npy
Cronograma,Cronograma_Articulador1.mp4,ok,C:\KONECTA\OCR\dados_libras\dinamicos\Cronograma\public\public_0000.npy
Cronograma,Cronograma_Articulador2.mp4,ok,C:\KONECTA\OCR\dados_libras\dinamicos\Cronograma\public\public_0001.npy
Cronograma,Cronograma_Articulador3.mp4,ok,C:\KONECTA\OCR\dados_libras\dinamicos\Cronograma\public\public_0002.npy
Cruel,Cruel_Articulador1.mp4,ok,C:\KONECTA\OCR\dados_libras\dinamicos\Cruel\public\public_0000.npy
Cruel,Cruel_Articulador2.mp4,ok,C:\KONECTA\OCR\dados_libras\dinamicos\Cruel\public\public_0001.npy
Cruel,Cruel_Articulador3.mp4,ok,C:\KONECTA\OCR\dados_libras\dinamicos\Cruel\public\public_0002.npy
Cruz,Cruz_Articulador1.mp4,ok,C:\KONECTA\OCR\dados_libras\dinamicos\Cruz\public\public_0000.npy
Cruz,Cruz_Articulador2.mp4,ok,C:\KONECTA\OCR\dados_libras\dinamicos\Cruz\public\public_0001.npy
Cruz,Cruz_Articulador3.mp4,ok,C:\KONECTA\OCR\dados_libras\dinamicos\Cruz\public\public_0002.npy
Cueca,Cueca_Articulador1.mp4,ok,C:\KONECTA\OCR\dados_libras\dinamicos\Cueca\public\public_0000.npy
Cueca,Cueca_Articulador2.mp4,ok,C:\KONECTA\OCR\dados_libras\dinamicos\Cueca\public\public_0001.npy
Cueca,Cueca_Articulador3.mp4,ok,C:\KONECTA\OCR\dados_libras\dinamicos\Cueca\public\public_0002.npy
Cuidado,Cuidado_Articulador1.mp4,ok,C:\KONECTA\OCR\dados_libras\dinamicos\Cuidado\public\public_0000.npy
Cuidado,Cuidado_Articulador2.mp4,ok,C:\KONECTA\OCR\dados_libras\dinamicos\Cuidado\public\public_0001.npy
Cuidado,Cuidado_Articulador3.mp4,ok,C:\KONECTA\OCR\dados_libras\dinamicos\Cuidado\public\public_0002.npy
Culpar,Culpar_Articulador1.mp4,ok,C:\KONECTA\OCR\dados_libras\dinamicos\Culpar\public\public_0000.npy
Culpar,Culpar_Articulador2.mp4,ok,C:\KONECTA\OCR\dados_libras\dinamicos\Culpar\public\public_0001.npy
Culpar,Culpar_Articulador3.mp4,ok,C:\KONECTA\OCR\dados_libras\dinamicos\Culpar\public\public_0002.npy
Cultura,Cultura_Articulador1.mp4,ok,C:\KONECTA\OCR\dados_libras\dinamicos\Cultura\public\public_0000.npy
Cultura,Cultura_Articulador2.mp4,ok,C:\KONECTA\OCR\dados_libras\dinamicos\Cultura\public\public_0001.npy
Cultura,Cultura_Articulador3.mp4,ok,C:\KONECTA\OCR\dados_libras\dinamicos\Cultura\public\public_0002.npy
Cumprimento,Cumprimento_Articulador1.mp4,ok,C:\KONECTA\OCR\dados_libras\dinamicos\Cumprimento\public\public_0000.npy
Cumprimento,Cumprimento_Articulador2.mp4,ok,C:\KONECTA\OCR\dados_libras\dinamicos\Cumprimento\public\public_0001.npy
Cumprimento,Cumprimento_Articulador3.mp4,ok,C:\KONECTA\OCR\dados_libras\dinamicos\Cumprimento\public\public_0002.npy
Curioso,Curioso_Articulador1.mp4,ok,C:\KONECTA\OCR\dados_libras\dinamicos\Curioso\public\public_0000.npy
Curioso,Curioso_Articulador2.mp4,ok,C:\KONECTA\OCR\dados_libras\dinamicos\Curioso\public\public_0001.npy
Curioso,Curioso_Articulador3.mp4,ok,C:\KONECTA\OCR\dados_libras\dinamicos\Curioso\public\public_0002.npy
Currículo,Currículo_Articulador1.mp4,ok,C:\KONECTA\OCR\dados_libras\dinamicos\Currículo\public\public_0000.npy
Currículo,Currículo_Articulador2.mp4,ok,C:\KONECTA\OCR\dados_libras\dinamicos\Currículo\public\public_0001.npy
Currículo,Currículo_Articulador3.mp4,ok,C:\KONECTA\OCR\dados_libras\dinamicos\Currículo\public\public_0002.npy
Curva,Curva_Articulador1.mp4,ok,C:\KONECTA\OCR\dados_libras\dinamicos\Curva\public\public_0000.npy
Curva,Curva_Articulador2.mp4,ok,C:\KONECTA\OCR\dados_libras\dinamicos\Curva\public\public_0001.npy
Curva,Curva_Articulador3.mp4,ok,C:\KONECTA\OCR\dados_libras\dinamicos\Curva\public\public_0002.npy
Cuspir,Cuspir_Articulador1.mp4,ok,C:\KONECTA\OCR\dados_libras\dinamicos\Cuspir\public\public_0000.npy
Cuspir,Cuspir_Articulador2.mp4,ok,C:\KONECTA\OCR\dados_libras\dinamicos\Cuspir\public\public_0001.npy
Cuspir,Cuspir_Articulador3.mp4,ok,C:\KONECTA\OCR\dados_libras\dinamicos\Cuspir\public\public_0002.npy
Cálculo,Cálculo_Articulador1.mp4,ok,C:\KONECTA\OCR\dados_libras\dinamicos\Cálculo\public\public_0000.npy
Cálculo,Cálculo_Articulador2.mp4,ok,C:\KONECTA\OCR\dados_libras\dinamicos\Cálculo\public\public_0001.npy
Cálculo,Cálculo_Articulador3.mp4,ok,C:\KONECTA\OCR\dados_libras\dinamicos\Cálculo\public\public_0002.npy
Cálice,Cálice_Articulador1.mp4,ok,C:\KONECTA\OCR\dados_libras\dinamicos\Cálice\public\public_0000.npy
Cálice,Cálice_Articulador2.mp4,ok,C:\KONECTA\OCR\dados_libras\dinamicos\Cálice\public\public_0001.npy
Cálice,Cálice_Articulador3.mp4,ok,C:\KONECTA\OCR\dados_libras\dinamicos\Cálice\public\public_0002.npy
Câmera,Câmera_Articulador1.mp4,ok,C:\KONECTA\OCR\dados_libras\dinamicos\Câmera\public\public_0000.npy
Câmera,Câmera_Articulador2.mp4,ok,C:\KONECTA\OCR\dados_libras\dinamicos\Câmera\public\public_0001.npy
Câmera,Câmera_Articulador3.mp4,ok,C:\KONECTA\OCR\dados_libras\dinamicos\Câmera\public\public_0002.npy
Cérebro (de ervilha),Cérebro (de ervilha)_Articulador1.mp4,ok,C:\KONECTA\OCR\dados_libras\dinamicos\Cérebro (de ervilha)\public\public_0000.npy
Cérebro (de ervilha),Cérebro (de ervilha)_Articulador2.mp4,ok,C:\KONECTA\OCR\dados_libras\dinamicos\Cérebro (de ervilha)\public\public_0001.npy
Cérebro (de ervilha),Cérebro (de ervilha)_Articulador3.mp4,ok,C:\KONECTA\OCR\dados_libras\dinamicos\Cérebro (de ervilha)\public\public_0002.npy
Céu,Céu_Articulador1.mp4,ok,C:\KONECTA\OCR\dados_libras\dinamicos\Céu\public\public_0000.npy
Céu,Céu_Articulador2.mp4,ok,C:\KONECTA\OCR\dados_libras\dinamicos\Céu\public\public_0001.npy
Céu,Céu_Articulador3.mp4,ok,C:\KONECTA\OCR\dados_libras\dinamicos\Céu\public\public_0002.npy
Cílios,Cílios_Articulador1.mp4,ok,C:\KONECTA\OCR\dados_libras\dinamicos\Cílios\public\public_0000.npy
Cílios,Cílios_Articulador2.mp4,ok,C:\KONECTA\OCR\dados_libras\dinamicos\Cílios\public\public_0001.npy
Cílios,Cílios_Articulador3.mp4,ok,C:\KONECTA\OCR\dados_libras\dinamicos\Cílios\public\public_0002.npy
Círculo,Círculo_Articulador1.mp4,ok,C:\KONECTA\OCR\dados_libras\dinamicos\Círculo\public\public_0000.npy
Círculo,Círculo_Articulador2.mp4,ok,C:\KONECTA\OCR\dados_libras\dinamicos\Círculo\public\public_0001.npy
Círculo,Círculo_Articulador3.mp4,ok,C:\KONECTA\OCR\dados_libras\dinamicos\Círculo\public\public_0002.npy
Cócegas,Cócegas_Articulador1.mp4,ok,C:\KONECTA\OCR\dados_libras\dinamicos\Cócegas\public\public_0000.npy
Cócegas,Cócegas_Articulador2.mp4,ok,C:\KONECTA\OCR\dados_libras\dinamicos\Cócegas\public\public_0001.npy
Cócegas,Cócegas_Articulador3.mp4,ok,C:\KONECTA\OCR\dados_libras\dinamicos\Cócegas\public\public_0002.npy
Cópia,Cópia_Articulador1.mp4,ok,C:\KONECTA\OCR\dados_libras\dinamicos\Cópia\public\public_0000.npy
Cópia,Cópia_Articulador2.mp4,ok,C:\KONECTA\OCR\dados_libras\dinamicos\Cópia\public\public_0001.npy
Cópia,Cópia_Articulador3.mp4,ok,C:\KONECTA\OCR\dados_libras\dinamicos\Cópia\public\public_0002.npy
Dança,Dança_Articulador1.mp4,ok,C:\KONECTA\OCR\dados_libras\dinamicos\Dança\public\public_0000.npy
Dança,Dança_Articulador2.mp4,ok,C:\KONECTA\OCR\dados_libras\dinamicos\Dança\public\public_0001.npy
Dança,Dança_Articulador3.mp4,ok,C:\KONECTA\OCR\dados_libras\dinamicos\Dança\public\public_0002.npy
Dar,Dar_Articulador1.mp4,ok,C:\KONECTA\OCR\dados_libras\dinamicos\Dar\public\public_0000.npy
Dar,Dar_Articulador2.mp4,ok,C:\KONECTA\OCR\dados_libras\dinamicos\Dar\public\public_0001.npy
Dar,Dar_Articulador3.mp4,ok,C:\KONECTA\OCR\dados_libras\dinamicos\Dar\public\public_0002.npy
De cabeça baixa,De cabeça baixa_Articulador1.mp4,ok,C:\KONECTA\OCR\dados_libras\dinamicos\De cabeça baixa\public\public_0000.npy
De cabeça baixa,De cabeça baixa_Articulador2.mp4,ok,C:\KONECTA\OCR\dados_libras\dinamicos\De cabeça baixa\public\public_0001.npy
De cabeça baixa,De cabeça baixa_Articulador3.mp4,ok,C:\KONECTA\OCR\dados_libras\dinamicos\De cabeça baixa\public\public_0002.npy
De novo,De novo_Articulador1.mp4,ok,C:\KONECTA\OCR\dados_libras\dinamicos\De novo\public\public_0000.npy
De novo,De novo_Articulador2.mp4,ok,C:\KONECTA\OCR\dados_libras\dinamicos\De novo\public\public_0001.npy
De novo,De novo_Articulador3.mp4,ok,C:\KONECTA\OCR\dados_libras\dinamicos\De novo\public\public_0002.npy
De vez em quando,De vez em quando_Articulador1.mp4,ok,C:\KONECTA\OCR\dados_libras\dinamicos\De vez em quando\public\public_0000.npy
De vez em quando,De vez em quando_Articulador2.mp4,ok,C:\KONECTA\OCR\dados_libras\dinamicos\De vez em quando\public\public_0001.npy
De vez em quando,De vez em quando_Articulador3.mp4,ok,C:\KONECTA\OCR\dados_libras\dinamicos\De vez em quando\public\public_0002.npy
Decidir,Decidir_Articulador1.mp4,ok,C:\KONECTA\OCR\dados_libras\dinamicos\Decidir\public\public_0000.npy
Decidir,Decidir_Articulador2.mp4,ok,C:\KONECTA\OCR\dados_libras\dinamicos\Decidir\public\public_0001.npy
Decidir,Decidir_Articulador3.mp4,ok,C:\KONECTA\OCR\dados_libras\dinamicos\Decidir\public\public_0002.npy
Decolar,Decolar_Articulador1.mp4,ok,C:\KONECTA\OCR\dados_libras\dinamicos\Decolar\public\public_0000.npy
Decolar,Decolar_Articulador2.mp4,ok,C:\KONECTA\OCR\dados_libras\dinamicos\Decolar\public\public_0001.npy
Decolar,Decolar_Articulador3.mp4,ok,C:\KONECTA\OCR\dados_libras\dinamicos\Decolar\public\public_0002.npy
Decorar (ornamentar),Decorar (ornamentar)_Articulador1.mp4,ok,C:\KONECTA\OCR\dados_libras\dinamicos\Decorar (ornamentar)\public\public_0000.npy
Decorar (ornamentar),Decorar (ornamentar)_Articulador2.mp4,ok,C:\KONECTA\OCR\dados_libras\dinamicos\Decorar (ornamentar)\public\public_0001.npy
Decorar (ornamentar),Decorar (ornamentar)_Articulador3.mp4,ok,C:\KONECTA\OCR\dados_libras\dinamicos\Decorar (ornamentar)\public\public_0002.npy
Dedo,Dedo_Articulador1.mp4,ok,C:\KONECTA\OCR\dados_libras\dinamicos\Dedo\public\public_0000.npy
Dedo,Dedo_Articulador2.mp4,ok,C:\KONECTA\OCR\dados_libras\dinamicos\Dedo\public\public_0001.npy
Dedo,Dedo_Articulador3.mp4,ok,C:\KONECTA\OCR\dados_libras\dinamicos\Dedo\public\public_0002.npy
Defender (proteger),Defender (proteger)_Articulador1.mp4,ok,C:\KONECTA\OCR\dados_libras\dinamicos\Defender (proteger)\public\public_0000.npy
Defender (proteger),Defender (proteger)_Articulador2.mp4,ok,C:\KONECTA\OCR\dados_libras\dinamicos\Defender (proteger)\public\public_0001.npy
Defender (proteger),Defender (proteger)_Articulador3.mp4,ok,C:\KONECTA\OCR\dados_libras\dinamicos\Defender (proteger)\public\public_0002.npy
Deitar-se,Deitar-se_Articulador1.mp4,ok,C:\KONECTA\OCR\dados_libras\dinamicos\Deitar-se\public\public_0000.npy
Deitar-se,Deitar-se_Articulador2.mp4,ok,C:\KONECTA\OCR\dados_libras\dinamicos\Deitar-se\public\public_0001.npy
Deitar-se,Deitar-se_Articulador3.mp4,ok,C:\KONECTA\OCR\dados_libras\dinamicos\Deitar-se\public\public_0002.npy
Deixar,Deixar_Articulador1.mp4,ok,C:\KONECTA\OCR\dados_libras\dinamicos\Deixar\public\public_0000.npy
Deixar,Deixar_Articulador2.mp4,ok,C:\KONECTA\OCR\dados_libras\dinamicos\Deixar\public\public_0001.npy
Deixar,Deixar_Articulador3.mp4,ok,C:\KONECTA\OCR\dados_libras\dinamicos\Deixar\public\public_0002.npy
Delicioso,Delicioso_Articulador1.mp4,ok,C:\KONECTA\OCR\dados_libras\dinamicos\Delicioso\public\public_0000.npy
Delicioso,Delicioso_Articulador2.mp4,ok,C:\KONECTA\OCR\dados_libras\dinamicos\Delicioso\public\public_0001.npy
Delicioso,Delicioso_Articulador3.mp4,ok,C:\KONECTA\OCR\dados_libras\dinamicos\Delicioso\public\public_0002.npy
Demitido,Demitido_Articulador1.mp4,ok,C:\KONECTA\OCR\dados_libras\dinamicos\Demitido\public\public_0000.npy
Demitido,Demitido_Articulador2.mp4,ok,C:\KONECTA\OCR\dados_libras\dinamicos\Demitido\public\public_0001.npy
Demitido,Demitido_Articulador3.mp4,ok,C:\KONECTA\OCR\dados_libras\dinamicos\Demitido\public\public_0002.npy
Demitir,Demitir_Articulador1.mp4,ok,C:\KONECTA\OCR\dados_libras\dinamicos\Demitir\public\public_0000.npy
Demitir,Demitir_Articulador2.mp4,ok,C:\KONECTA\OCR\dados_libras\dinamicos\Demitir\public\public_0001.npy
Demitir,Demitir_Articulador3.mp4,ok,C:\KONECTA\OCR\dados_libras\dinamicos\Demitir\public\public_0002.npy
Democracia,Democracia_Articulador1.mp4,ok,C:\KONECTA\OCR\dados_libras\dinamicos\Democracia\public\public_0000.npy
Democracia,Democracia_Articulador2.mp4,ok,C:\KONECTA\OCR\dados_libras\dinamicos\Democracia\public\public_0001.npy
Democracia,Democracia_Articulador3.mp4,ok,C:\KONECTA\OCR\dados_libras\dinamicos\Democracia\public\public_0002.npy
Departamento,Departamento_Articulador1.mp4,ok,C:\KONECTA\OCR\dados_libras\dinamicos\Departamento\public\public_0000.npy
Departamento,Departamento_Articulador2.mp4,ok,C:\KONECTA\OCR\dados_libras\dinamicos\Departamento\public\public_0001.npy
Departamento,Departamento_Articulador3.mp4,ok,C:\KONECTA\OCR\dados_libras\dinamicos\Departamento\public\public_0002.npy
Depender,Depender_Articulador1.mp4,ok,C:\KONECTA\OCR\dados_libras\dinamicos\Depender\public\public_0000.npy
Depender,Depender_Articulador2.mp4,ok,C:\KONECTA\OCR\dados_libras\dinamicos\Depender\public\public_0001.npy
Depender,Depender_Articulador3.mp4,ok,C:\KONECTA\OCR\dados_libras\dinamicos\Depender\public\public_0002.npy
Depois (mais tarde),Depois (mais tarde)_Articulador1.mp4,ok,C:\KONECTA\OCR\dados_libras\dinamicos\Depois (mais tarde)\public\public_0000.npy
Depois (mais tarde),Depois (mais tarde)_Articulador2.mp4,ok,C:\KONECTA\OCR\dados_libras\dinamicos\Depois (mais tarde)\public\public_0001.npy
Depois (mais tarde),Depois (mais tarde)_Articulador3.mp4,ok,C:\KONECTA\OCR\dados_libras\dinamicos\Depois (mais tarde)\public\public_0002.npy
Deprimir,Deprimir_Articulador1.mp4,ok,C:\KONECTA\OCR\dados_libras\dinamicos\Deprimir\public\public_0000.npy
Deprimir,Deprimir_Articulador2.mp4,ok,C:\KONECTA\OCR\dados_libras\dinamicos\Deprimir\public\public_0001.npy
Deprimir,Deprimir_Articulador3.mp4,ok,C:\KONECTA\OCR\dados_libras\dinamicos\Deprimir\public\public_0002.npy
Depósito,Depósito_Articulador1.mp4,ok,C:\KONECTA\OCR\dados_libras\dinamicos\Depósito\public\public_0000.npy
Depósito,Depósito_Articulador2.mp4,ok,C:\KONECTA\OCR\dados_libras\dinamicos\Depósito\public\public_0001.npy
Depósito,Depósito_Articulador3.mp4,ok,C:\KONECTA\OCR\dados_libras\dinamicos\Depósito\public\public_0002.npy
Derramar,Derramar_Articulador1.mp4,ok,C:\KONECTA\OCR\dados_libras\dinamicos\Derramar\public\public_0000.npy
Derramar,Derramar_Articulador2.mp4,ok,C:\KONECTA\OCR\dados_libras\dinamicos\Derramar\public\public_0001.npy
Derramar,Derramar_Articulador3.mp4,ok,C:\KONECTA\OCR\dados_libras\dinamicos\Derramar\public\public_0002.npy
Desafio,Desafio_Articulador1.mp4,ok,C:\KONECTA\OCR\dados_libras\dinamicos\Desafio\public\public_0000.npy
Desafio,Desafio_Articulador2.mp4,ok,C:\KONECTA\OCR\dados_libras\dinamicos\Desafio\public\public_0001.npy
Desafio,Desafio_Articulador3.mp4,ok,C:\KONECTA\OCR\dados_libras\dinamicos\Desafio\public\public_0002.npy
Desaparecido,Desaparecido_Articulador1.mp4,ok,C:\KONECTA\OCR\dados_libras\dinamicos\Desaparecido\public\public_0000.npy
Desaparecido,Desaparecido_Articulador2.mp4,ok,C:\KONECTA\OCR\dados_libras\dinamicos\Desaparecido\public\public_0001.npy
Desaparecido,Desaparecido_Articulador3.mp4,ok,C:\KONECTA\OCR\dados_libras\dinamicos\Desaparecido\public\public_0002.npy
Desapontamento,Desapontamento_Articulador1.mp4,ok,C:\KONECTA\OCR\dados_libras\dinamicos\Desapontamento\public\public_0000.npy
Desapontamento,Desapontamento_Articulador2.mp4,ok,C:\KONECTA\OCR\dados_libras\dinamicos\Desapontamento\public\public_0001.npy
Desapontamento,Desapontamento_Articulador3.mp4,ok,C:\KONECTA\OCR\dados_libras\dinamicos\Desapontamento\public\public_0002.npy
Desassistido,Desassistido_Articulador1.mp4,ok,C:\KONECTA\OCR\dados_libras\dinamicos\Desassistido\public\public_0000.npy
Desassistido,Desassistido_Articulador2.mp4,ok,C:\KONECTA\OCR\dados_libras\dinamicos\Desassistido\public\public_0001.npy
Desassistido,Desassistido_Articulador3.mp4,ok,C:\KONECTA\OCR\dados_libras\dinamicos\Desassistido\public\public_0002.npy
Desatento,Desatento_Articulador1.mp4,ok,C:\KONECTA\OCR\dados_libras\dinamicos\Desatento\public\public_0000.npy
Desatento,Desatento_Articulador2.mp4,ok,C:\KONECTA\OCR\dados_libras\dinamicos\Desatento\public\public_0001.npy
Desatento,Desatento_Articulador3.mp4,ok,C:\KONECTA\OCR\dados_libras\dinamicos\Desatento\public\public_0002.npy
Descobrir,Descobrir_Articulador1.mp4,ok,C:\KONECTA\OCR\dados_libras\dinamicos\Descobrir\public\public_0000.npy
Descobrir,Descobrir_Articulador2.mp4,ok,C:\KONECTA\OCR\dados_libras\dinamicos\Descobrir\public\public_0001.npy
Descobrir,Descobrir_Articulador3.mp4,ok,C:\KONECTA\OCR\dados_libras\dinamicos\Descobrir\public\public_0002.npy
Desconectar,Desconectar_Articulador1.mp4,ok,C:\KONECTA\OCR\dados_libras\dinamicos\Desconectar\public\public_0000.npy
Desconectar,Desconectar_Articulador2.mp4,ok,C:\KONECTA\OCR\dados_libras\dinamicos\Desconectar\public\public_0001.npy
Desconectar,Desconectar_Articulador3.mp4,ok,C:\KONECTA\OCR\dados_libras\dinamicos\Desconectar\public\public_0002.npy
Descuidado (irresponsável),Descuidado (irresponsável)_Articulador1.mp4,ok,C:\KONECTA\OCR\dados_libras\dinamicos\Descuidado (irresponsável)\public\public_0000.npy
Descuidado (irresponsável),Descuidado (irresponsável)_Articulador2.mp4,ok,C:\KONECTA\OCR\dados_libras\dinamicos\Descuidado (irresponsável)\public\public_0001.npy
Descuidado (irresponsável),Descuidado (irresponsável)_Articulador3.mp4,ok,C:\KONECTA\OCR\dados_libras\dinamicos\Descuidado (irresponsável)\public\public_0002.npy
Desculpa,Desculpa_Articulador1.mp4,ok,C:\KONECTA\OCR\dados_libras\dinamicos\Desculpa\public\public_0000.npy
Desculpa,Desculpa_Articulador2.mp4,ok,C:\KONECTA\OCR\dados_libras\dinamicos\Desculpa\public\public_0001.npy
Desculpa,Desculpa_Articulador3.mp4,ok,C:\KONECTA\OCR\dados_libras\dinamicos\Desculpa\public\public_0002.npy
Desejo,Desejo_Articulador1.mp4,ok,C:\KONECTA\OCR\dados_libras\dinamicos\Desejo\public\public_0000.npy
Desejo,Desejo_Articulador2.mp4,ok,C:\KONECTA\OCR\dados_libras\dinamicos\Desejo\public\public_0001.npy
Desejo,Desejo_Articulador3.mp4,ok,C:\KONECTA\OCR\dados_libras\dinamicos\Desejo\public\public_0002.npy
Desenvolver,Desenvolver_Articulador1.mp4,ok,C:\KONECTA\OCR\dados_libras\dinamicos\Desenvolver\public\public_0000.npy
Desenvolver,Desenvolver_Articulador2.mp4,ok,C:\KONECTA\OCR\dados_libras\dinamicos\Desenvolver\public\public_0001.npy
Desenvolver,Desenvolver_Articulador3.mp4,ok,C:\KONECTA\OCR\dados_libras\dinamicos\Desenvolver\public\public_0002.npy
Desgosto,Desgosto_Articulador1.mp4,ok,C:\KONECTA\OCR\dados_libras\dinamicos\Desgosto\public\public_0000.npy
Desgosto,Desgosto_Articulador2.mp4,ok,C:\KONECTA\OCR\dados_libras\dinamicos\Desgosto\public\public_0001.npy
Desgosto,Desgosto_Articulador3.mp4,ok,C:\KONECTA\OCR\dados_libras\dinamicos\Desgosto\public\public_0002.npy
Desistir,Desistir_Articulador1.mp4,ok,C:\KONECTA\OCR\dados_libras\dinamicos\Desistir\public\public_0000.npy
Desistir,Desistir_Articulador2.mp4,ok,C:\KONECTA\OCR\dados_libras\dinamicos\Desistir\public\public_0001.npy
Desistir,Desistir_Articulador3.mp4,ok,C:\KONECTA\OCR\dados_libras\dinamicos\Desistir\public\public_0002.npy
Desperdício,Desperdício_Articulador1.mp4,ok,C:\KONECTA\OCR\dados_libras\dinamicos\Desperdício\public\public_0000.npy
Desperdício,Desperdício_Articulador2.mp4,ok,C:\KONECTA\OCR\dados_libras\dinamicos\Desperdício\public\public_0001.npy
Desperdício,Desperdício_Articulador3.mp4,ok,C:\KONECTA\OCR\dados_libras\dinamicos\Desperdício\public\public_0002.npy
Destruir,Destruir_Articulador1.mp4,ok,C:\KONECTA\OCR\dados_libras\dinamicos\Destruir\public\public_0000.npy
Destruir,Destruir_Articulador2.mp4,ok,C:\KONECTA\OCR\dados_libras\dinamicos\Destruir\public\public_0001.npy
Destruir,Destruir_Articulador3.mp4,ok,C:\KONECTA\OCR\dados_libras\dinamicos\Destruir\public\public_0002.npy
Deteriorar,Deteriorar_Articulador1.mp4,ok,C:\KONECTA\OCR\dados_libras\dinamicos\Deteriorar\public\public_0000.npy
Deteriorar,Deteriorar_Articulador2.mp4,ok,C:\KONECTA\OCR\dados_libras\dinamicos\Deteriorar\public\public_0001.npy
Deteriorar,Deteriorar_Articulador3.mp4,ok,C:\KONECTA\OCR\dados_libras\dinamicos\Deteriorar\public\public_0002.npy
Deus,Deus_Articulador1.mp4,ok,C:\KONECTA\OCR\dados_libras\dinamicos\Deus\public\public_0000.npy
Deus,Deus_Articulador2.mp4,ok,C:\KONECTA\OCR\dados_libras\dinamicos\Deus\public\public_0001.npy
Deus,Deus_Articulador3.mp4,ok,C:\KONECTA\OCR\dados_libras\dinamicos\Deus\public\public_0002.npy
Devemos,Devemos_Articulador1.mp4,ok,C:\KONECTA\OCR\dados_libras\dinamicos\Devemos\public\public_0000.npy
Devemos,Devemos_Articulador2.mp4,ok,C:\KONECTA\OCR\dados_libras\dinamicos\Devemos\public\public_0001.npy
Devemos,Devemos_Articulador3.mp4,ok,C:\KONECTA\OCR\dados_libras\dinamicos\Devemos\public\public_0002.npy
Dever de casa,Dever de casa_Articulador1.mp4,ok,C:\KONECTA\OCR\dados_libras\dinamicos\Dever de casa\public\public_0000.npy
Dever de casa,Dever de casa_Articulador2.mp4,ok,C:\KONECTA\OCR\dados_libras\dinamicos\Dever de casa\public\public_0001.npy
Dever de casa,Dever de casa_Articulador3.mp4,ok,C:\KONECTA\OCR\dados_libras\dinamicos\Dever de casa\public\public_0002.npy
Devolver,Devolver_Articulador1.mp4,ok,C:\KONECTA\OCR\dados_libras\dinamicos\Devolver\public\public_0000.npy
Devolver,Devolver_Articulador2.mp4,ok,C:\KONECTA\OCR\dados_libras\dinamicos\Devolver\public\public_0001.npy
Devolver,Devolver_Articulador3.mp4,ok,C:\KONECTA\OCR\dados_libras\dinamicos\Devolver\public\public_0002.npy
Dia,Dia_Articulador1.mp4,ok,C:\KONECTA\OCR\dados_libras\dinamicos\Dia\public\public_0000.npy
Dia,Dia_Articulador2.mp4,ok,C:\KONECTA\OCR\dados_libras\dinamicos\Dia\public\public_0001.npy
Dia,Dia_Articulador3.mp4,ok,C:\KONECTA\OCR\dados_libras\dinamicos\Dia\public\public_0002.npy
Dicionário,Dicionário_Articulador1.mp4,ok,C:\KONECTA\OCR\dados_libras\dinamicos\Dicionário\public\public_0000.npy
Dicionário,Dicionário_Articulador2.mp4,ok,C:\KONECTA\OCR\dados_libras\dinamicos\Dicionário\public\public_0001.npy
Dicionário,Dicionário_Articulador3.mp4,ok,C:\KONECTA\OCR\dados_libras\dinamicos\Dicionário\public\public_0002.npy
Difícil,Difícil_Articulador1.mp4,ok,C:\KONECTA\OCR\dados_libras\dinamicos\Difícil\public\public_0000.npy
Difícil,Difícil_Articulador2.mp4,ok,C:\KONECTA\OCR\dados_libras\dinamicos\Difícil\public\public_0001.npy
Difícil,Difícil_Articulador3.mp4,ok,C:\KONECTA\OCR\dados_libras\dinamicos\Difícil\public\public_0002.npy
Diminuir,Diminuir_Articulador1.mp4,ok,C:\KONECTA\OCR\dados_libras\dinamicos\Diminuir\public\public_0000.npy
Diminuir,Diminuir_Articulador2.mp4,ok,C:\KONECTA\OCR\dados_libras\dinamicos\Diminuir\public\public_0001.npy
Diminuir,Diminuir_Articulador3.mp4,ok,C:\KONECTA\OCR\dados_libras\dinamicos\Diminuir\public\public_0002.npy
Dinheiro,Dinheiro_Articulador1.mp4,ok,C:\KONECTA\OCR\dados_libras\dinamicos\Dinheiro\public\public_0000.npy
Dinheiro,Dinheiro_Articulador2.mp4,ok,C:\KONECTA\OCR\dados_libras\dinamicos\Dinheiro\public\public_0001.npy
Dinheiro,Dinheiro_Articulador3.mp4,ok,C:\KONECTA\OCR\dados_libras\dinamicos\Dinheiro\public\public_0002.npy
Dinossauro,Dinossauro_Articulador1.mp4,ok,C:\KONECTA\OCR\dados_libras\dinamicos\Dinossauro\public\public_0000.npy
Dinossauro,Dinossauro_Articulador2.mp4,ok,C:\KONECTA\OCR\dados_libras\dinamicos\Dinossauro\public\public_0001.npy
Dinossauro,Dinossauro_Articulador3.mp4,ok,C:\KONECTA\OCR\dados_libras\dinamicos\Dinossauro\public\public_0002.npy
Diploma,Diploma_Articulador1.mp4,ok,C:\KONECTA\OCR\dados_libras\dinamicos\Diploma\public\public_0000.npy
Diploma,Diploma_Articulador2.mp4,ok,C:\KONECTA\OCR\dados_libras\dinamicos\Diploma\public\public_0001.npy
Diploma,Diploma_Articulador3.mp4,ok,C:\KONECTA\OCR\dados_libras\dinamicos\Diploma\public\public_0002.npy
Direcionar,Direcionar_Articulador1.mp4,ok,C:\KONECTA\OCR\dados_libras\dinamicos\Direcionar\public\public_0000.npy
Direcionar,Direcionar_Articulador2.mp4,ok,C:\KONECTA\OCR\dados_libras\dinamicos\Direcionar\public\public_0001.npy
Direcionar,Direcionar_Articulador3.mp4,ok,C:\KONECTA\OCR\dados_libras\dinamicos\Direcionar\public\public_0002.npy
Direito,Direito_Articulador1.mp4,ok,C:\KONECTA\OCR\dados_libras\dinamicos\Direito\public\public_0000.npy
Direito,Direito_Articulador2.mp4,ok,C:\KONECTA\OCR\dados_libras\dinamicos\Direito\public\public_0001.npy
Direito,Direito_Articulador3.mp4,ok,C:\KONECTA\OCR\dados_libras\dinamicos\Direito\public\public_0002.npy
Direto,Direto_Articulador1.mp4,ok,C:\KONECTA\OCR\dados_libras\dinamicos\Direto\public\public_0000.npy
Direto,Direto_Articulador2.mp4,ok,C:\KONECTA\OCR\dados_libras\dinamicos\Direto\public\public_0001.npy
Direto,Direto_Articulador3.mp4,ok,C:\KONECTA\OCR\dados_libras\dinamicos\Direto\public\public_0002.npy
Dirigir,Dirigir_Articulador1.mp4,ok,C:\KONECTA\OCR\dados_libras\dinamicos\Dirigir\public\public_0000.npy
Dirigir,Dirigir_Articulador2.mp4,ok,C:\KONECTA\OCR\dados_libras\dinamicos\Dirigir\public\public_0001.npy
Dirigir,Dirigir_Articulador3.mp4,ok,C:\KONECTA\OCR\dados_libras\dinamicos\Dirigir\public\public_0002.npy
Disciplina,Disciplina_Articulador1.mp4,ok,C:\KONECTA\OCR\dados_libras\dinamicos\Disciplina\public\public_0000.npy
Disciplina,Disciplina_Articulador2.mp4,ok,C:\KONECTA\OCR\dados_libras\dinamicos\Disciplina\public\public_0001.npy
Disciplina,Disciplina_Articulador3.mp4,ok,C:\KONECTA\OCR\dados_libras\dinamicos\Disciplina\public\public_0002.npy
Discordar,Discordar_Articulador1.mp4,ok,C:\KONECTA\OCR\dados_libras\dinamicos\Discordar\public\public_0000.npy
Discordar,Discordar_Articulador2.mp4,ok,C:\KONECTA\OCR\dados_libras\dinamicos\Discordar\public\public_0001.npy
Discordar,Discordar_Articulador3.mp4,ok,C:\KONECTA\OCR\dados_libras\dinamicos\Discordar\public\public_0002.npy
Discriminar,Discriminar_Articulador1.mp4,ok,C:\KONECTA\OCR\dados_libras\dinamicos\Discriminar\public\public_0000.npy
Discriminar,Discriminar_Articulador2.mp4,ok,C:\KONECTA\OCR\dados_libras\dinamicos\Discriminar\public\public_0001.npy
Discriminar,Discriminar_Articulador3.mp4,ok,C:\KONECTA\OCR\dados_libras\dinamicos\Discriminar\public\public_0002.npy
Discutir (debater),Discutir (debater)_Articulador1.mp4,ok,C:\KONECTA\OCR\dados_libras\dinamicos\Discutir (debater)\public\public_0000.npy
Discutir (debater),Discutir (debater)_Articulador2.mp4,ok,C:\KONECTA\OCR\dados_libras\dinamicos\Discutir (debater)\public\public_0001.npy
Discutir (debater),Discutir (debater)_Articulador3.mp4,ok,C:\KONECTA\OCR\dados_libras\dinamicos\Discutir (debater)\public\public_0002.npy
Disparar flecha,Disparar flecha_Articulador1.mp4,ok,C:\KONECTA\OCR\dados_libras\dinamicos\Disparar flecha\public\public_0000.npy
Disparar flecha,Disparar flecha_Articulador2.mp4,ok,C:\KONECTA\OCR\dados_libras\dinamicos\Disparar flecha\public\public_0001.npy
Disparar flecha,Disparar flecha_Articulador3.mp4,ok,C:\KONECTA\OCR\dados_libras\dinamicos\Disparar flecha\public\public_0002.npy
Disponível,Disponível_Articulador1.mp4,ok,C:\KONECTA\OCR\dados_libras\dinamicos\Disponível\public\public_0000.npy
Disponível,Disponível_Articulador2.mp4,ok,C:\KONECTA\OCR\dados_libras\dinamicos\Disponível\public\public_0001.npy
Disponível,Disponível_Articulador3.mp4,ok,C:\KONECTA\OCR\dados_libras\dinamicos\Disponível\public\public_0002.npy
Disputar,Disputar_Articulador1.mp4,ok,C:\KONECTA\OCR\dados_libras\dinamicos\Disputar\public\public_0000.npy
Disputar,Disputar_Articulador2.mp4,ok,C:\KONECTA\OCR\dados_libras\dinamicos\Disputar\public\public_0001.npy
Disputar,Disputar_Articulador3.mp4,ok,C:\KONECTA\OCR\dados_libras\dinamicos\Disputar\public\public_0002.npy
Distribuir,Distribuir_Articulador1.mp4,ok,C:\KONECTA\OCR\dados_libras\dinamicos\Distribuir\public\public_0000.npy
Distribuir,Distribuir_Articulador2.mp4,ok,C:\KONECTA\OCR\dados_libras\dinamicos\Distribuir\public\public_0001.npy
Distribuir,Distribuir_Articulador3.mp4,ok,C:\KONECTA\OCR\dados_libras\dinamicos\Distribuir\public\public_0002.npy
Diversão,Diversão_Articulador1.mp4,ok,C:\KONECTA\OCR\dados_libras\dinamicos\Diversão\public\public_0000.npy
Diversão,Diversão_Articulador2.mp4,ok,C:\KONECTA\OCR\dados_libras\dinamicos\Diversão\public\public_0001.npy
Diversão,Diversão_Articulador3.mp4,ok,C:\KONECTA\OCR\dados_libras\dinamicos\Diversão\public\public_0002.npy
Dividir,Dividir_Articulador1.mp4,ok,C:\KONECTA\OCR\dados_libras\dinamicos\Dividir\public\public_0000.npy
Dividir,Dividir_Articulador2.mp4,ok,C:\KONECTA\OCR\dados_libras\dinamicos\Dividir\public\public_0001.npy
Dividir,Dividir_Articulador3.mp4,ok,C:\KONECTA\OCR\dados_libras\dinamicos\Dividir\public\public_0002.npy
Divórcio,Divórcio_Articulador1.mp4,ok,C:\KONECTA\OCR\dados_libras\dinamicos\Divórcio\public\public_0000.npy
Divórcio,Divórcio_Articulador2.mp4,ok,C:\KONECTA\OCR\dados_libras\dinamicos\Divórcio\public\public_0001.npy
Divórcio,Divórcio_Articulador3.mp4,ok,C:\KONECTA\OCR\dados_libras\dinamicos\Divórcio\public\public_0002.npy
Dizer,Dizer_Articulador1.mp4,ok,C:\KONECTA\OCR\dados_libras\dinamicos\Dizer\public\public_0000.npy
Dizer,Dizer_Articulador2.mp4,ok,C:\KONECTA\OCR\dados_libras\dinamicos\Dizer\public\public_0001.npy
Dizer,Dizer_Articulador3.mp4,ok,C:\KONECTA\OCR\dados_libras\dinamicos\Dizer\public\public_0002.npy
Diálogo,Diálogo_Articulador1.mp4,ok,C:\KONECTA\OCR\dados_libras\dinamicos\Diálogo\public\public_0000.npy
Diálogo,Diálogo_Articulador2.mp4,ok,C:\KONECTA\OCR\dados_libras\dinamicos\Diálogo\public\public_0001.npy
Diálogo,Diálogo_Articulador3.mp4,ok,C:\KONECTA\OCR\dados_libras\dinamicos\Diálogo\public\public_0002.npy
Doce,Doce_Articulador1.mp4,ok,C:\KONECTA\OCR\dados_libras\dinamicos\Doce\public\public_0000.npy
Doce,Doce_Articulador2.mp4,ok,C:\KONECTA\OCR\dados_libras\dinamicos\Doce\public\public_0001.npy
Doce,Doce_Articulador3.mp4,ok,C:\KONECTA\OCR\dados_libras\dinamicos\Doce\public\public_0002.npy
Documento,Documento_Articulador1.mp4,ok,C:\KONECTA\OCR\dados_libras\dinamicos\Documento\public\public_0000.npy
Documento,Documento_Articulador2.mp4,ok,C:\KONECTA\OCR\dados_libras\dinamicos\Documento\public\public_0001.npy
Documento,Documento_Articulador3.mp4,ok,C:\KONECTA\OCR\dados_libras\dinamicos\Documento\public\public_0002.npy
Doente,Doente_Articulador1.mp4,ok,C:\KONECTA\OCR\dados_libras\dinamicos\Doente\public\public_0000.npy
Doente,Doente_Articulador2.mp4,ok,C:\KONECTA\OCR\dados_libras\dinamicos\Doente\public\public_0001.npy
Doente,Doente_Articulador3.mp4,ok,C:\KONECTA\OCR\dados_libras\dinamicos\Doente\public\public_0002.npy
Doloroso,Doloroso_Articulador1.mp4,ok,C:\KONECTA\OCR\dados_libras\dinamicos\Doloroso\public\public_0000.npy
Doloroso,Doloroso_Articulador2.mp4,ok,C:\KONECTA\OCR\dados_libras\dinamicos\Doloroso\public\public_0001.npy
Doloroso,Doloroso_Articulador3.mp4,ok,C:\KONECTA\OCR\dados_libras\dinamicos\Doloroso\public\public_0002.npy
Dor de cabeça,Dor de cabeça_Articulador1.mp4,ok,C:\KONECTA\OCR\dados_libras\dinamicos\Dor de cabeça\public\public_0000.npy
Dor de cabeça,Dor de cabeça_Articulador2.mp4,ok,C:\KONECTA\OCR\dados_libras\dinamicos\Dor de cabeça\public\public_0001.npy
Dor de cabeça,Dor de cabeça_Articulador3.mp4,ok,C:\KONECTA\OCR\dados_libras\dinamicos\Dor de cabeça\public\public_0002.npy
Dor de garganta,Dor de garganta_Articulador1.mp4,ok,C:\KONECTA\OCR\dados_libras\dinamicos\Dor de garganta\public\public_0000.npy
Dor de garganta,Dor de garganta_Articulador2.mp4,ok,C:\KONECTA\OCR\dados_libras\dinamicos\Dor de garganta\public\public_0001.npy
Dor de garganta,Dor de garganta_Articulador3.mp4,ok,C:\KONECTA\OCR\dados_libras\dinamicos\Dor de garganta\public\public_0002.npy
Dor de ouvido,Dor de ouvido_Articulador1.mp4,ok,C:\KONECTA\OCR\dados_libras\dinamicos\Dor de ouvido\public\public_0000.npy
Dor de ouvido,Dor de ouvido_Articulador2.mp4,ok,C:\KONECTA\OCR\dados_libras\dinamicos\Dor de ouvido\public\public_0001.npy
Dor de ouvido,Dor de ouvido_Articulador3.mp4,ok,C:\KONECTA\OCR\dados_libras\dinamicos\Dor de ouvido\public\public_0002.npy
Dormir,Dormir_Articulador1.mp4,ok,C:\KONECTA\OCR\dados_libras\dinamicos\Dormir\public\public_0000.npy
Dormir,Dormir_Articulador2.mp4,ok,C:\KONECTA\OCR\dados_libras\dinamicos\Dormir\public\public_0001.npy
Dormir,Dormir_Articulador3.mp4,ok,C:\KONECTA\OCR\dados_libras\dinamicos\Dormir\public\public_0002.npy
Dormitório,Dormitório_Articulador1.mp4,ok,C:\KONECTA\OCR\dados_libras\dinamicos\Dormitório\public\public_0000.npy
Dormitório,Dormitório_Articulador2.mp4,ok,C:\KONECTA\OCR\dados_libras\dinamicos\Dormitório\public\public_0001.npy
Dormitório,Dormitório_Articulador3.mp4,ok,C:\KONECTA\OCR\dados_libras\dinamicos\Dormitório\public\public_0002.npy
Drogado,Drogado_Articulador1.mp4,ok,C:\KONECTA\OCR\dados_libras\dinamicos\Drogado\public\public_0000.npy
Drogado,Drogado_Articulador2.mp4,ok,C:\KONECTA\OCR\dados_libras\dinamicos\Drogado\public\public_0001.npy
Drogado,Drogado_Articulador3.mp4,ok,C:\KONECTA\OCR\dados_libras\dinamicos\Drogado\public\public_0002.npy
Duas semanas,Duas semanas_Articulador1.mp4,ok,C:\KONECTA\OCR\dados_libras\dinamicos\Duas semanas\public\public_0000.npy
Duas semanas,Duas semanas_Articulador2.mp4,ok,C:\KONECTA\OCR\dados_libras\dinamicos\Duas semanas\public\public_0001.npy
Duas semanas,Duas semanas_Articulador3.mp4,ok,C:\KONECTA\OCR\dados_libras\dinamicos\Duas semanas\public\public_0002.npy
Duplicar,Duplicar_Articulador1.mp4,ok,C:\KONECTA\OCR\dados_libras\dinamicos\Duplicar\public\public_0000.npy
Duplicar,Duplicar_Articulador2.mp4,ok,C:\KONECTA\OCR\dados_libras\dinamicos\Duplicar\public\public_0001.npy
Duplicar,Duplicar_Articulador3.mp4,ok,C:\KONECTA\OCR\dados_libras\dinamicos\Duplicar\public\public_0002.npy
Dólar,Dólar_Articulador1.mp4,ok,C:\KONECTA\OCR\dados_libras\dinamicos\Dólar\public\public_0000.npy
Dólar,Dólar_Articulador2.mp4,ok,C:\KONECTA\OCR\dados_libras\dinamicos\Dólar\public\public_0001.npy
Dólar,Dólar_Articulador3.mp4,ok,C:\KONECTA\OCR\dados_libras\dinamicos\Dólar\public\public_0002.npy
Dúvida (incerteza),Dúvida (incerteza)_Articulador1.mp4,ok,C:\KONECTA\OCR\dados_libras\dinamicos\Dúvida (incerteza)\public\public_0000.npy
Dúvida (incerteza),Dúvida (incerteza)_Articulador2.mp4,ok,C:\KONECTA\OCR\dados_libras\dinamicos\Dúvida (incerteza)\public\public_0001.npy
Dúvida (incerteza),Dúvida (incerteza)_Articulador3.mp4,ok,C:\KONECTA\OCR\dados_libras\dinamicos\Dúvida (incerteza)\public\public_0002.npy
e-mail,e-mail_Articulador1.mp4,ok,C:\KONECTA\OCR\dados_libras\dinamicos\e-mail\public\public_0000.npy
e-mail,e-mail_Articulador2.mp4,ok,C:\KONECTA\OCR\dados_libras\dinamicos\e-mail\public\public_0001.npy
e-mail,e-mail_Articulador3.mp4,ok,C:\KONECTA\OCR\dados_libras\dinamicos\e-mail\public\public_0002.npy
Economizar dinheiro,Economizar dinheiro_Articulador1.mp4,ok,C:\KONECTA\OCR\dados_libras\dinamicos\Economizar dinheiro\public\public_0000.npy
Economizar dinheiro,Economizar dinheiro_Articulador2.mp4,ok,C:\KONECTA\OCR\dados_libras\dinamicos\Economizar dinheiro\public\public_0001.npy
Economizar dinheiro,Economizar dinheiro_Articulador3.mp4,ok,C:\KONECTA\OCR\dados_libras\dinamicos\Economizar dinheiro\public\public_0002.npy
Econômico,Econômico_Articulador1.mp4,ok,C:\KONECTA\OCR\dados_libras\dinamicos\Econômico\public\public_0000.npy
Econômico,Econômico_Articulador2.mp4,ok,C:\KONECTA\OCR\dados_libras\dinamicos\Econômico\public\public_0001.npy
Econômico,Econômico_Articulador3.mp4,ok,C:\KONECTA\OCR\dados_libras\dinamicos\Econômico\public\public_0002.npy
Educado,Educado_Articulador1.mp4,ok,C:\KONECTA\OCR\dados_libras\dinamicos\Educado\public\public_0000.npy
Educado,Educado_Articulador2.mp4,ok,C:\KONECTA\OCR\dados_libras\dinamicos\Educado\public\public_0001.npy
Educado,Educado_Articulador3.mp4,ok,C:\KONECTA\OCR\dados_libras\dinamicos\Educado\public\public_0002.npy
Ego,Ego_Articulador1.mp4,ok,C:\KONECTA\OCR\dados_libras\dinamicos\Ego\public\public_0000.npy
Ego,Ego_Articulador2.mp4,ok,C:\KONECTA\OCR\dados_libras\dinamicos\Ego\public\public_0001.npy
Ego,Ego_Articulador3.mp4,ok,C:\KONECTA\OCR\dados_libras\dinamicos\Ego\public\public_0002.npy
Elefante,Elefante_Articulador1.mp4,ok,C:\KONECTA\OCR\dados_libras\dinamicos\Elefante\public\public_0000.npy
Elefante,Elefante_Articulador2.mp4,ok,C:\KONECTA\OCR\dados_libras\dinamicos\Elefante\public\public_0001.npy
Elefante,Elefante_Articulador3.mp4,ok,C:\KONECTA\OCR\dados_libras\dinamicos\Elefante\public\public_0002.npy
Elementar,Elementar_Articulador1.mp4,ok,C:\KONECTA\OCR\dados_libras\dinamicos\Elementar\public\public_0000.npy
Elementar,Elementar_Articulador2.mp4,ok,C:\KONECTA\OCR\dados_libras\dinamicos\Elementar\public\public_0001.npy
Elementar,Elementar_Articulador3.mp4,ok,C:\KONECTA\OCR\dados_libras\dinamicos\Elementar\public\public_0002.npy
Elevador,Elevador_Articulador1.mp4,ok,C:\KONECTA\OCR\dados_libras\dinamicos\Elevador\public\public_0000.npy
Elevador,Elevador_Articulador2.mp4,ok,C:\KONECTA\OCR\dados_libras\dinamicos\Elevador\public\public_0001.npy
Elevador,Elevador_Articulador3.mp4,ok,C:\KONECTA\OCR\dados_libras\dinamicos\Elevador\public\public_0002.npy
Elástico,Elástico_Articulador1.mp4,ok,C:\KONECTA\OCR\dados_libras\dinamicos\Elástico\public\public_0000.npy
Elástico,Elástico_Articulador2.mp4,ok,C:\KONECTA\OCR\dados_libras\dinamicos\Elástico\public\public_0001.npy
Elástico,Elástico_Articulador3.mp4,ok,C:\KONECTA\OCR\dados_libras\dinamicos\Elástico\public\public_0002.npy
Elétrico,Elétrico_Articulador1.mp4,ok,C:\KONECTA\OCR\dados_libras\dinamicos\Elétrico\public\public_0000.npy
Elétrico,Elétrico_Articulador2.mp4,ok,C:\KONECTA\OCR\dados_libras\dinamicos\Elétrico\public\public_0001.npy
Elétrico,Elétrico_Articulador3.mp4,ok,C:\KONECTA\OCR\dados_libras\dinamicos\Elétrico\public\public_0002.npy
Em branco,Em branco_Articulador1.mp4,ok,C:\KONECTA\OCR\dados_libras\dinamicos\Em branco\public\public_0000.npy
Em branco,Em branco_Articulador2.mp4,ok,C:\KONECTA\OCR\dados_libras\dinamicos\Em branco\public\public_0001.npy
Em branco,Em branco_Articulador3.mp4,ok,C:\KONECTA\OCR\dados_libras\dinamicos\Em branco\public\public_0002.npy
Em cima,Em cima_Articulador1.mp4,ok,C:\KONECTA\OCR\dados_libras\dinamicos\Em cima\public\public_0000.npy
Em cima,Em cima_Articulador2.mp4,ok,C:\KONECTA\OCR\dados_libras\dinamicos\Em cima\public\public_0001.npy
Em cima,Em cima_Articulador3.mp4,ok,C:\KONECTA\OCR\dados_libras\dinamicos\Em cima\public\public_0002.npy
Em dobro,Em dobro_Articulador1.mp4,ok,C:\KONECTA\OCR\dados_libras\dinamicos\Em dobro\public\public_0000.npy
Em dobro,Em dobro_Articulador2.mp4,ok,C:\KONECTA\OCR\dados_libras\dinamicos\Em dobro\public\public_0001.npy
Em dobro,Em dobro_Articulador3.mp4,ok,C:\KONECTA\OCR\dados_libras\dinamicos\Em dobro\public\public_0002.npy
Em marcha (andar),Em marcha (andar)_Articulador1.mp4,ok,C:\KONECTA\OCR\dados_libras\dinamicos\Em marcha (andar)\public\public_0000.npy
Em marcha (andar),Em marcha (andar)_Articulador2.mp4,ok,C:\KONECTA\OCR\dados_libras\dinamicos\Em marcha (andar)\public\public_0001.npy
Em marcha (andar),Em marcha (andar)_Articulador3.mp4,ok,C:\KONECTA\OCR\dados_libras\dinamicos\Em marcha (andar)\public\public_0002.npy
Em vez de,Em vez de_Articulador1.mp4,ok,C:\KONECTA\OCR\dados_libras\dinamicos\Em vez de\public\public_0000.npy
Em vez de,Em vez de_Articulador2.mp4,ok,C:\KONECTA\OCR\dados_libras\dinamicos\Em vez de\public\public_0001.npy
Em vez de,Em vez de_Articulador3.mp4,ok,C:\KONECTA\OCR\dados_libras\dinamicos\Em vez de\public\public_0002.npy
Embaixo,Embaixo_Articulador1.mp4,ok,C:\KONECTA\OCR\dados_libras\dinamicos\Embaixo\public\public_0000.npy
Embaixo,Embaixo_Articulador2.mp4,ok,C:\KONECTA\OCR\dados_libras\dinamicos\Embaixo\public\public_0001.npy
Embaixo,Embaixo_Articulador3.mp4,ok,C:\KONECTA\OCR\dados_libras\dinamicos\Embaixo\public\public_0002.npy
Embaraçar,Embaraçar_Articulador1.mp4,ok,C:\KONECTA\OCR\dados_libras\dinamicos\Embaraçar\public\public_0000.npy
Embaraçar,Embaraçar_Articulador2.mp4,ok,C:\KONECTA\OCR\dados_libras\dinamicos\Embaraçar\public\public_0001.npy
Embaraçar,Embaraçar_Articulador3.mp4,ok,C:\KONECTA\OCR\dados_libras\dinamicos\Embaraçar\public\public_0002.npy
Emergência,Emergência_Articulador1.mp4,ok,C:\KONECTA\OCR\dados_libras\dinamicos\Emergência\public\public_0000.npy
Emergência,Emergência_Articulador2.mp4,ok,C:\KONECTA\OCR\dados_libras\dinamicos\Emergência\public\public_0001.npy
Emergência,Emergência_Articulador3.mp4,ok,C:\KONECTA\OCR\dados_libras\dinamicos\Emergência\public\public_0002.npy
Emoção,Emoção_Articulador1.mp4,ok,C:\KONECTA\OCR\dados_libras\dinamicos\Emoção\public\public_0000.npy
Emoção,Emoção_Articulador2.mp4,ok,C:\KONECTA\OCR\dados_libras\dinamicos\Emoção\public\public_0001.npy
Emoção,Emoção_Articulador3.mp4,ok,C:\KONECTA\OCR\dados_libras\dinamicos\Emoção\public\public_0002.npy
Empenho,Empenho_Articulador1.mp4,ok,C:\KONECTA\OCR\dados_libras\dinamicos\Empenho\public\public_0000.npy
Empenho,Empenho_Articulador2.mp4,ok,C:\KONECTA\OCR\dados_libras\dinamicos\Empenho\public\public_0001.npy
Empenho,Empenho_Articulador3.mp4,ok,C:\KONECTA\OCR\dados_libras\dinamicos\Empenho\public\public_0002.npy
Emprego (trabalho),Emprego (trabalho)_Articulador1.mp4,ok,C:\KONECTA\OCR\dados_libras\dinamicos\Emprego (trabalho)\public\public_0000.npy
Emprego (trabalho),Emprego (trabalho)_Articulador2.mp4,ok,C:\KONECTA\OCR\dados_libras\dinamicos\Emprego (trabalho)\public\public_0001.npy
Emprego (trabalho),Emprego (trabalho)_Articulador3.mp4,ok,C:\KONECTA\OCR\dados_libras\dinamicos\Emprego (trabalho)\public\public_0002.npy
Empresa,Empresa_Articulador1.mp4,ok,C:\KONECTA\OCR\dados_libras\dinamicos\Empresa\public\public_0000.npy
Empresa,Empresa_Articulador2.mp4,ok,C:\KONECTA\OCR\dados_libras\dinamicos\Empresa\public\public_0001.npy
Empresa,Empresa_Articulador3.mp4,ok,C:\KONECTA\OCR\dados_libras\dinamicos\Empresa\public\public_0002.npy
Emprestar algo,Emprestar algo_Articulador1.mp4,ok,C:\KONECTA\OCR\dados_libras\dinamicos\Emprestar algo\public\public_0000.npy
Emprestar algo,Emprestar algo_Articulador2.mp4,ok,C:\KONECTA\OCR\dados_libras\dinamicos\Emprestar algo\public\public_0001.npy
Emprestar algo,Emprestar algo_Articulador3.mp4,ok,C:\KONECTA\OCR\dados_libras\dinamicos\Emprestar algo\public\public_0002.npy
Encaracolado,Encaracolado_Articulador1.mp4,ok,C:\KONECTA\OCR\dados_libras\dinamicos\Encaracolado\public\public_0000.npy
Encaracolado,Encaracolado_Articulador2.mp4,ok,C:\KONECTA\OCR\dados_libras\dinamicos\Encaracolado\public\public_0001.npy
Encaracolado,Encaracolado_Articulador3.mp4,ok,C:\KONECTA\OCR\dados_libras\dinamicos\Encaracolado\public\public_0002.npy
Encerrar,Encerrar_Articulador1.mp4,ok,C:\KONECTA\OCR\dados_libras\dinamicos\Encerrar\public\public_0000.npy
Encerrar,Encerrar_Articulador2.mp4,ok,C:\KONECTA\OCR\dados_libras\dinamicos\Encerrar\public\public_0001.npy
Encerrar,Encerrar_Articulador3.mp4,ok,C:\KONECTA\OCR\dados_libras\dinamicos\Encerrar\public\public_0002.npy
Encontrar,Encontrar_Articulador1.mp4,ok,C:\KONECTA\OCR\dados_libras\dinamicos\Encontrar\public\public_0000.npy
Encontrar,Encontrar_Articulador2.mp4,ok,C:\KONECTA\OCR\dados_libras\dinamicos\Encontrar\public\public_0001.npy
Encontrar,Encontrar_Articulador3.mp4,ok,C:\KONECTA\OCR\dados_libras\dinamicos\Encontrar\public\public_0002.npy
Encorajar,Encorajar_Articulador1.mp4,ok,C:\KONECTA\OCR\dados_libras\dinamicos\Encorajar\public\public_0000.npy
Encorajar,Encorajar_Articulador2.mp4,ok,C:\KONECTA\OCR\dados_libras\dinamicos\Encorajar\public\public_0001.npy
Encorajar,Encorajar_Articulador3.mp4,ok,C:\KONECTA\OCR\dados_libras\dinamicos\Encorajar\public\public_0002.npy
Endereço,Endereço_Articulador1.mp4,ok,C:\KONECTA\OCR\dados_libras\dinamicos\Endereço\public\public_0000.npy
Endereço,Endereço_Articulador2.mp4,ok,C:\KONECTA\OCR\dados_libras\dinamicos\Endereço\public\public_0001.npy
Endereço,Endereço_Articulador3.mp4,ok,C:\KONECTA\OCR\dados_libras\dinamicos\Endereço\public\public_0002.npy
Energia,Energia_Articulador1.mp4,ok,C:\KONECTA\OCR\dados_libras\dinamicos\Energia\public\public_0000.npy
Energia,Energia_Articulador2.mp4,ok,C:\KONECTA\OCR\dados_libras\dinamicos\Energia\public\public_0001.npy
Energia,Energia_Articulador3.mp4,ok,C:\KONECTA\OCR\dados_libras\dinamicos\Energia\public\public_0002.npy
Enfatizar,Enfatizar_Articulador1.mp4,ok,C:\KONECTA\OCR\dados_libras\dinamicos\Enfatizar\public\public_0000.npy
Enfatizar,Enfatizar_Articulador2.mp4,ok,C:\KONECTA\OCR\dados_libras\dinamicos\Enfatizar\public\public_0001.npy
Enfatizar,Enfatizar_Articulador3.mp4,ok,C:\KONECTA\OCR\dados_libras\dinamicos\Enfatizar\public\public_0002.npy
Enfermeira,Enfermeira_Articulador1.mp4,ok,C:\KONECTA\OCR\dados_libras\dinamicos\Enfermeira\public\public_0000.npy
Enfermeira,Enfermeira_Articulador2.mp4,ok,C:\KONECTA\OCR\dados_libras\dinamicos\Enfermeira\public\public_0001.npy
Enfermeira,Enfermeira_Articulador3.mp4,ok,C:\KONECTA\OCR\dados_libras\dinamicos\Enfermeira\public\public_0002.npy
Enganar,Enganar_Articulador1.mp4,ok,C:\KONECTA\OCR\dados_libras\dinamicos\Enganar\public\public_0000.npy
Enganar,Enganar_Articulador2.mp4,ok,C:\KONECTA\OCR\dados_libras\dinamicos\Enganar\public\public_0001.npy
Enganar,Enganar_Articulador3.mp4,ok,C:\KONECTA\OCR\dados_libras\dinamicos\Enganar\public\public_0002.npy
Engraçado,Engraçado_Articulador1.mp4,ok,C:\KONECTA\OCR\dados_libras\dinamicos\Engraçado\public\public_0000.npy
Engraçado,Engraçado_Articulador2.mp4,ok,C:\KONECTA\OCR\dados_libras\dinamicos\Engraçado\public\public_0001.npy
Engraçado,Engraçado_Articulador3.mp4,ok,C:\KONECTA\OCR\dados_libras\dinamicos\Engraçado\public\public_0002.npy
Enquanto isso,Enquanto isso_Articulador1.mp4,ok,C:\KONECTA\OCR\dados_libras\dinamicos\Enquanto isso\public\public_0000.npy
Enquanto isso,Enquanto isso_Articulador2.mp4,ok,C:\KONECTA\OCR\dados_libras\dinamicos\Enquanto isso\public\public_0001.npy
Enquanto isso,Enquanto isso_Articulador3.mp4,ok,C:\KONECTA\OCR\dados_libras\dinamicos\Enquanto isso\public\public_0002.npy
Ensaiar,Ensaiar_Articulador1.mp4,ok,C:\KONECTA\OCR\dados_libras\dinamicos\Ensaiar\public\public_0000.npy
Ensaiar,Ensaiar_Articulador2.mp4,ok,C:\KONECTA\OCR\dados_libras\dinamicos\Ensaiar\public\public_0001.npy
Ensaiar,Ensaiar_Articulador3.mp4,ok,C:\KONECTA\OCR\dados_libras\dinamicos\Ensaiar\public\public_0002.npy
Ensinar,Ensinar_Articulador1.mp4,ok,C:\KONECTA\OCR\dados_libras\dinamicos\Ensinar\public\public_0000.npy
Ensinar,Ensinar_Articulador2.mp4,ok,C:\KONECTA\OCR\dados_libras\dinamicos\Ensinar\public\public_0001.npy
Ensinar,Ensinar_Articulador3.mp4,ok,C:\KONECTA\OCR\dados_libras\dinamicos\Ensinar\public\public_0002.npy
Enterrar,Enterrar_Articulador1.mp4,ok,C:\KONECTA\OCR\dados_libras\dinamicos\Enterrar\public\public_0000.npy
Enterrar,Enterrar_Articulador2.mp4,ok,C:\KONECTA\OCR\dados_libras\dinamicos\Enterrar\public\public_0001.npy
Enterrar,Enterrar_Articulador3.mp4,ok,C:\KONECTA\OCR\dados_libras\dinamicos\Enterrar\public\public_0002.npy
Entrar,Entrar_Articulador1.mp4,ok,C:\KONECTA\OCR\dados_libras\dinamicos\Entrar\public\public_0000.npy
Entrar,Entrar_Articulador2.mp4,ok,C:\KONECTA\OCR\dados_libras\dinamicos\Entrar\public\public_0001.npy
Entrar,Entrar_Articulador3.mp4,ok,C:\KONECTA\OCR\dados_libras\dinamicos\Entrar\public\public_0002.npy
Entrar em algo,Entrar em algo_Articulador1.mp4,ok,C:\KONECTA\OCR\dados_libras\dinamicos\Entrar em algo\public\public_0000.npy
Entrar em algo,Entrar em algo_Articulador2.mp4,ok,C:\KONECTA\OCR\dados_libras\dinamicos\Entrar em algo\public\public_0001.npy
Entrar em algo,Entrar em algo_Articulador3.mp4,ok,C:\KONECTA\OCR\dados_libras\dinamicos\Entrar em algo\public\public_0002.npy
Entre,Entre_Articulador1.mp4,ok,C:\KONECTA\OCR\dados_libras\dinamicos\Entre\public\public_0000.npy
Entre,Entre_Articulador2.mp4,ok,C:\KONECTA\OCR\dados_libras\dinamicos\Entre\public\public_0001.npy
Entre,Entre_Articulador3.mp4,ok,C:\KONECTA\OCR\dados_libras\dinamicos\Entre\public\public_0002.npy
Entrevista,Entrevista_Articulador1.mp4,ok,C:\KONECTA\OCR\dados_libras\dinamicos\Entrevista\public\public_0000.npy
Entrevista,Entrevista_Articulador2.mp4,ok,C:\KONECTA\OCR\dados_libras\dinamicos\Entrevista\public\public_0001.npy
Entrevista,Entrevista_Articulador3.mp4,ok,C:\KONECTA\OCR\dados_libras\dinamicos\Entrevista\public\public_0002.npy
Envergonhado,Envergonhado_Articulador1.mp4,ok,C:\KONECTA\OCR\dados_libras\dinamicos\Envergonhado\public\public_0000.npy
Envergonhado,Envergonhado_Articulador2.mp4,ok,C:\KONECTA\OCR\dados_libras\dinamicos\Envergonhado\public\public_0001.npy
Envergonhado,Envergonhado_Articulador3.mp4,ok,C:\KONECTA\OCR\dados_libras\dinamicos\Envergonhado\public\public_0002.npy
Enviando mensagem de texto,Enviando mensagem de texto_Articulador1.mp4,ok,C:\KONECTA\OCR\dados_libras\dinamicos\Enviando mensagem de texto\public\public_0000.npy
Enviando mensagem de texto,Enviando mensagem de texto_Articulador2.mp4,ok,C:\KONECTA\OCR\dados_libras\dinamicos\Enviando mensagem de texto\public\public_0001.npy
Enviando mensagem de texto,Enviando mensagem de texto_Articulador3.mp4,ok,C:\KONECTA\OCR\dados_libras\dinamicos\Enviando mensagem de texto\public\public_0002.npy
Enviar,Enviar_Articulador1.mp4,ok,C:\KONECTA\OCR\dados_libras\dinamicos\Enviar\public\public_0000.npy
Enviar,Enviar_Articulador2.mp4,ok,C:\KONECTA\OCR\dados_libras\dinamicos\Enviar\public\public_0001.npy
Enviar,Enviar_Articulador3.mp4,ok,C:\KONECTA\OCR\dados_libras\dinamicos\Enviar\public\public_0002.npy
Enviar e-mail,Enviar e-mail_Articulador1.mp4,ok,C:\KONECTA\OCR\dados_libras\dinamicos\Enviar e-mail\public\public_0000.npy
Enviar e-mail,Enviar e-mail_Articulador2.mp4,ok,C:\KONECTA\OCR\dados_libras\dinamicos\Enviar e-mail\public\public_0001.npy
Enviar e-mail,Enviar e-mail_Articulador3.mp4,ok,C:\KONECTA\OCR\dados_libras\dinamicos\Enviar e-mail\public\public_0002.npy
Enviar mensagem de texto,Enviar mensagem de texto_Articulador1.mp4,ok,C:\KONECTA\OCR\dados_libras\dinamicos\Enviar mensagem de texto\public\public_0000.npy
Enviar mensagem de texto,Enviar mensagem de texto_Articulador2.mp4,ok,C:\KONECTA\OCR\dados_libras\dinamicos\Enviar mensagem de texto\public\public_0001.npy
Enviar mensagem de texto,Enviar mensagem de texto_Articulador3.mp4,ok,C:\KONECTA\OCR\dados_libras\dinamicos\Enviar mensagem de texto\public\public_0002.npy
Equipamento,Equipamento_Articulador1.mp4,ok,C:\KONECTA\OCR\dados_libras\dinamicos\Equipamento\public\public_0000.npy
Equipamento,Equipamento_Articulador2.mp4,ok,C:\KONECTA\OCR\dados_libras\dinamicos\Equipamento\public\public_0001.npy
Equipamento,Equipamento_Articulador3.mp4,ok,C:\KONECTA\OCR\dados_libras\dinamicos\Equipamento\public\public_0002.npy
Equipe,Equipe_Articulador1.mp4,ok,C:\KONECTA\OCR\dados_libras\dinamicos\Equipe\public\public_0000.npy
Equipe,Equipe_Articulador2.mp4,ok,C:\KONECTA\OCR\dados_libras\dinamicos\Equipe\public\public_0001.npy
Equipe,Equipe_Articulador3.mp4,ok,C:\KONECTA\OCR\dados_libras\dinamicos\Equipe\public\public_0002.npy
Ereto,Ereto_Articulador1.mp4,ok,C:\KONECTA\OCR\dados_libras\dinamicos\Ereto\public\public_0000.npy
Ereto,Ereto_Articulador2.mp4,ok,C:\KONECTA\OCR\dados_libras\dinamicos\Ereto\public\public_0001.npy
Ereto,Ereto_Articulador3.mp4,ok,C:\KONECTA\OCR\dados_libras\dinamicos\Ereto\public\public_0002.npy
Erro,Erro_Articulador1.mp4,ok,C:\KONECTA\OCR\dados_libras\dinamicos\Erro\public\public_0000.npy
Erro,Erro_Articulador2.mp4,ok,C:\KONECTA\OCR\dados_libras\dinamicos\Erro\public\public_0001.npy
Erro,Erro_Articulador3.mp4,ok,C:\KONECTA\OCR\dados_libras\dinamicos\Erro\public\public_0002.npy
Escada,Escada_Articulador1.mp4,ok,C:\KONECTA\OCR\dados_libras\dinamicos\Escada\public\public_0000.npy
Escada,Escada_Articulador2.mp4,ok,C:\KONECTA\OCR\dados_libras\dinamicos\Escada\public\public_0001.npy
Escada,Escada_Articulador3.mp4,ok,C:\KONECTA\OCR\dados_libras\dinamicos\Escada\public\public_0002.npy
Escapar,Escapar_Articulador1.mp4,ok,C:\KONECTA\OCR\dados_libras\dinamicos\Escapar\public\public_0000.npy
Escapar,Escapar_Articulador2.mp4,ok,C:\KONECTA\OCR\dados_libras\dinamicos\Escapar\public\public_0001.npy
Escapar,Escapar_Articulador3.mp4,ok,C:\KONECTA\OCR\dados_libras\dinamicos\Escapar\public\public_0002.npy
Escola,Escola_Articulador1.mp4,ok,C:\KONECTA\OCR\dados_libras\dinamicos\Escola\public\public_0000.npy
Escola,Escola_Articulador2.mp4,ok,C:\KONECTA\OCR\dados_libras\dinamicos\Escola\public\public_0001.npy
Escola,Escola_Articulador3.mp4,ok,C:\KONECTA\OCR\dados_libras\dinamicos\Escola\public\public_0002.npy
Escolher,Escolher_Articulador1.mp4,ok,C:\KONECTA\OCR\dados_libras\dinamicos\Escolher\public\public_0000.npy
Escolher,Escolher_Articulador2.mp4,ok,C:\KONECTA\OCR\dados_libras\dinamicos\Escolher\public\public_0001.npy
Escolher,Escolher_Articulador3.mp4,ok,C:\KONECTA\OCR\dados_libras\dinamicos\Escolher\public\public_0002.npy
Escorregadio,Escorregadio_Articulador1.mp4,ok,C:\KONECTA\OCR\dados_libras\dinamicos\Escorregadio\public\public_0000.npy
Escorregadio,Escorregadio_Articulador2.mp4,ok,C:\KONECTA\OCR\dados_libras\dinamicos\Escorregadio\public\public_0001.npy
Escorregadio,Escorregadio_Articulador3.mp4,ok,C:\KONECTA\OCR\dados_libras\dinamicos\Escorregadio\public\public_0002.npy
Escova de cabelo,Escova de cabelo_Articulador1.mp4,ok,C:\KONECTA\OCR\dados_libras\dinamicos\Escova de cabelo\public\public_0000.npy
Escova de cabelo,Escova de cabelo_Articulador2.mp4,ok,C:\KONECTA\OCR\dados_libras\dinamicos\Escova de cabelo\public\public_0001.npy
Escova de cabelo,Escova de cabelo_Articulador3.mp4,ok,C:\KONECTA\OCR\dados_libras\dinamicos\Escova de cabelo\public\public_0002.npy
Escova de dente,Escova de dente_Articulador1.mp4,ok,C:\KONECTA\OCR\dados_libras\dinamicos\Escova de dente\public\public_0000.npy
Escova de dente,Escova de dente_Articulador2.mp4,ok,C:\KONECTA\OCR\dados_libras\dinamicos\Escova de dente\public\public_0001.npy
Escova de dente,Escova de dente_Articulador3.mp4,ok,C:\KONECTA\OCR\dados_libras\dinamicos\Escova de dente\public\public_0002.npy
Escovar os dentes,Escovar os dentes_Articulador1.mp4,ok,C:\KONECTA\OCR\dados_libras\dinamicos\Escovar os dentes\public\public_0000.npy
Escovar os dentes,Escovar os dentes_Articulador2.mp4,ok,C:\KONECTA\OCR\dados_libras\dinamicos\Escovar os dentes\public\public_0001.npy
Escovar os dentes,Escovar os dentes_Articulador3.mp4,ok,C:\KONECTA\OCR\dados_libras\dinamicos\Escovar os dentes\public\public_0002.npy
Escravo,Escravo_Articulador1.mp4,ok,C:\KONECTA\OCR\dados_libras\dinamicos\Escravo\public\public_0000.npy
Escravo,Escravo_Articulador2.mp4,ok,C:\KONECTA\OCR\dados_libras\dinamicos\Escravo\public\public_0001.npy
Escravo,Escravo_Articulador3.mp4,ok,C:\KONECTA\OCR\dados_libras\dinamicos\Escravo\public\public_0002.npy
Escrever,Escrever_Articulador1.mp4,ok,C:\KONECTA\OCR\dados_libras\dinamicos\Escrever\public\public_0000.npy
Escrever,Escrever_Articulador2.mp4,ok,C:\KONECTA\OCR\dados_libras\dinamicos\Escrever\public\public_0001.npy
Escrever,Escrever_Articulador3.mp4,ok,C:\KONECTA\OCR\dados_libras\dinamicos\Escrever\public\public_0002.npy
Escurecer,Escurecer_Articulador1.mp4,ok,C:\KONECTA\OCR\dados_libras\dinamicos\Escurecer\public\public_0000.npy
Escurecer,Escurecer_Articulador2.mp4,ok,C:\KONECTA\OCR\dados_libras\dinamicos\Escurecer\public\public_0001.npy
Escurecer,Escurecer_Articulador3.mp4,ok,C:\KONECTA\OCR\dados_libras\dinamicos\Escurecer\public\public_0002.npy
Escuro (sombrio),Escuro (sombrio)_Articulador1.mp4,ok,C:\KONECTA\OCR\dados_libras\dinamicos\Escuro (sombrio)\public\public_0000.npy
Escuro (sombrio),Escuro (sombrio)_Articulador2.mp4,ok,C:\KONECTA\OCR\dados_libras\dinamicos\Escuro (sombrio)\public\public_0001.npy
Escuro (sombrio),Escuro (sombrio)_Articulador3.mp4,ok,C:\KONECTA\OCR\dados_libras\dinamicos\Escuro (sombrio)\public\public_0002.npy
Esforço,Esforço_Articulador1.mp4,ok,C:\KONECTA\OCR\dados_libras\dinamicos\Esforço\public\public_0000.npy
Esforço,Esforço_Articulador2.mp4,ok,C:\KONECTA\OCR\dados_libras\dinamicos\Esforço\public\public_0001.npy
Esforço,Esforço_Articulador3.mp4,ok,C:\KONECTA\OCR\dados_libras\dinamicos\Esforço\public\public_0002.npy
Esfregar,Esfregar_Articulador1.mp4,ok,C:\KONECTA\OCR\dados_libras\dinamicos\Esfregar\public\public_0000.npy
Esfregar,Esfregar_Articulador2.mp4,ok,C:\KONECTA\OCR\dados_libras\dinamicos\Esfregar\public\public_0001.npy
Esfregar,Esfregar_Articulador3.mp4,ok,C:\KONECTA\OCR\dados_libras\dinamicos\Esfregar\public\public_0002.npy
Espaguete,Espaguete_Articulador1.mp4,ok,C:\KONECTA\OCR\dados_libras\dinamicos\Espaguete\public\public_0000.npy
Espaguete,Espaguete_Articulador2.mp4,ok,C:\KONECTA\OCR\dados_libras\dinamicos\Espaguete\public\public_0001.npy
Espaguete,Espaguete_Articulador3.mp4,ok,C:\KONECTA\OCR\dados_libras\dinamicos\Espaguete\public\public_0002.npy
Especialista,Especialista_Articulador1.mp4,ok,C:\KONECTA\OCR\dados_libras\dinamicos\Especialista\public\public_0000.npy
Especialista,Especialista_Articulador2.mp4,ok,C:\KONECTA\OCR\dados_libras\dinamicos\Especialista\public\public_0001.npy
Especialista,Especialista_Articulador3.mp4,ok,C:\KONECTA\OCR\dados_libras\dinamicos\Especialista\public\public_0002.npy
Espelho,Espelho_Articulador1.mp4,ok,C:\KONECTA\OCR\dados_libras\dinamicos\Espelho\public\public_0000.npy
Espelho,Espelho_Articulador2.mp4,ok,C:\KONECTA\OCR\dados_libras\dinamicos\Espelho\public\public_0001.npy
Espelho,Espelho_Articulador3.mp4,ok,C:\KONECTA\OCR\dados_libras\dinamicos\Espelho\public\public_0002.npy
Espera,Espera_Articulador1.mp4,ok,C:\KONECTA\OCR\dados_libras\dinamicos\Espera\public\public_0000.npy
Espera,Espera_Articulador2.mp4,ok,C:\KONECTA\OCR\dados_libras\dinamicos\Espera\public\public_0001.npy
Espera,Espera_Articulador3.mp4,ok,C:\KONECTA\OCR\dados_libras\dinamicos\Espera\public\public_0002.npy
Esperança (torcer pra dar certo),Esperança (torcer pra dar certo)_Articulador1.mp4,ok,C:\KONECTA\OCR\dados_libras\dinamicos\Esperança (torcer pra dar certo)\public\public_0000.npy
Esperança (torcer pra dar certo),Esperança (torcer pra dar certo)_Articulador2.mp4,ok,C:\KONECTA\OCR\dados_libras\dinamicos\Esperança (torcer pra dar certo)\public\public_0001.npy
Esperança (torcer pra dar certo),Esperança (torcer pra dar certo)_Articulador3.mp4,ok,C:\KONECTA\OCR\dados_libras\dinamicos\Esperança (torcer pra dar certo)\public\public_0002.npy
Esperar,Esperar_Articulador1.mp4,ok,C:\KONECTA\OCR\dados_libras\dinamicos\Esperar\public\public_0000.npy
Esperar,Esperar_Articulador2.mp4,ok,C:\KONECTA\OCR\dados_libras\dinamicos\Esperar\public\public_0001.npy
Esperar,Esperar_Articulador3.mp4,ok,C:\KONECTA\OCR\dados_libras\dinamicos\Esperar\public\public_0002.npy
Espere,Espere_Articulador1.mp4,ok,C:\KONECTA\OCR\dados_libras\dinamicos\Espere\public\public_0000.npy
Espere,Espere_Articulador2.mp4,ok,C:\KONECTA\OCR\dados_libras\dinamicos\Espere\public\public_0001.npy
Espere,Espere_Articulador3.mp4,ok,C:\KONECTA\OCR\dados_libras\dinamicos\Espere\public\public_0002.npy
Esperto (inteligente),Esperto (inteligente)_Articulador1.mp4,ok,C:\KONECTA\OCR\dados_libras\dinamicos\Esperto (inteligente)\public\public_0000.npy
Esperto (inteligente),Esperto (inteligente)_Articulador2.mp4,ok,C:\KONECTA\OCR\dados_libras\dinamicos\Esperto (inteligente)\public\public_0001.npy
Esperto (inteligente),Esperto (inteligente)_Articulador3.mp4,ok,C:\KONECTA\OCR\dados_libras\dinamicos\Esperto (inteligente)\public\public_0002.npy
Espinha,Espinha_Articulador1.mp4,ok,C:\KONECTA\OCR\dados_libras\dinamicos\Espinha\public\public_0000.npy
Espinha,Espinha_Articulador2.mp4,ok,C:\KONECTA\OCR\dados_libras\dinamicos\Espinha\public\public_0001.npy
Espinha,Espinha_Articulador3.mp4,ok,C:\KONECTA\OCR\dados_libras\dinamicos\Espinha\public\public_0002.npy
Espirrar,Espirrar_Articulador1.mp4,ok,C:\KONECTA\OCR\dados_libras\dinamicos\Espirrar\public\public_0000.npy
Espirrar,Espirrar_Articulador2.mp4,ok,C:\KONECTA\OCR\dados_libras\dinamicos\Espirrar\public\public_0001.npy
Espirrar,Espirrar_Articulador3.mp4,ok,C:\KONECTA\OCR\dados_libras\dinamicos\Espirrar\public\public_0002.npy
Esquecer,Esquecer_Articulador1.mp4,ok,C:\KONECTA\OCR\dados_libras\dinamicos\Esquecer\public\public_0000.npy
Esquecer,Esquecer_Articulador2.mp4,ok,C:\KONECTA\OCR\dados_libras\dinamicos\Esquecer\public\public_0001.npy
Esquecer,Esquecer_Articulador3.mp4,ok,C:\KONECTA\OCR\dados_libras\dinamicos\Esquecer\public\public_0002.npy
Esquerda,Esquerda_Articulador1.mp4,ok,C:\KONECTA\OCR\dados_libras\dinamicos\Esquerda\public\public_0000.npy
Esquerda,Esquerda_Articulador2.mp4,ok,C:\KONECTA\OCR\dados_libras\dinamicos\Esquerda\public\public_0001.npy
Esquerda,Esquerda_Articulador3.mp4,ok,C:\KONECTA\OCR\dados_libras\dinamicos\Esquerda\public\public_0002.npy
Estado,Estado_Articulador1.mp4,ok,C:\KONECTA\OCR\dados_libras\dinamicos\Estado\public\public_0000.npy
Estado,Estado_Articulador2.mp4,ok,C:\KONECTA\OCR\dados_libras\dinamicos\Estado\public\public_0001.npy
Estado,Estado_Articulador3.mp4,ok,C:\KONECTA\OCR\dados_libras\dinamicos\Estado\public\public_0002.npy
Estatística,Estatística_Articulador1.mp4,ok,C:\KONECTA\OCR\dados_libras\dinamicos\Estatística\public\public_0000.npy
Estatística,Estatística_Articulador2.mp4,ok,C:\KONECTA\OCR\dados_libras\dinamicos\Estatística\public\public_0001.npy
Estatística,Estatística_Articulador3.mp4,ok,C:\KONECTA\OCR\dados_libras\dinamicos\Estatística\public\public_0002.npy
Estimular,Estimular_Articulador1.mp4,ok,C:\KONECTA\OCR\dados_libras\dinamicos\Estimular\public\public_0000.npy
Estimular,Estimular_Articulador2.mp4,ok,C:\KONECTA\OCR\dados_libras\dinamicos\Estimular\public\public_0001.npy
Estimular,Estimular_Articulador3.mp4,ok,C:\KONECTA\OCR\dados_libras\dinamicos\Estimular\public\public_0002.npy
Estrangeiro,Estrangeiro_Articulador1.mp4,ok,C:\KONECTA\OCR\dados_libras\dinamicos\Estrangeiro\public\public_0000.npy
Estrangeiro,Estrangeiro_Articulador2.mp4,ok,C:\KONECTA\OCR\dados_libras\dinamicos\Estrangeiro\public\public_0001.npy
Estrangeiro,Estrangeiro_Articulador3.mp4,ok,C:\KONECTA\OCR\dados_libras\dinamicos\Estrangeiro\public\public_0002.npy
Estranho,Estranho_Articulador1.mp4,ok,C:\KONECTA\OCR\dados_libras\dinamicos\Estranho\public\public_0000.npy
Estranho,Estranho_Articulador2.mp4,ok,C:\KONECTA\OCR\dados_libras\dinamicos\Estranho\public\public_0001.npy
Estranho,Estranho_Articulador3.mp4,ok,C:\KONECTA\OCR\dados_libras\dinamicos\Estranho\public\public_0002.npy
Estrela,Estrela_Articulador1.mp4,ok,C:\KONECTA\OCR\dados_libras\dinamicos\Estrela\public\public_0000.npy
Estrela,Estrela_Articulador2.mp4,ok,C:\KONECTA\OCR\dados_libras\dinamicos\Estrela\public\public_0001.npy
Estrela,Estrela_Articulador3.mp4,ok,C:\KONECTA\OCR\dados_libras\dinamicos\Estrela\public\public_0002.npy
Estrutura,Estrutura_Articulador1.mp4,ok,C:\KONECTA\OCR\dados_libras\dinamicos\Estrutura\public\public_0000.npy
Estrutura,Estrutura_Articulador2.mp4,ok,C:\KONECTA\OCR\dados_libras\dinamicos\Estrutura\public\public_0001.npy
Estrutura,Estrutura_Articulador3.mp4,ok,C:\KONECTA\OCR\dados_libras\dinamicos\Estrutura\public\public_0002.npy
Estudo,Estudo_Articulador1.mp4,ok,C:\KONECTA\OCR\dados_libras\dinamicos\Estudo\public\public_0000.npy
Estudo,Estudo_Articulador2.mp4,ok,C:\KONECTA\OCR\dados_libras\dinamicos\Estudo\public\public_0001.npy
Estudo,Estudo_Articulador3.mp4,ok,C:\KONECTA\OCR\dados_libras\dinamicos\Estudo\public\public_0002.npy
Estúpido,Estúpido_Articulador1.mp4,ok,C:\KONECTA\OCR\dados_libras\dinamicos\Estúpido\public\public_0000.npy
Estúpido,Estúpido_Articulador2.mp4,ok,C:\KONECTA\OCR\dados_libras\dinamicos\Estúpido\public\public_0001.npy
Estúpido,Estúpido_Articulador3.mp4,ok,C:\KONECTA\OCR\dados_libras\dinamicos\Estúpido\public\public_0002.npy
Etc,Etc_Articulador1.mp4,ok,C:\KONECTA\OCR\dados_libras\dinamicos\Etc\public\public_0000.npy
Etc,Etc_Articulador2.mp4,ok,C:\KONECTA\OCR\dados_libras\dinamicos\Etc\public\public_0001.npy
Etc,Etc_Articulador3.mp4,ok,C:\KONECTA\OCR\dados_libras\dinamicos\Etc\public\public_0002.npy
Eu amo você,Eu amo você_Articulador1.mp4,ok,C:\KONECTA\OCR\dados_libras\dinamicos\Eu amo você\public\public_0000.npy
Eu amo você,Eu amo você_Articulador2.mp4,ok,C:\KONECTA\OCR\dados_libras\dinamicos\Eu amo você\public\public_0001.npy
Eu amo você,Eu amo você_Articulador3.mp4,ok,C:\KONECTA\OCR\dados_libras\dinamicos\Eu amo você\public\public_0002.npy
Eu vejo,Eu vejo_Articulador1.mp4,ok,C:\KONECTA\OCR\dados_libras\dinamicos\Eu vejo\public\public_0000.npy
Eu vejo,Eu vejo_Articulador2.mp4,ok,C:\KONECTA\OCR\dados_libras\dinamicos\Eu vejo\public\public_0001.npy
Eu vejo,Eu vejo_Articulador3.mp4,ok,C:\KONECTA\OCR\dados_libras\dinamicos\Eu vejo\public\public_0002.npy
Evitar,Evitar_Articulador1.mp4,ok,C:\KONECTA\OCR\dados_libras\dinamicos\Evitar\public\public_0000.npy
Evitar,Evitar_Articulador2.mp4,ok,C:\KONECTA\OCR\dados_libras\dinamicos\Evitar\public\public_0001.npy
Evitar,Evitar_Articulador3.mp4,ok,C:\KONECTA\OCR\dados_libras\dinamicos\Evitar\public\public_0002.npy
Exato,Exato_Articulador1.mp4,ok,C:\KONECTA\OCR\dados_libras\dinamicos\Exato\public\public_0000.npy
Exato,Exato_Articulador2.mp4,ok,C:\KONECTA\OCR\dados_libras\dinamicos\Exato\public\public_0001.npy
Exato,Exato_Articulador3.mp4,ok,C:\KONECTA\OCR\dados_libras\dinamicos\Exato\public\public_0002.npy
"Exceder (passar, ir além)","Exceder (passar, ir além)_Articulador1.mp4",ok,"C:\KONECTA\OCR\dados_libras\dinamicos\Exceder (passar, ir além)\public\public_0000.npy"
"Exceder (passar, ir além)","Exceder (passar, ir além)_Articulador2.mp4",ok,"C:\KONECTA\OCR\dados_libras\dinamicos\Exceder (passar, ir além)\public\public_0001.npy"
"Exceder (passar, ir além)","Exceder (passar, ir além)_Articulador3.mp4",ok,"C:\KONECTA\OCR\dados_libras\dinamicos\Exceder (passar, ir além)\public\public_0002.npy"
Excluir,Excluir_Articulador1.mp4,ok,C:\KONECTA\OCR\dados_libras\dinamicos\Excluir\public\public_0000.npy
Excluir,Excluir_Articulador2.mp4,ok,C:\KONECTA\OCR\dados_libras\dinamicos\Excluir\public\public_0001.npy
Excluir,Excluir_Articulador3.mp4,ok,C:\KONECTA\OCR\dados_libras\dinamicos\Excluir\public\public_0002.npy
Executar,Executar_Articulador1.mp4,ok,C:\KONECTA\OCR\dados_libras\dinamicos\Executar\public\public_0000.npy
Executar,Executar_Articulador2.mp4,ok,C:\KONECTA\OCR\dados_libras\dinamicos\Executar\public\public_0001.npy
Executar,Executar_Articulador3.mp4,ok,C:\KONECTA\OCR\dados_libras\dinamicos\Executar\public\public_0002.npy
Exercite-se,Exercite-se_Articulador1.mp4,ok,C:\KONECTA\OCR\dados_libras\dinamicos\Exercite-se\public\public_0000.npy
Exercite-se,Exercite-se_Articulador2.mp4,ok,C:\KONECTA\OCR\dados_libras\dinamicos\Exercite-se\public\public_0001.npy
Exercite-se,Exercite-se_Articulador3.mp4,ok,C:\KONECTA\OCR\dados_libras\dinamicos\Exercite-se\public\public_0002.npy
Expandir,Expandir_Articulador1.mp4,ok,C:\KONECTA\OCR\dados_libras\dinamicos\Expandir\public\public_0000.npy
Expandir,Expandir_Articulador2.mp4,ok,C:\KONECTA\OCR\dados_libras\dinamicos\Expandir\public\public_0001.npy
Expandir,Expandir_Articulador3.mp4,ok,C:\KONECTA\OCR\dados_libras\dinamicos\Expandir\public\public_0002.npy
Experimentar,Experimentar_Articulador1.mp4,ok,C:\KONECTA\OCR\dados_libras\dinamicos\Experimentar\public\public_0000.npy
Experimentar,Experimentar_Articulador2.mp4,ok,C:\KONECTA\OCR\dados_libras\dinamicos\Experimentar\public\public_0001.npy
Experimentar,Experimentar_Articulador3.mp4,ok,C:\KONECTA\OCR\dados_libras\dinamicos\Experimentar\public\public_0002.npy
Experiência,Experiência_Articulador1.mp4,ok,C:\KONECTA\OCR\dados_libras\dinamicos\Experiência\public\public_0000.npy
Experiência,Experiência_Articulador2.mp4,ok,C:\KONECTA\OCR\dados_libras\dinamicos\Experiência\public\public_0001.npy
Experiência,Experiência_Articulador3.mp4,ok,C:\KONECTA\OCR\dados_libras\dinamicos\Experiência\public\public_0002.npy
Explicar,Explicar_Articulador1.mp4,ok,C:\KONECTA\OCR\dados_libras\dinamicos\Explicar\public\public_0000.npy
Explicar,Explicar_Articulador2.mp4,ok,C:\KONECTA\OCR\dados_libras\dinamicos\Explicar\public\public_0001.npy
Explicar,Explicar_Articulador3.mp4,ok,C:\KONECTA\OCR\dados_libras\dinamicos\Explicar\public\public_0002.npy
Explodir,Explodir_Articulador1.mp4,ok,C:\KONECTA\OCR\dados_libras\dinamicos\Explodir\public\public_0000.npy
Explodir,Explodir_Articulador2.mp4,ok,C:\KONECTA\OCR\dados_libras\dinamicos\Explodir\public\public_0001.npy
Explodir,Explodir_Articulador3.mp4,ok,C:\KONECTA\OCR\dados_libras\dinamicos\Explodir\public\public_0002.npy
Expor,Expor_Articulador1.mp4,ok,C:\KONECTA\OCR\dados_libras\dinamicos\Expor\public\public_0000.npy
Expor,Expor_Articulador2.mp4,ok,C:\KONECTA\OCR\dados_libras\dinamicos\Expor\public\public_0001.npy
Expor,Expor_Articulador3.mp4,ok,C:\KONECTA\OCR\dados_libras\dinamicos\Expor\public\public_0002.npy
Expressar,Expressar_Articulador1.mp4,ok,C:\KONECTA\OCR\dados_libras\dinamicos\Expressar\public\public_0000.npy
Expressar,Expressar_Articulador2.mp4,ok,C:\KONECTA\OCR\dados_libras\dinamicos\Expressar\public\public_0001.npy
Expressar,Expressar_Articulador3.mp4,ok,C:\KONECTA\OCR\dados_libras\dinamicos\Expressar\public\public_0002.npy
Expressão facial,Expressão facial_Articulador1.mp4,ok,C:\KONECTA\OCR\dados_libras\dinamicos\Expressão facial\public\public_0000.npy
Expressão facial,Expressão facial_Articulador2.mp4,ok,C:\KONECTA\OCR\dados_libras\dinamicos\Expressão facial\public\public_0001.npy
Expressão facial,Expressão facial_Articulador3.mp4,ok,C:\KONECTA\OCR\dados_libras\dinamicos\Expressão facial\public\public_0002.npy
Faca,Faca_Articulador1.mp4,ok,C:\KONECTA\OCR\dados_libras\dinamicos\Faca\public\public_0000.npy
Faca,Faca_Articulador2.mp4,ok,C:\KONECTA\OCR\dados_libras\dinamicos\Faca\public\public_0001.npy
Faca,Faca_Articulador3.mp4,ok,C:\KONECTA\OCR\dados_libras\dinamicos\Faca\public\public_0002.npy
Facada,Facada_Articulador1.mp4,ok,C:\KONECTA\OCR\dados_libras\dinamicos\Facada\public\public_0000.npy
Facada,Facada_Articulador2.mp4,ok,C:\KONECTA\OCR\dados_libras\dinamicos\Facada\public\public_0001.npy
Facada,Facada_Articulador3.mp4,ok,C:\KONECTA\OCR\dados_libras\dinamicos\Facada\public\public_0002.npy
Face (rosto),Face (rosto)_Articulador1.mp4,ok,C:\KONECTA\OCR\dados_libras\dinamicos\Face (rosto)\public\public_0000.npy
Face (rosto),Face (rosto)_Articulador2.mp4,ok,C:\KONECTA\OCR\dados_libras\dinamicos\Face (rosto)\public\public_0001.npy
Face (rosto),Face (rosto)_Articulador3.mp4,ok,C:\KONECTA\OCR\dados_libras\dinamicos\Face (rosto)\public\public_0002.npy
Faculdade,Faculdade_Articulador1.mp4,ok,C:\KONECTA\OCR\dados_libras\dinamicos\Faculdade\public\public_0000.npy
Faculdade,Faculdade_Articulador2.mp4,ok,C:\KONECTA\OCR\dados_libras\dinamicos\Faculdade\public\public_0001.npy
Faculdade,Faculdade_Articulador3.mp4,ok,C:\KONECTA\OCR\dados_libras\dinamicos\Faculdade\public\public_0002.npy
Falhar,Falhar_Articulador1.mp4,ok,C:\KONECTA\OCR\dados_libras\dinamicos\Falhar\public\public_0000.npy
Falhar,Falhar_Articulador2.mp4,ok,C:\KONECTA\OCR\dados_libras\dinamicos\Falhar\public\public_0001.npy
Falhar,Falhar_Articulador3.mp4,ok,C:\KONECTA\OCR\dados_libras\dinamicos\Falhar\public\public_0002.npy
Falsidade,Falsidade_Articulador1.mp4,ok,C:\KONECTA\OCR\dados_libras\dinamicos\Falsidade\public\public_0000.npy
Falsidade,Falsidade_Articulador2.mp4,ok,C:\KONECTA\OCR\dados_libras\dinamicos\Falsidade\public\public_0001.npy
Falsidade,Falsidade_Articulador3.mp4,ok,C:\KONECTA\OCR\dados_libras\dinamicos\Falsidade\public\public_0002.npy
Falso,Falso_Articulador1.mp4,ok,C:\KONECTA\OCR\dados_libras\dinamicos\Falso\public\public_0000.npy
Falso,Falso_Articulador2.mp4,ok,C:\KONECTA\OCR\dados_libras\dinamicos\Falso\public\public_0001.npy
Falso,Falso_Articulador3.mp4,ok,C:\KONECTA\OCR\dados_libras\dinamicos\Falso\public\public_0002.npy
Faminto,Faminto_Articulador1.mp4,ok,C:\KONECTA\OCR\dados_libras\dinamicos\Faminto\public\public_0000.npy
Faminto,Faminto_Articulador2.mp4,ok,C:\KONECTA\OCR\dados_libras\dinamicos\Faminto\public\public_0001.npy
Faminto,Faminto_Articulador3.mp4,ok,C:\KONECTA\OCR\dados_libras\dinamicos\Faminto\public\public_0002.npy
Família,Família_Articulador1.mp4,ok,C:\KONECTA\OCR\dados_libras\dinamicos\Família\public\public_0000.npy
Família,Família_Articulador2.mp4,ok,C:\KONECTA\OCR\dados_libras\dinamicos\Família\public\public_0001.npy
Família,Família_Articulador3.mp4,ok,C:\KONECTA\OCR\dados_libras\dinamicos\Família\public\public_0002.npy
Fantasma,Fantasma_Articulador1.mp4,ok,C:\KONECTA\OCR\dados_libras\dinamicos\Fantasma\public\public_0000.npy
Fantasma,Fantasma_Articulador2.mp4,ok,C:\KONECTA\OCR\dados_libras\dinamicos\Fantasma\public\public_0001.npy
Fantasma,Fantasma_Articulador3.mp4,ok,C:\KONECTA\OCR\dados_libras\dinamicos\Fantasma\public\public_0002.npy
Farol,Farol_Articulador1.mp4,ok,C:\KONECTA\OCR\dados_libras\dinamicos\Farol\public\public_0000.npy
Farol,Farol_Articulador2.mp4,ok,C:\KONECTA\OCR\dados_libras\dinamicos\Farol\public\public_0001.npy
Farol,Farol_Articulador3.mp4,ok,C:\KONECTA\OCR\dados_libras\dinamicos\Farol\public\public_0002.npy
Fascinar,Fascinar_Articulador1.mp4,ok,C:\KONECTA\OCR\dados_libras\dinamicos\Fascinar\public\public_0000.npy
Fascinar,Fascinar_Articulador2.mp4,ok,C:\KONECTA\OCR\dados_libras\dinamicos\Fascinar\public\public_0001.npy
Fascinar,Fascinar_Articulador3.mp4,ok,C:\KONECTA\OCR\dados_libras\dinamicos\Fascinar\public\public_0002.npy
Favorito,Favorito_Articulador1.mp4,ok,C:\KONECTA\OCR\dados_libras\dinamicos\Favorito\public\public_0000.npy
Favorito,Favorito_Articulador2.mp4,ok,C:\KONECTA\OCR\dados_libras\dinamicos\Favorito\public\public_0001.npy
Favorito,Favorito_Articulador3.mp4,ok,C:\KONECTA\OCR\dados_libras\dinamicos\Favorito\public\public_0002.npy
Faz,Faz_Articulador1.mp4,ok,C:\KONECTA\OCR\dados_libras\dinamicos\Faz\public\public_0000.npy
Faz,Faz_Articulador2.mp4,ok,C:\KONECTA\OCR\dados_libras\dinamicos\Faz\public\public_0001.npy
Faz,Faz_Articulador3.mp4,ok,C:\KONECTA\OCR\dados_libras\dinamicos\Faz\public\public_0002.npy
Fazenda,Fazenda_Articulador1.mp4,ok,C:\KONECTA\OCR\dados_libras\dinamicos\Fazenda\public\public_0000.npy
Fazenda,Fazenda_Articulador2.mp4,ok,C:\KONECTA\OCR\dados_libras\dinamicos\Fazenda\public\public_0001.npy
Fazenda,Fazenda_Articulador3.mp4,ok,C:\KONECTA\OCR\dados_libras\dinamicos\Fazenda\public\public_0002.npy
Fechado,Fechado_Articulador1.mp4,ok,C:\KONECTA\OCR\dados_libras\dinamicos\Fechado\public\public_0000.npy
Fechado,Fechado_Articulador2.mp4,ok,C:\KONECTA\OCR\dados_libras\dinamicos\Fechado\public\public_0001.npy
Fechado,Fechado_Articulador3.mp4,ok,C:\KONECTA\OCR\dados_libras\dinamicos\Fechado\public\public_0002.npy
Fechar,Fechar_Articulador1.mp4,ok,C:\KONECTA\OCR\dados_libras\dinamicos\Fechar\public\public_0000.npy
Fechar,Fechar_Articulador2.mp4,ok,C:\KONECTA\OCR\dados_libras\dinamicos\Fechar\public\public_0001.npy
Fechar,Fechar_Articulador3.mp4,ok,C:\KONECTA\OCR\dados_libras\dinamicos\Fechar\public\public_0002.npy
Fechar a porta,Fechar a porta_Articulador1.mp4,ok,C:\KONECTA\OCR\dados_libras\dinamicos\Fechar a porta\public\public_0000.npy
Fechar a porta,Fechar a porta_Articulador2.mp4,ok,C:\KONECTA\OCR\dados_libras\dinamicos\Fechar a porta\public\public_0001.npy
Fechar a porta,Fechar a porta_Articulador3.mp4,ok,C:\KONECTA\OCR\dados_libras\dinamicos\Fechar a porta\public\public_0002.npy
Federal,Federal_Articulador1.mp4,ok,C:\KONECTA\OCR\dados_libras\dinamicos\Federal\public\public_0000.npy
Federal,Federal_Articulador2.mp4,ok,C:\KONECTA\OCR\dados_libras\dinamicos\Federal\public\public_0001.npy
Federal,Federal_Articulador3.mp4,ok,C:\KONECTA\OCR\dados_libras\dinamicos\Federal\public\public_0002.npy
Feijões,Feijões_Articulador1.mp4,ok,C:\KONECTA\OCR\dados_libras\dinamicos\Feijões\public\public_0000.npy
Feijões,Feijões_Articulador2.mp4,ok,C:\KONECTA\OCR\dados_libras\dinamicos\Feijões\public\public_0001.npy
Feijões,Feijões_Articulador3.mp4,ok,C:\KONECTA\OCR\dados_libras\dinamicos\Feijões\public\public_0002.npy
Feio,Feio_Articulador1.mp4,ok,C:\KONECTA\OCR\dados_libras\dinamicos\Feio\public\public_0000.npy
Feio,Feio_Articulador2.mp4,ok,C:\KONECTA\OCR\dados_libras\dinamicos\Feio\public\public_0001.npy
Feio,Feio_Articulador3.mp4,ok,C:\KONECTA\OCR\dados_libras\dinamicos\Feio\public\public_0002.npy
Feliz,Feliz_Articulador1.mp4,ok,C:\KONECTA\OCR\dados_libras\dinamicos\Feliz\public\public_0000.npy
Feliz,Feliz_Articulador2.mp4,ok,C:\KONECTA\OCR\dados_libras\dinamicos\Feliz\public\public_0001.npy
Feliz,Feliz_Articulador3.mp4,ok,C:\KONECTA\OCR\dados_libras\dinamicos\Feliz\public\public_0002.npy
Ferver,Ferver_Articulador1.mp4,ok,C:\KONECTA\OCR\dados_libras\dinamicos\Ferver\public\public_0000.npy
Ferver,Ferver_Articulador2.mp4,ok,C:\KONECTA\OCR\dados_libras\dinamicos\Ferver\public\public_0001.npy
Ferver,Ferver_Articulador3.mp4,ok,C:\KONECTA\OCR\dados_libras\dinamicos\Ferver\public\public_0002.npy
Festa,Festa_Articulador1.mp4,ok,C:\KONECTA\OCR\dados_libras\dinamicos\Festa\public\public_0000.npy
Festa,Festa_Articulador2.mp4,ok,C:\KONECTA\OCR\dados_libras\dinamicos\Festa\public\public_0001.npy
Festa,Festa_Articulador3.mp4,ok,C:\KONECTA\OCR\dados_libras\dinamicos\Festa\public\public_0002.npy
Ficar com vergonha,Ficar com vergonha_Articulador1.mp4,ok,C:\KONECTA\OCR\dados_libras\dinamicos\Ficar com vergonha\public\public_0000.npy
Ficar com vergonha,Ficar com vergonha_Articulador2.mp4,ok,C:\KONECTA\OCR\dados_libras\dinamicos\Ficar com vergonha\public\public_0001.npy
Ficar com vergonha,Ficar com vergonha_Articulador3.mp4,ok,C:\KONECTA\OCR\dados_libras\dinamicos\Ficar com vergonha\public\public_0002.npy
Ficha de registro,Ficha de registro_Articulador1.mp4,ok,C:\KONECTA\OCR\dados_libras\dinamicos\Ficha de registro\public\public_0000.npy
Ficha de registro,Ficha de registro_Articulador2.mp4,ok,C:\KONECTA\OCR\dados_libras\dinamicos\Ficha de registro\public\public_0001.npy
Ficha de registro,Ficha de registro_Articulador3.mp4,ok,C:\KONECTA\OCR\dados_libras\dinamicos\Ficha de registro\public\public_0002.npy
Filha,Filha_Articulador1.mp4,ok,C:\KONECTA\OCR\dados_libras\dinamicos\Filha\public\public_0000.npy
Filha,Filha_Articulador2.mp4,ok,C:\KONECTA\OCR\dados_libras\dinamicos\Filha\public\public_0001.npy
Filha,Filha_Articulador3.mp4,ok,C:\KONECTA\OCR\dados_libras\dinamicos\Filha\public\public_0002.npy
Filho,Filho_Articulador1.mp4,ok,C:\KONECTA\OCR\dados_libras\dinamicos\Filho\public\public_0000.npy
Filho,Filho_Articulador2.mp4,ok,C:\KONECTA\OCR\dados_libras\dinamicos\Filho\public\public_0001.npy
Filho,Filho_Articulador3.mp4,ok,C:\KONECTA\OCR\dados_libras\dinamicos\Filho\public\public_0002.npy
Filmadora,Filmadora_Articulador1.mp4,ok,C:\KONECTA\OCR\dados_libras\dinamicos\Filmadora\public\public_0000.npy
Filmadora,Filmadora_Articulador2.mp4,ok,C:\KONECTA\OCR\dados_libras\dinamicos\Filmadora\public\public_0001.npy
Filmadora,Filmadora_Articulador3.mp4,ok,C:\KONECTA\OCR\dados_libras\dinamicos\Filmadora\public\public_0002.npy
Filme,Filme_Articulador1.mp4,ok,C:\KONECTA\OCR\dados_libras\dinamicos\Filme\public\public_0000.npy
Filme,Filme_Articulador2.mp4,ok,C:\KONECTA\OCR\dados_libras\dinamicos\Filme\public\public_0001.npy
Filme,Filme_Articulador3.mp4,ok,C:\KONECTA\OCR\dados_libras\dinamicos\Filme\public\public_0002.npy
Fim,Fim_Articulador1.mp4,ok,C:\KONECTA\OCR\dados_libras\dinamicos\Fim\public\public_0000.npy
Fim,Fim_Articulador2.mp4,ok,C:\KONECTA\OCR\dados_libras\dinamicos\Fim\public\public_0001.npy
Fim,Fim_Articulador3.mp4,ok,C:\KONECTA\OCR\dados_libras\dinamicos\Fim\public\public_0002.npy
Fim de semana,Fim de semana_Articulador1.mp4,ok,C:\KONECTA\OCR\dados_libras\dinamicos\Fim de semana\public\public_0000.npy
Fim de semana,Fim de semana_Articulador2.mp4,ok,C:\KONECTA\OCR\dados_libras\dinamicos\Fim de semana\public\public_0001.npy
Fim de semana,Fim de semana_Articulador3.mp4,ok,C:\KONECTA\OCR\dados_libras\dinamicos\Fim de semana\public\public_0002.npy
Financeiro,Financeiro_Articulador1.mp4,ok,C:\KONECTA\OCR\dados_libras\dinamicos\Financeiro\public\public_0000.npy
Financeiro,Financeiro_Articulador2.mp4,ok,C:\KONECTA\OCR\dados_libras\dinamicos\Financeiro\public\public_0001.npy
Financeiro,Financeiro_Articulador3.mp4,ok,C:\KONECTA\OCR\dados_libras\dinamicos\Financeiro\public\public_0002.npy
Fino,Fino_Articulador1.mp4,ok,C:\KONECTA\OCR\dados_libras\dinamicos\Fino\public\public_0000.npy
Fino,Fino_Articulador2.mp4,ok,C:\KONECTA\OCR\dados_libras\dinamicos\Fino\public\public_0001.npy
Fino,Fino_Articulador3.mp4,ok,C:\KONECTA\OCR\dados_libras\dinamicos\Fino\public\public_0002.npy
Firmeza,Firmeza_Articulador1.mp4,ok,C:\KONECTA\OCR\dados_libras\dinamicos\Firmeza\public\public_0000.npy
Firmeza,Firmeza_Articulador2.mp4,ok,C:\KONECTA\OCR\dados_libras\dinamicos\Firmeza\public\public_0001.npy
Firmeza,Firmeza_Articulador3.mp4,ok,C:\KONECTA\OCR\dados_libras\dinamicos\Firmeza\public\public_0002.npy
Fita Cassete,Fita Cassete_Articulador1.mp4,ok,C:\KONECTA\OCR\dados_libras\dinamicos\Fita Cassete\public\public_0000.npy
Fita Cassete,Fita Cassete_Articulador2.mp4,ok,C:\KONECTA\OCR\dados_libras\dinamicos\Fita Cassete\public\public_0001.npy
Fita Cassete,Fita Cassete_Articulador3.mp4,ok,C:\KONECTA\OCR\dados_libras\dinamicos\Fita Cassete\public\public_0002.npy
Flash da câmera,Flash da câmera_Articulador1.mp4,ok,C:\KONECTA\OCR\dados_libras\dinamicos\Flash da câmera\public\public_0000.npy
Flash da câmera,Flash da câmera_Articulador2.mp4,ok,C:\KONECTA\OCR\dados_libras\dinamicos\Flash da câmera\public\public_0001.npy
Flash da câmera,Flash da câmera_Articulador3.mp4,ok,C:\KONECTA\OCR\dados_libras\dinamicos\Flash da câmera\public\public_0002.npy
Flauta,Flauta_Articulador1.mp4,ok,C:\KONECTA\OCR\dados_libras\dinamicos\Flauta\public\public_0000.npy
Flauta,Flauta_Articulador2.mp4,ok,C:\KONECTA\OCR\dados_libras\dinamicos\Flauta\public\public_0001.npy
Flauta,Flauta_Articulador3.mp4,ok,C:\KONECTA\OCR\dados_libras\dinamicos\Flauta\public\public_0002.npy
Flexível,Flexível_Articulador1.mp4,ok,C:\KONECTA\OCR\dados_libras\dinamicos\Flexível\public\public_0000.npy
Flexível,Flexível_Articulador2.mp4,ok,C:\KONECTA\OCR\dados_libras\dinamicos\Flexível\public\public_0001.npy
Flexível,Flexível_Articulador3.mp4,ok,C:\KONECTA\OCR\dados_libras\dinamicos\Flexível\public\public_0002.npy
Flor,Flor_Articulador1.mp4,ok,C:\KONECTA\OCR\dados_libras\dinamicos\Flor\public\public_0000.npy
Flor,Flor_Articulador2.mp4,ok,C:\KONECTA\OCR\dados_libras\dinamicos\Flor\public\public_0001.npy
Flor,Flor_Articulador3.mp4,ok,C:\KONECTA\OCR\dados_libras\dinamicos\Flor\public\public_0002.npy
Fofinho,Fofinho_Articulador1.mp4,ok,C:\KONECTA\OCR\dados_libras\dinamicos\Fofinho\public\public_0000.npy
Fofinho,Fofinho_Articulador2.mp4,ok,C:\KONECTA\OCR\dados_libras\dinamicos\Fofinho\public\public_0001.npy
Fofinho,Fofinho_Articulador3.mp4,ok,C:\KONECTA\OCR\dados_libras\dinamicos\Fofinho\public\public_0002.npy
Fofoca,Fofoca_Articulador1.mp4,ok,C:\KONECTA\OCR\dados_libras\dinamicos\Fofoca\public\public_0000.npy
Fofoca,Fofoca_Articulador2.mp4,ok,C:\KONECTA\OCR\dados_libras\dinamicos\Fofoca\public\public_0001.npy
Fofoca,Fofoca_Articulador3.mp4,ok,C:\KONECTA\OCR\dados_libras\dinamicos\Fofoca\public\public_0002.npy
Fogo,Fogo_Articulador1.mp4,ok,C:\KONECTA\OCR\dados_libras\dinamicos\Fogo\public\public_0000.npy
Fogo,Fogo_Articulador2.mp4,ok,C:\KONECTA\OCR\dados_libras\dinamicos\Fogo\public\public_0001.npy
Fogo,Fogo_Articulador3.mp4,ok,C:\KONECTA\OCR\dados_libras\dinamicos\Fogo\public\public_0002.npy
Foguete,Foguete_Articulador1.mp4,ok,C:\KONECTA\OCR\dados_libras\dinamicos\Foguete\public\public_0000.npy
Foguete,Foguete_Articulador2.mp4,ok,C:\KONECTA\OCR\dados_libras\dinamicos\Foguete\public\public_0001.npy
Foguete,Foguete_Articulador3.mp4,ok,C:\KONECTA\OCR\dados_libras\dinamicos\Foguete\public\public_0002.npy
Fome,Fome_Articulador1.mp4,ok,C:\KONECTA\OCR\dados_libras\dinamicos\Fome\public\public_0000.npy
Fome,Fome_Articulador2.mp4,ok,C:\KONECTA\OCR\dados_libras\dinamicos\Fome\public\public_0001.npy
Fome,Fome_Articulador3.mp4,ok,C:\KONECTA\OCR\dados_libras\dinamicos\Fome\public\public_0002.npy
Fonte de água,Fonte de água_Articulador1.mp4,ok,C:\KONECTA\OCR\dados_libras\dinamicos\Fonte de água\public\public_0000.npy
Fonte de água,Fonte de água_Articulador2.mp4,ok,C:\KONECTA\OCR\dados_libras\dinamicos\Fonte de água\public\public_0001.npy
Fonte de água,Fonte de água_Articulador3.mp4,ok,C:\KONECTA\OCR\dados_libras\dinamicos\Fonte de água\public\public_0002.npy
Fora,Fora_Articulador1.mp4,ok,C:\KONECTA\OCR\dados_libras\dinamicos\Fora\public\public_0000.npy
Fora,Fora_Articulador2.mp4,ok,C:\KONECTA\OCR\dados_libras\dinamicos\Fora\public\public_0001.npy
Fora,Fora_Articulador3.mp4,ok,C:\KONECTA\OCR\dados_libras\dinamicos\Fora\public\public_0002.npy
Formulário,Formulário_Articulador1.mp4,ok,C:\KONECTA\OCR\dados_libras\dinamicos\Formulário\public\public_0000.npy
Formulário,Formulário_Articulador2.mp4,ok,C:\KONECTA\OCR\dados_libras\dinamicos\Formulário\public\public_0001.npy
Formulário,Formulário_Articulador3.mp4,ok,C:\KONECTA\OCR\dados_libras\dinamicos\Formulário\public\public_0002.npy
Forte,Forte_Articulador1.mp4,ok,C:\KONECTA\OCR\dados_libras\dinamicos\Forte\public\public_0000.npy
Forte,Forte_Articulador2.mp4,ok,C:\KONECTA\OCR\dados_libras\dinamicos\Forte\public\public_0001.npy
Forte,Forte_Articulador3.mp4,ok,C:\KONECTA\OCR\dados_libras\dinamicos\Forte\public\public_0002.npy
Fortemente picante,Fortemente picante_Articulador1.mp4,ok,C:\KONECTA\OCR\dados_libras\dinamicos\Fortemente picante\public\public_0000.npy
Fortemente picante,Fortemente picante_Articulador2.mp4,ok,C:\KONECTA\OCR\dados_libras\dinamicos\Fortemente picante\public\public_0001.npy
Fortemente picante,Fortemente picante_Articulador3.mp4,ok,C:\KONECTA\OCR\dados_libras\dinamicos\Fortemente picante\public\public_0002.npy
Força,Força_Articulador1.mp4,ok,C:\KONECTA\OCR\dados_libras\dinamicos\Força\public\public_0000.npy
Força,Força_Articulador2.mp4,ok,C:\KONECTA\OCR\dados_libras\dinamicos\Força\public\public_0001.npy
Força,Força_Articulador3.mp4,ok,C:\KONECTA\OCR\dados_libras\dinamicos\Força\public\public_0002.npy
Fraco,Fraco_Articulador1.mp4,ok,C:\KONECTA\OCR\dados_libras\dinamicos\Fraco\public\public_0000.npy
Fraco,Fraco_Articulador2.mp4,ok,C:\KONECTA\OCR\dados_libras\dinamicos\Fraco\public\public_0001.npy
Fraco,Fraco_Articulador3.mp4,ok,C:\KONECTA\OCR\dados_libras\dinamicos\Fraco\public\public_0002.npy
Freio,Freio_Articulador1.mp4,ok,C:\KONECTA\OCR\dados_libras\dinamicos\Freio\public\public_0000.npy
Freio,Freio_Articulador2.mp4,ok,C:\KONECTA\OCR\dados_libras\dinamicos\Freio\public\public_0001.npy
Freio,Freio_Articulador3.mp4,ok,C:\KONECTA\OCR\dados_libras\dinamicos\Freio\public\public_0002.npy
FrenteÁ Frente,FrenteÁ Frente_Articulador1.mp4,ok,C:\KONECTA\OCR\dados_libras\dinamicos\FrenteÁ Frente\public\public_0000.npy
FrenteÁ Frente,FrenteÁ Frente_Articulador2.mp4,ok,C:\KONECTA\OCR\dados_libras\dinamicos\FrenteÁ Frente\public\public_0001.npy
FrenteÁ Frente,FrenteÁ Frente_Articulador3.mp4,ok,C:\KONECTA\OCR\dados_libras\dinamicos\FrenteÁ Frente\public\public_0002.npy
Frio,Frio_Articulador1.mp4,ok,C:\KONECTA\OCR\dados_libras\dinamicos\Frio\public\public_0000.npy
Frio,Frio_Articulador2.mp4,ok,C:\KONECTA\OCR\dados_libras\dinamicos\Frio\public\public_0001.npy
Frio,Frio_Articulador3.mp4,ok,C:\KONECTA\OCR\dados_libras\dinamicos\Frio\public\public_0002.npy
Fruta,Fruta_Articulador1.mp4,ok,C:\KONECTA\OCR\dados_libras\dinamicos\Fruta\public\public_0000.npy
Fruta,Fruta_Articulador2.mp4,ok,C:\KONECTA\OCR\dados_libras\dinamicos\Fruta\public\public_0001.npy
Fruta,Fruta_Articulador3.mp4,ok,C:\KONECTA\OCR\dados_libras\dinamicos\Fruta\public\public_0002.npy
Funeral,Funeral_Articulador1.mp4,ok,C:\KONECTA\OCR\dados_libras\dinamicos\Funeral\public\public_0000.npy
Funeral,Funeral_Articulador2.mp4,ok,C:\KONECTA\OCR\dados_libras\dinamicos\Funeral\public\public_0001.npy
Funeral,Funeral_Articulador3.mp4,ok,C:\KONECTA\OCR\dados_libras\dinamicos\Funeral\public\public_0002.npy
Função,Função_Articulador1.mp4,ok,C:\KONECTA\OCR\dados_libras\dinamicos\Função\public\public_0000.npy
Função,Função_Articulador2.mp4,ok,C:\KONECTA\OCR\dados_libras\dinamicos\Função\public\public_0001.npy
Função,Função_Articulador3.mp4,ok,C:\KONECTA\OCR\dados_libras\dinamicos\Função\public\public_0002.npy
Futebol,Futebol_Articulador1.mp4,ok,C:\KONECTA\OCR\dados_libras\dinamicos\Futebol\public\public_0000.npy
Futebol,Futebol_Articulador2.mp4,ok,C:\KONECTA\OCR\dados_libras\dinamicos\Futebol\public\public_0001.npy
Futebol,Futebol_Articulador3.mp4,ok,C:\KONECTA\OCR\dados_libras\dinamicos\Futebol\public\public_0002.npy
Futuro,Futuro_Articulador1.mp4,ok,C:\KONECTA\OCR\dados_libras\dinamicos\Futuro\public\public_0000.npy
Futuro,Futuro_Articulador2.mp4,ok,C:\KONECTA\OCR\dados_libras\dinamicos\Futuro\public\public_0001.npy
Futuro,Futuro_Articulador3.mp4,ok,C:\KONECTA\OCR\dados_libras\dinamicos\Futuro\public\public_0002.npy
Física,Física_Articulador1.mp4,ok,C:\KONECTA\OCR\dados_libras\dinamicos\Física\public\public_0000.npy
Física,Física_Articulador2.mp4,ok,C:\KONECTA\OCR\dados_libras\dinamicos\Física\public\public_0001.npy
Física,Física_Articulador3.mp4,ok,C:\KONECTA\OCR\dados_libras\dinamicos\Física\public\public_0002.npy
Galo,Galo_Articulador1.mp4,ok,C:\KONECTA\OCR\dados_libras\dinamicos\Galo\public\public_0000.npy
Galo,Galo_Articulador2.mp4,ok,C:\KONECTA\OCR\dados_libras\dinamicos\Galo\public\public_0001.npy
Galo,Galo_Articulador3.mp4,ok,C:\KONECTA\OCR\dados_libras\dinamicos\Galo\public\public_0002.npy
Gangorra,Gangorra_Articulador1.mp4,ok,C:\KONECTA\OCR\dados_libras\dinamicos\Gangorra\public\public_0000.npy
Gangorra,Gangorra_Articulador2.mp4,ok,C:\KONECTA\OCR\dados_libras\dinamicos\Gangorra\public\public_0001.npy
Gangorra,Gangorra_Articulador3.mp4,ok,C:\KONECTA\OCR\dados_libras\dinamicos\Gangorra\public\public_0002.npy
Garagem,Garagem_Articulador1.mp4,ok,C:\KONECTA\OCR\dados_libras\dinamicos\Garagem\public\public_0000.npy
Garagem,Garagem_Articulador2.mp4,ok,C:\KONECTA\OCR\dados_libras\dinamicos\Garagem\public\public_0001.npy
Garagem,Garagem_Articulador3.mp4,ok,C:\KONECTA\OCR\dados_libras\dinamicos\Garagem\public\public_0002.npy
Garfo,Garfo_Articulador1.mp4,ok,C:\KONECTA\OCR\dados_libras\dinamicos\Garfo\public\public_0000.npy
Garfo,Garfo_Articulador2.mp4,ok,C:\KONECTA\OCR\dados_libras\dinamicos\Garfo\public\public_0001.npy
Garfo,Garfo_Articulador3.mp4,ok,C:\KONECTA\OCR\dados_libras\dinamicos\Garfo\public\public_0002.npy
Garganta,Garganta_Articulador1.mp4,ok,C:\KONECTA\OCR\dados_libras\dinamicos\Garganta\public\public_0000.npy
Garganta,Garganta_Articulador2.mp4,ok,C:\KONECTA\OCR\dados_libras\dinamicos\Garganta\public\public_0001.npy
Garganta,Garganta_Articulador3.mp4,ok,C:\KONECTA\OCR\dados_libras\dinamicos\Garganta\public\public_0002.npy
Garoto (menino),Garoto (menino)_Articulador1.mp4,ok,C:\KONECTA\OCR\dados_libras\dinamicos\Garoto (menino)\public\public_0000.npy
Garoto (menino),Garoto (menino)_Articulador2.mp4,ok,C:\KONECTA\OCR\dados_libras\dinamicos\Garoto (menino)\public\public_0001.npy
Garoto (menino),Garoto (menino)_Articulador3.mp4,ok,C:\KONECTA\OCR\dados_libras\dinamicos\Garoto (menino)\public\public_0002.npy
Garrafa,Garrafa_Articulador1.mp4,ok,C:\KONECTA\OCR\dados_libras\dinamicos\Garrafa\public\public_0000.npy
Garrafa,Garrafa_Articulador2.mp4,ok,C:\KONECTA\OCR\dados_libras\dinamicos\Garrafa\public\public_0001.npy
Garrafa,Garrafa_Articulador3.mp4,ok,C:\KONECTA\OCR\dados_libras\dinamicos\Garrafa\public\public_0002.npy
Garrafa de vinho,Garrafa de vinho_Articulador1.mp4,ok,C:\KONECTA\OCR\dados_libras\dinamicos\Garrafa de vinho\public\public_0000.npy
Garrafa de vinho,Garrafa de vinho_Articulador2.mp4,ok,C:\KONECTA\OCR\dados_libras\dinamicos\Garrafa de vinho\public\public_0001.npy
Garrafa de vinho,Garrafa de vinho_Articulador3.mp4,ok,C:\KONECTA\OCR\dados_libras\dinamicos\Garrafa de vinho\public\public_0002.npy
Gastar,Gastar_Articulador1.mp4,ok,C:\KONECTA\OCR\dados_libras\dinamicos\Gastar\public\public_0000.npy
Gastar,Gastar_Articulador2.mp4,ok,C:\KONECTA\OCR\dados_libras\dinamicos\Gastar\public\public_0001.npy
Gastar,Gastar_Articulador3.mp4,ok,C:\KONECTA\OCR\dados_libras\dinamicos\Gastar\public\public_0002.npy
Gato,Gato_Articulador1.mp4,ok,C:\KONECTA\OCR\dados_libras\dinamicos\Gato\public\public_0000.npy
Gato,Gato_Articulador2.mp4,ok,C:\KONECTA\OCR\dados_libras\dinamicos\Gato\public\public_0001.npy
Gato,Gato_Articulador3.mp4,ok,C:\KONECTA\OCR\dados_libras\dinamicos\Gato\public\public_0002.npy
Gay,Gay_Articulador1.mp4,ok,C:\KONECTA\OCR\dados_libras\dinamicos\Gay\public\public_0000.npy
Gay,Gay_Articulador2.mp4,ok,C:\KONECTA\OCR\dados_libras\dinamicos\Gay\public\public_0001.npy
Gay,Gay_Articulador3.mp4,ok,C:\KONECTA\OCR\dados_libras\dinamicos\Gay\public\public_0002.npy
Geração,Geração_Articulador1.mp4,ok,C:\KONECTA\OCR\dados_libras\dinamicos\Geração\public\public_0000.npy
Geração,Geração_Articulador2.mp4,ok,C:\KONECTA\OCR\dados_libras\dinamicos\Geração\public\public_0001.npy
Geração,Geração_Articulador3.mp4,ok,C:\KONECTA\OCR\dados_libras\dinamicos\Geração\public\public_0002.npy
Geração atrás,Geração atrás_Articulador1.mp4,ok,C:\KONECTA\OCR\dados_libras\dinamicos\Geração atrás\public\public_0000.npy
Geração atrás,Geração atrás_Articulador2.mp4,ok,C:\KONECTA\OCR\dados_libras\dinamicos\Geração atrás\public\public_0001.npy
Geração atrás,Geração atrás_Articulador3.mp4,ok,C:\KONECTA\OCR\dados_libras\dinamicos\Geração atrás\public\public_0002.npy
Giz,Giz_Articulador1.mp4,ok,C:\KONECTA\OCR\dados_libras\dinamicos\Giz\public\public_0000.npy
Giz,Giz_Articulador2.mp4,ok,C:\KONECTA\OCR\dados_libras\dinamicos\Giz\public\public_0001.npy
Giz,Giz_Articulador3.mp4,ok,C:\KONECTA\OCR\dados_libras\dinamicos\Giz\public\public_0002.npy
Glória,Glória_Articulador1.mp4,ok,C:\KONECTA\OCR\dados_libras\dinamicos\Glória\public\public_0000.npy
Glória,Glória_Articulador2.mp4,ok,C:\KONECTA\OCR\dados_libras\dinamicos\Glória\public\public_0001.npy
Glória,Glória_Articulador3.mp4,ok,C:\KONECTA\OCR\dados_libras\dinamicos\Glória\public\public_0002.npy
Golfe,Golfe_Articulador1.mp4,ok,C:\KONECTA\OCR\dados_libras\dinamicos\Golfe\public\public_0000.npy
Golfe,Golfe_Articulador2.mp4,ok,C:\KONECTA\OCR\dados_libras\dinamicos\Golfe\public\public_0001.npy
Golfe,Golfe_Articulador3.mp4,ok,C:\KONECTA\OCR\dados_libras\dinamicos\Golfe\public\public_0002.npy
Gorila,Gorila_Articulador1.mp4,ok,C:\KONECTA\OCR\dados_libras\dinamicos\Gorila\public\public_0000.npy
Gorila,Gorila_Articulador2.mp4,ok,C:\KONECTA\OCR\dados_libras\dinamicos\Gorila\public\public_0001.npy
Gorila,Gorila_Articulador3.mp4,ok,C:\KONECTA\OCR\dados_libras\dinamicos\Gorila\public\public_0002.npy
Gostar,Gostar_Articulador1.mp4,ok,C:\KONECTA\OCR\dados_libras\dinamicos\Gostar\public\public_0000.npy
Gostar,Gostar_Articulador2.mp4,ok,C:\KONECTA\OCR\dados_libras\dinamicos\Gostar\public\public_0001.npy
Gostar,Gostar_Articulador3.mp4,ok,C:\KONECTA\OCR\dados_libras\dinamicos\Gostar\public\public_0002.npy
Gosto (sabor),Gosto (sabor)_Articulador1.mp4,ok,C:\KONECTA\OCR\dados_libras\dinamicos\Gosto (sabor)\public\public_0000.npy
Gosto (sabor),Gosto (sabor)_Articulador2.mp4,ok,C:\KONECTA\OCR\dados_libras\dinamicos\Gosto (sabor)\public\public_0001.npy
Gosto (sabor),Gosto (sabor)_Articulador3.mp4,ok,C:\KONECTA\OCR\dados_libras\dinamicos\Gosto (sabor)\public\public_0002.npy
Gotejamento,Gotejamento_Articulador1.mp4,ok,C:\KONECTA\OCR\dados_libras\dinamicos\Gotejamento\public\public_0000.npy
Gotejamento,Gotejamento_Articulador2.mp4,ok,C:\KONECTA\OCR\dados_libras\dinamicos\Gotejamento\public\public_0001.npy
Gotejamento,Gotejamento_Articulador3.mp4,ok,C:\KONECTA\OCR\dados_libras\dinamicos\Gotejamento\public\public_0002.npy
Governo,Governo_Articulador1.mp4,ok,C:\KONECTA\OCR\dados_libras\dinamicos\Governo\public\public_0000.npy
Governo,Governo_Articulador2.mp4,ok,C:\KONECTA\OCR\dados_libras\dinamicos\Governo\public\public_0001.npy
Governo,Governo_Articulador3.mp4,ok,C:\KONECTA\OCR\dados_libras\dinamicos\Governo\public\public_0002.npy
Graduado,Graduado_Articulador1.mp4,ok,C:\KONECTA\OCR\dados_libras\dinamicos\Graduado\public\public_0000.npy
Graduado,Graduado_Articulador2.mp4,ok,C:\KONECTA\OCR\dados_libras\dinamicos\Graduado\public\public_0001.npy
Graduado,Graduado_Articulador3.mp4,ok,C:\KONECTA\OCR\dados_libras\dinamicos\Graduado\public\public_0002.npy
Gramática,Gramática_Articulador1.mp4,ok,C:\KONECTA\OCR\dados_libras\dinamicos\Gramática\public\public_0000.npy
Gramática,Gramática_Articulador2.mp4,ok,C:\KONECTA\OCR\dados_libras\dinamicos\Gramática\public\public_0001.npy
Gramática,Gramática_Articulador3.mp4,ok,C:\KONECTA\OCR\dados_libras\dinamicos\Gramática\public\public_0002.npy
Grande (enorme),Grande (enorme)_Articulador1.mp4,ok,C:\KONECTA\OCR\dados_libras\dinamicos\Grande (enorme)\public\public_0000.npy
Grande (enorme),Grande (enorme)_Articulador2.mp4,ok,C:\KONECTA\OCR\dados_libras\dinamicos\Grande (enorme)\public\public_0001.npy
Grande (enorme),Grande (enorme)_Articulador3.mp4,ok,C:\KONECTA\OCR\dados_libras\dinamicos\Grande (enorme)\public\public_0002.npy
Grande sucesso,Grande sucesso_Articulador1.mp4,ok,C:\KONECTA\OCR\dados_libras\dinamicos\Grande sucesso\public\public_0000.npy
Grande sucesso,Grande sucesso_Articulador2.mp4,ok,C:\KONECTA\OCR\dados_libras\dinamicos\Grande sucesso\public\public_0001.npy
Grande sucesso,Grande sucesso_Articulador3.mp4,ok,C:\KONECTA\OCR\dados_libras\dinamicos\Grande sucesso\public\public_0002.npy
Gravata,Gravata_Articulador1.mp4,ok,C:\KONECTA\OCR\dados_libras\dinamicos\Gravata\public\public_0000.npy
Gravata,Gravata_Articulador2.mp4,ok,C:\KONECTA\OCR\dados_libras\dinamicos\Gravata\public\public_0001.npy
Gravata,Gravata_Articulador3.mp4,ok,C:\KONECTA\OCR\dados_libras\dinamicos\Gravata\public\public_0002.npy
Gravata (borboleta),Gravata (borboleta)_Articulador1.mp4,ok,C:\KONECTA\OCR\dados_libras\dinamicos\Gravata (borboleta)\public\public_0000.npy
Gravata (borboleta),Gravata (borboleta)_Articulador2.mp4,ok,C:\KONECTA\OCR\dados_libras\dinamicos\Gravata (borboleta)\public\public_0001.npy
Gravata (borboleta),Gravata (borboleta)_Articulador3.mp4,ok,C:\KONECTA\OCR\dados_libras\dinamicos\Gravata (borboleta)\public\public_0002.npy
Gravação de Fita Casssete,Gravação de Fita Casssete_Articulador1.mp4,ok,C:\KONECTA\OCR\dados_libras\dinamicos\Gravação de Fita Casssete\public\public_0000.npy
Gravação de Fita Casssete,Gravação de Fita Casssete_Articulador2.mp4,ok,C:\KONECTA\OCR\dados_libras\dinamicos\Gravação de Fita Casssete\public\public_0001.npy
Gravação de Fita Casssete,Gravação de Fita Casssete_Articulador3.mp4,ok,C:\KONECTA\OCR\dados_libras\dinamicos\Gravação de Fita Casssete\public\public_0002.npy
Gritar,Gritar_Articulador1.mp4,ok,C:\KONECTA\OCR\dados_libras\dinamicos\Gritar\public\public_0000.npy
Gritar,Gritar_Articulador2.mp4,ok,C:\KONECTA\OCR\dados_libras\dinamicos\Gritar\public\public_0001.npy
Gritar,Gritar_Articulador3.mp4,ok,C:\KONECTA\OCR\dados_libras\dinamicos\Gritar\public\public_0002.npy
Grosseiro,Grosseiro_Articulador1.mp4,ok,C:\KONECTA\OCR\dados_libras\dinamicos\Grosseiro\public\public_0000.npy
Grosseiro,Grosseiro_Articulador2.mp4,ok,C:\KONECTA\OCR\dados_libras\dinamicos\Grosseiro\public\public_0001.npy
Grosseiro,Grosseiro_Articulador3.mp4,ok,C:\KONECTA\OCR\dados_libras\dinamicos\Grosseiro\public\public_0002.npy
Grosso,Grosso_Articulador1.mp4,ok,C:\KONECTA\OCR\dados_libras\dinamicos\Grosso\public\public_0000.npy
Grosso,Grosso_Articulador2.mp4,ok,C:\KONECTA\OCR\dados_libras\dinamicos\Grosso\public\public_0001.npy
Grosso,Grosso_Articulador3.mp4,ok,C:\KONECTA\OCR\dados_libras\dinamicos\Grosso\public\public_0002.npy
Grávida,Grávida_Articulador1.mp4,ok,C:\KONECTA\OCR\dados_libras\dinamicos\Grávida\public\public_0000.npy
Grávida,Grávida_Articulador2.mp4,ok,C:\KONECTA\OCR\dados_libras\dinamicos\Grávida\public\public_0001.npy
Grávida,Grávida_Articulador3.mp4,ok,C:\KONECTA\OCR\dados_libras\dinamicos\Grávida\public\public_0002.npy
Guarda-chuva,Guarda-chuva_Articulador1.mp4,ok,C:\KONECTA\OCR\dados_libras\dinamicos\Guarda-chuva\public\public_0000.npy
Guarda-chuva,Guarda-chuva_Articulador2.mp4,ok,C:\KONECTA\OCR\dados_libras\dinamicos\Guarda-chuva\public\public_0001.npy
Guarda-chuva,Guarda-chuva_Articulador3.mp4,ok,C:\KONECTA\OCR\dados_libras\dinamicos\Guarda-chuva\public\public_0002.npy
Guerra,Guerra_Articulador1.mp4,ok,C:\KONECTA\OCR\dados_libras\dinamicos\Guerra\public\public_0000.npy
Guerra,Guerra_Articulador2.mp4,ok,C:\KONECTA\OCR\dados_libras\dinamicos\Guerra\public\public_0001.npy
Guerra,Guerra_Articulador3.mp4,ok,C:\KONECTA\OCR\dados_libras\dinamicos\Guerra\public\public_0002.npy
Guitarra,Guitarra_Articulador1.mp4,ok,C:\KONECTA\OCR\dados_libras\dinamicos\Guitarra\public\public_0000.npy
Guitarra,Guitarra_Articulador2.mp4,ok,C:\KONECTA\OCR\dados_libras\dinamicos\Guitarra\public\public_0001.npy
Guitarra,Guitarra_Articulador3.mp4,ok,C:\KONECTA\OCR\dados_libras\dinamicos\Guitarra\public\public_0002.npy
Habilidade,Habilidade_Articulador1.mp4,ok,C:\KONECTA\OCR\dados_libras\dinamicos\Habilidade\public\public_0000.npy
Habilidade,Habilidade_Articulador2.mp4,ok,C:\KONECTA\OCR\dados_libras\dinamicos\Habilidade\public\public_0001.npy
Habilidade,Habilidade_Articulador3.mp4,ok,C:\KONECTA\OCR\dados_libras\dinamicos\Habilidade\public\public_0002.npy
Helicóptero,Helicóptero_Articulador1.mp4,ok,C:\KONECTA\OCR\dados_libras\dinamicos\Helicóptero\public\public_0000.npy
Helicóptero,Helicóptero_Articulador2.mp4,ok,C:\KONECTA\OCR\dados_libras\dinamicos\Helicóptero\public\public_0001.npy
Helicóptero,Helicóptero_Articulador3.mp4,ok,C:\KONECTA\OCR\dados_libras\dinamicos\Helicóptero\public\public_0002.npy
História,História_Articulador1.mp4,ok,C:\KONECTA\OCR\dados_libras\dinamicos\História\public\public_0000.npy
História,História_Articulador2.mp4,ok,C:\KONECTA\OCR\dados_libras\dinamicos\História\public\public_0001.npy
História,História_Articulador3.mp4,ok,C:\KONECTA\OCR\dados_libras\dinamicos\História\public\public_0002.npy
Homem,Homem_Articulador1.mp4,ok,C:\KONECTA\OCR\dados_libras\dinamicos\Homem\public\public_0000.npy
Homem,Homem_Articulador2.mp4,ok,C:\KONECTA\OCR\dados_libras\dinamicos\Homem\public\public_0001.npy
Homem,Homem_Articulador3.mp4,ok,C:\KONECTA\OCR\dados_libras\dinamicos\Homem\public\public_0002.npy
Honesto,Honesto_Articulador1.mp4,ok,C:\KONECTA\OCR\dados_libras\dinamicos\Honesto\public\public_0000.npy
Honesto,Honesto_Articulador2.mp4,ok,C:\KONECTA\OCR\dados_libras\dinamicos\Honesto\public\public_0001.npy
Honesto,Honesto_Articulador3.mp4,ok,C:\KONECTA\OCR\dados_libras\dinamicos\Honesto\public\public_0002.npy
Honra,Honra_Articulador1.mp4,ok,C:\KONECTA\OCR\dados_libras\dinamicos\Honra\public\public_0000.npy
Honra,Honra_Articulador2.mp4,ok,C:\KONECTA\OCR\dados_libras\dinamicos\Honra\public\public_0001.npy
Honra,Honra_Articulador3.mp4,ok,C:\KONECTA\OCR\dados_libras\dinamicos\Honra\public\public_0002.npy
Hora,Hora_Articulador1.mp4,ok,C:\KONECTA\OCR\dados_libras\dinamicos\Hora\public\public_0000.npy
Hora,Hora_Articulador2.mp4,ok,C:\KONECTA\OCR\dados_libras\dinamicos\Hora\public\public_0001.npy
Hora,Hora_Articulador3.mp4,ok,C:\KONECTA\OCR\dados_libras\dinamicos\Hora\public\public_0002.npy
Hospital,Hospital_Articulador1.mp4,ok,C:\KONECTA\OCR\dados_libras\dinamicos\Hospital\public\public_0000.npy
Hospital,Hospital_Articulador2.mp4,ok,C:\KONECTA\OCR\dados_libras\dinamicos\Hospital\public\public_0001.npy
Hospital,Hospital_Articulador3.mp4,ok,C:\KONECTA\OCR\dados_libras\dinamicos\Hospital\public\public_0002.npy
Humilde,Humilde_Articulador1.mp4,ok,C:\KONECTA\OCR\dados_libras\dinamicos\Humilde\public\public_0000.npy
Humilde,Humilde_Articulador2.mp4,ok,C:\KONECTA\OCR\dados_libras\dinamicos\Humilde\public\public_0001.npy
Humilde,Humilde_Articulador3.mp4,ok,C:\KONECTA\OCR\dados_libras\dinamicos\Humilde\public\public_0002.npy
Ideia,Ideia_Articulador1.mp4,ok,C:\KONECTA\OCR\dados_libras\dinamicos\Ideia\public\public_0000.npy
Ideia,Ideia_Articulador2.mp4,ok,C:\KONECTA\OCR\dados_libras\dinamicos\Ideia\public\public_0001.npy
Ideia,Ideia_Articulador3.mp4,ok,C:\KONECTA\OCR\dados_libras\dinamicos\Ideia\public\public_0002.npy
Ideia igual,Ideia igual_Articulador1.mp4,ok,C:\KONECTA\OCR\dados_libras\dinamicos\Ideia igual\public\public_0000.npy
Ideia igual,Ideia igual_Articulador2.mp4,ok,C:\KONECTA\OCR\dados_libras\dinamicos\Ideia igual\public\public_0001.npy
Ideia igual,Ideia igual_Articulador3.mp4,ok,C:\KONECTA\OCR\dados_libras\dinamicos\Ideia igual\public\public_0002.npy
Identificar,Identificar_Articulador1.mp4,ok,C:\KONECTA\OCR\dados_libras\dinamicos\Identificar\public\public_0000.npy
Identificar,Identificar_Articulador2.mp4,ok,C:\KONECTA\OCR\dados_libras\dinamicos\Identificar\public\public_0001.npy
Identificar,Identificar_Articulador3.mp4,ok,C:\KONECTA\OCR\dados_libras\dinamicos\Identificar\public\public_0002.npy
Identificar documento,Identificar documento_Articulador1.mp4,ok,C:\KONECTA\OCR\dados_libras\dinamicos\Identificar documento\public\public_0000.npy
Identificar documento,Identificar documento_Articulador2.mp4,ok,C:\KONECTA\OCR\dados_libras\dinamicos\Identificar documento\public\public_0001.npy
Identificar documento,Identificar documento_Articulador3.mp4,ok,C:\KONECTA\OCR\dados_libras\dinamicos\Identificar documento\public\public_0002.npy
Idoso,Idoso_Articulador1.mp4,ok,C:\KONECTA\OCR\dados_libras\dinamicos\Idoso\public\public_0000.npy
Idoso,Idoso_Articulador2.mp4,ok,C:\KONECTA\OCR\dados_libras\dinamicos\Idoso\public\public_0001.npy
Idoso,Idoso_Articulador3.mp4,ok,C:\KONECTA\OCR\dados_libras\dinamicos\Idoso\public\public_0002.npy
Ignorar,Ignorar_Articulador1.mp4,ok,C:\KONECTA\OCR\dados_libras\dinamicos\Ignorar\public\public_0000.npy
Ignorar,Ignorar_Articulador2.mp4,ok,C:\KONECTA\OCR\dados_libras\dinamicos\Ignorar\public\public_0001.npy
Ignorar,Ignorar_Articulador3.mp4,ok,C:\KONECTA\OCR\dados_libras\dinamicos\Ignorar\public\public_0002.npy
Igreja,Igreja_Articulador1.mp4,ok,C:\KONECTA\OCR\dados_libras\dinamicos\Igreja\public\public_0000.npy
Igreja,Igreja_Articulador2.mp4,ok,C:\KONECTA\OCR\dados_libras\dinamicos\Igreja\public\public_0001.npy
Igreja,Igreja_Articulador3.mp4,ok,C:\KONECTA\OCR\dados_libras\dinamicos\Igreja\public\public_0002.npy
Igual (similar),Igual (similar)_Articulador1.mp4,ok,C:\KONECTA\OCR\dados_libras\dinamicos\Igual (similar)\public\public_0000.npy
Igual (similar),Igual (similar)_Articulador2.mp4,ok,C:\KONECTA\OCR\dados_libras\dinamicos\Igual (similar)\public\public_0001.npy
Igual (similar),Igual (similar)_Articulador3.mp4,ok,C:\KONECTA\OCR\dados_libras\dinamicos\Igual (similar)\public\public_0002.npy
Imagem,Imagem_Articulador1.mp4,ok,C:\KONECTA\OCR\dados_libras\dinamicos\Imagem\public\public_0000.npy
Imagem,Imagem_Articulador2.mp4,ok,C:\KONECTA\OCR\dados_libras\dinamicos\Imagem\public\public_0001.npy
Imagem,Imagem_Articulador3.mp4,ok,C:\KONECTA\OCR\dados_libras\dinamicos\Imagem\public\public_0002.npy
Imaginar,Imaginar_Articulador1.mp4,ok,C:\KONECTA\OCR\dados_libras\dinamicos\Imaginar\public\public_0000.npy
Imaginar,Imaginar_Articulador2.mp4,ok,C:\KONECTA\OCR\dados_libras\dinamicos\Imaginar\public\public_0001.npy
Imaginar,Imaginar_Articulador3.mp4,ok,C:\KONECTA\OCR\dados_libras\dinamicos\Imaginar\public\public_0002.npy
Imaturo,Imaturo_Articulador1.mp4,ok,C:\KONECTA\OCR\dados_libras\dinamicos\Imaturo\public\public_0000.npy
Imaturo,Imaturo_Articulador2.mp4,ok,C:\KONECTA\OCR\dados_libras\dinamicos\Imaturo\public\public_0001.npy
Imaturo,Imaturo_Articulador3.mp4,ok,C:\KONECTA\OCR\dados_libras\dinamicos\Imaturo\public\public_0002.npy
Imoral,Imoral_Articulador1.mp4,ok,C:\KONECTA\OCR\dados_libras\dinamicos\Imoral\public\public_0000.npy
Imoral,Imoral_Articulador2.mp4,ok,C:\KONECTA\OCR\dados_libras\dinamicos\Imoral\public\public_0001.npy
Imoral,Imoral_Articulador3.mp4,ok,C:\KONECTA\OCR\dados_libras\dinamicos\Imoral\public\public_0002.npy
Imparcial (neutro),Imparcial (neutro)_Articulador1.mp4,ok,C:\KONECTA\OCR\dados_libras\dinamicos\Imparcial (neutro)\public\public_0000.npy
Imparcial (neutro),Imparcial (neutro)_Articulador2.mp4,ok,C:\KONECTA\OCR\dados_libras\dinamicos\Imparcial (neutro)\public\public_0001.npy
Imparcial (neutro),Imparcial (neutro)_Articulador3.mp4,ok,C:\KONECTA\OCR\dados_libras\dinamicos\Imparcial (neutro)\public\public_0002.npy
Implorar (pedir),Implorar (pedir)_Articulador1.mp4,ok,C:\KONECTA\OCR\dados_libras\dinamicos\Implorar (pedir)\public\public_0000.npy
Implorar (pedir),Implorar (pedir)_Articulador2.mp4,ok,C:\KONECTA\OCR\dados_libras\dinamicos\Implorar (pedir)\public\public_0001.npy
Implorar (pedir),Implorar (pedir)_Articulador3.mp4,ok,C:\KONECTA\OCR\dados_libras\dinamicos\Implorar (pedir)\public\public_0002.npy
Importante,Importante_Articulador1.mp4,ok,C:\KONECTA\OCR\dados_libras\dinamicos\Importante\public\public_0000.npy
Importante,Importante_Articulador2.mp4,ok,C:\KONECTA\OCR\dados_libras\dinamicos\Importante\public\public_0001.npy
Importante,Importante_Articulador3.mp4,ok,C:\KONECTA\OCR\dados_libras\dinamicos\Importante\public\public_0002.npy
Impossível,Impossível_Articulador1.mp4,ok,C:\KONECTA\OCR\dados_libras\dinamicos\Impossível\public\public_0000.npy
Impossível,Impossível_Articulador2.mp4,ok,C:\KONECTA\OCR\dados_libras\dinamicos\Impossível\public\public_0001.npy
Impossível,Impossível_Articulador3.mp4,ok,C:\KONECTA\OCR\dados_libras\dinamicos\Impossível\public\public_0002.npy
Impressionar,Impressionar_Articulador1.mp4,ok,C:\KONECTA\OCR\dados_libras\dinamicos\Impressionar\public\public_0000.npy
Impressionar,Impressionar_Articulador2.mp4,ok,C:\KONECTA\OCR\dados_libras\dinamicos\Impressionar\public\public_0001.npy
Impressionar,Impressionar_Articulador3.mp4,ok,C:\KONECTA\OCR\dados_libras\dinamicos\Impressionar\public\public_0002.npy
Impressões digitais,Impressões digitais_Articulador1.mp4,ok,C:\KONECTA\OCR\dados_libras\dinamicos\Impressões digitais\public\public_0000.npy
Impressões digitais,Impressões digitais_Articulador2.mp4,ok,C:\KONECTA\OCR\dados_libras\dinamicos\Impressões digitais\public\public_0001.npy
Impressões digitais,Impressões digitais_Articulador3.mp4,ok,C:\KONECTA\OCR\dados_libras\dinamicos\Impressões digitais\public\public_0002.npy
Imprimir,Imprimir_Articulador1.mp4,ok,C:\KONECTA\OCR\dados_libras\dinamicos\Imprimir\public\public_0000.npy
Imprimir,Imprimir_Articulador2.mp4,ok,C:\KONECTA\OCR\dados_libras\dinamicos\Imprimir\public\public_0001.npy
Imprimir,Imprimir_Articulador3.mp4,ok,C:\KONECTA\OCR\dados_libras\dinamicos\Imprimir\public\public_0002.npy
Impulso (Desejo),Impulso (Desejo)_Articulador1.mp4,ok,C:\KONECTA\OCR\dados_libras\dinamicos\Impulso (Desejo)\public\public_0000.npy
Impulso (Desejo),Impulso (Desejo)_Articulador2.mp4,ok,C:\KONECTA\OCR\dados_libras\dinamicos\Impulso (Desejo)\public\public_0001.npy
Impulso (Desejo),Impulso (Desejo)_Articulador3.mp4,ok,C:\KONECTA\OCR\dados_libras\dinamicos\Impulso (Desejo)\public\public_0002.npy
Incômodo,Incômodo_Articulador1.mp4,ok,C:\KONECTA\OCR\dados_libras\dinamicos\Incômodo\public\public_0000.npy
Incômodo,Incômodo_Articulador2.mp4,ok,C:\KONECTA\OCR\dados_libras\dinamicos\Incômodo\public\public_0001.npy
Incômodo,Incômodo_Articulador3.mp4,ok,C:\KONECTA\OCR\dados_libras\dinamicos\Incômodo\public\public_0002.npy
Independente,Independente_Articulador1.mp4,ok,C:\KONECTA\OCR\dados_libras\dinamicos\Independente\public\public_0000.npy
Independente,Independente_Articulador2.mp4,ok,C:\KONECTA\OCR\dados_libras\dinamicos\Independente\public\public_0001.npy
Independente,Independente_Articulador3.mp4,ok,C:\KONECTA\OCR\dados_libras\dinamicos\Independente\public\public_0002.npy
Individual,Individual_Articulador1.mp4,ok,C:\KONECTA\OCR\dados_libras\dinamicos\Individual\public\public_0000.npy
Individual,Individual_Articulador2.mp4,ok,C:\KONECTA\OCR\dados_libras\dinamicos\Individual\public\public_0001.npy
Individual,Individual_Articulador3.mp4,ok,C:\KONECTA\OCR\dados_libras\dinamicos\Individual\public\public_0002.npy
Indústria,Indústria_Articulador1.mp4,ok,C:\KONECTA\OCR\dados_libras\dinamicos\Indústria\public\public_0000.npy
Indústria,Indústria_Articulador2.mp4,ok,C:\KONECTA\OCR\dados_libras\dinamicos\Indústria\public\public_0001.npy
Indústria,Indústria_Articulador3.mp4,ok,C:\KONECTA\OCR\dados_libras\dinamicos\Indústria\public\public_0002.npy
Inferno,Inferno_Articulador1.mp4,ok,C:\KONECTA\OCR\dados_libras\dinamicos\Inferno\public\public_0000.npy
Inferno,Inferno_Articulador2.mp4,ok,C:\KONECTA\OCR\dados_libras\dinamicos\Inferno\public\public_0001.npy
Inferno,Inferno_Articulador3.mp4,ok,C:\KONECTA\OCR\dados_libras\dinamicos\Inferno\public\public_0002.npy
Inocente,Inocente_Articulador1.mp4,ok,C:\KONECTA\OCR\dados_libras\dinamicos\Inocente\public\public_0000.npy
Inocente,Inocente_Articulador2.mp4,ok,C:\KONECTA\OCR\dados_libras\dinamicos\Inocente\public\public_0001.npy
Inocente,Inocente_Articulador3.mp4,ok,C:\KONECTA\OCR\dados_libras\dinamicos\Inocente\public\public_0002.npy
Inquieto (agitado),Inquieto (agitado)_Articulador1.mp4,ok,C:\KONECTA\OCR\dados_libras\dinamicos\Inquieto (agitado)\public\public_0000.npy
Inquieto (agitado),Inquieto (agitado)_Articulador2.mp4,ok,C:\KONECTA\OCR\dados_libras\dinamicos\Inquieto (agitado)\public\public_0001.npy
Inquieto (agitado),Inquieto (agitado)_Articulador3.mp4,ok,C:\KONECTA\OCR\dados_libras\dinamicos\Inquieto (agitado)\public\public_0002.npy
Inseto,Inseto_Articulador1.mp4,ok,C:\KONECTA\OCR\dados_libras\dinamicos\Inseto\public\public_0000.npy
Inseto,Inseto_Articulador2.mp4,ok,C:\KONECTA\OCR\dados_libras\dinamicos\Inseto\public\public_0001.npy
Inseto,Inseto_Articulador3.mp4,ok,C:\KONECTA\OCR\dados_libras\dinamicos\Inseto\public\public_0002.npy
Instituição,Instituição_Articulador1.mp4,ok,C:\KONECTA\OCR\dados_libras\dinamicos\Instituição\public\public_0000.npy
Instituição,Instituição_Articulador2.mp4,ok,C:\KONECTA\OCR\dados_libras\dinamicos\Instituição\public\public_0001.npy
Instituição,Instituição_Articulador3.mp4,ok,C:\KONECTA\OCR\dados_libras\dinamicos\Instituição\public\public_0002.npy
Instituto,Instituto_Articulador1.mp4,ok,C:\KONECTA\OCR\dados_libras\dinamicos\Instituto\public\public_0000.npy
Instituto,Instituto_Articulador2.mp4,ok,C:\KONECTA\OCR\dados_libras\dinamicos\Instituto\public\public_0001.npy
Instituto,Instituto_Articulador3.mp4,ok,C:\KONECTA\OCR\dados_libras\dinamicos\Instituto\public\public_0002.npy
Insulto,Insulto_Articulador1.mp4,ok,C:\KONECTA\OCR\dados_libras\dinamicos\Insulto\public\public_0000.npy
Insulto,Insulto_Articulador2.mp4,ok,C:\KONECTA\OCR\dados_libras\dinamicos\Insulto\public\public_0001.npy
Insulto,Insulto_Articulador3.mp4,ok,C:\KONECTA\OCR\dados_libras\dinamicos\Insulto\public\public_0002.npy
Interação social,Interação social_Articulador1.mp4,ok,C:\KONECTA\OCR\dados_libras\dinamicos\Interação social\public\public_0000.npy
Interação social,Interação social_Articulador2.mp4,ok,C:\KONECTA\OCR\dados_libras\dinamicos\Interação social\public\public_0001.npy
Interação social,Interação social_Articulador3.mp4,ok,C:\KONECTA\OCR\dados_libras\dinamicos\Interação social\public\public_0002.npy
Interessante (atraente),Interessante (atraente)_Articulador1.mp4,ok,C:\KONECTA\OCR\dados_libras\dinamicos\Interessante (atraente)\public\public_0000.npy
Interessante (atraente),Interessante (atraente)_Articulador2.mp4,ok,C:\KONECTA\OCR\dados_libras\dinamicos\Interessante (atraente)\public\public_0001.npy
Interessante (atraente),Interessante (atraente)_Articulador3.mp4,ok,C:\KONECTA\OCR\dados_libras\dinamicos\Interessante (atraente)\public\public_0002.npy
Interesse,Interesse_Articulador1.mp4,ok,C:\KONECTA\OCR\dados_libras\dinamicos\Interesse\public\public_0000.npy
Interesse,Interesse_Articulador2.mp4,ok,C:\KONECTA\OCR\dados_libras\dinamicos\Interesse\public\public_0001.npy
Interesse,Interesse_Articulador3.mp4,ok,C:\KONECTA\OCR\dados_libras\dinamicos\Interesse\public\public_0002.npy
Internet,Internet_Articulador1.mp4,ok,C:\KONECTA\OCR\dados_libras\dinamicos\Internet\public\public_0000.npy
Internet,Internet_Articulador2.mp4,ok,C:\KONECTA\OCR\dados_libras\dinamicos\Internet\public\public_0001.npy
Internet,Internet_Articulador3.mp4,ok,C:\KONECTA\OCR\dados_libras\dinamicos\Internet\public\public_0002.npy
Interpretar,Interpretar_Articulador1.mp4,ok,C:\KONECTA\OCR\dados_libras\dinamicos\Interpretar\public\public_0000.npy
Interpretar,Interpretar_Articulador2.mp4,ok,C:\KONECTA\OCR\dados_libras\dinamicos\Interpretar\public\public_0001.npy
Interpretar,Interpretar_Articulador3.mp4,ok,C:\KONECTA\OCR\dados_libras\dinamicos\Interpretar\public\public_0002.npy
Interruptor,Interruptor_Articulador1.mp4,ok,C:\KONECTA\OCR\dados_libras\dinamicos\Interruptor\public\public_0000.npy
Interruptor,Interruptor_Articulador2.mp4,ok,C:\KONECTA\OCR\dados_libras\dinamicos\Interruptor\public\public_0001.npy
Interruptor,Interruptor_Articulador3.mp4,ok,C:\KONECTA\OCR\dados_libras\dinamicos\Interruptor\public\public_0002.npy
Intervalo (pra descanso),Intervalo (pra descanso)_Articulador1.mp4,ok,C:\KONECTA\OCR\dados_libras\dinamicos\Intervalo (pra descanso)\public\public_0000.npy
Intervalo (pra descanso),Intervalo (pra descanso)_Articulador2.mp4,ok,C:\KONECTA\OCR\dados_libras\dinamicos\Intervalo (pra descanso)\public\public_0001.npy
Intervalo (pra descanso),Intervalo (pra descanso)_Articulador3.mp4,ok,C:\KONECTA\OCR\dados_libras\dinamicos\Intervalo (pra descanso)\public\public_0002.npy
Investir,Investir_Articulador1.mp4,ok,C:\KONECTA\OCR\dados_libras\dinamicos\Investir\public\public_0000.npy
Investir,Investir_Articulador2.mp4,ok,C:\KONECTA\OCR\dados_libras\dinamicos\Investir\public\public_0001.npy
Investir,Investir_Articulador3.mp4,ok,C:\KONECTA\OCR\dados_libras\dinamicos\Investir\public\public_0002.npy
Ir,Ir_Articulador1.mp4,ok,C:\KONECTA\OCR\dados_libras\dinamicos\Ir\public\public_0000.npy
Ir,Ir_Articulador2.mp4,ok,C:\KONECTA\OCR\dados_libras\dinamicos\Ir\public\public_0001.npy
Ir,Ir_Articulador3.mp4,ok,C:\KONECTA\OCR\dados_libras\dinamicos\Ir\public\public_0002.npy
Ir embora (partir),Ir embora (partir)_Articulador1.mp4,ok,C:\KONECTA\OCR\dados_libras\dinamicos\Ir embora (partir)\public\public_0000.npy
Ir embora (partir),Ir embora (partir)_Articulador2.mp4,ok,C:\KONECTA\OCR\dados_libras\dinamicos\Ir embora (partir)\public\public_0001.npy
Ir embora (partir),Ir embora (partir)_Articulador3.mp4,ok,C:\KONECTA\OCR\dados_libras\dinamicos\Ir embora (partir)\public\public_0002.npy
Ir pra casa,Ir pra casa_Articulador1.mp4,ok,C:\KONECTA\OCR\dados_libras\dinamicos\Ir pra casa\public\public_0000.npy
Ir pra casa,Ir pra casa_Articulador2.mp4,ok,C:\KONECTA\OCR\dados_libras\dinamicos\Ir pra casa\public\public_0001.npy
Ir pra casa,Ir pra casa_Articulador3.mp4,ok,C:\KONECTA\OCR\dados_libras\dinamicos\Ir pra casa\public\public_0002.npy
Irmã,Irmã_Articulador1.mp4,ok,C:\KONECTA\OCR\dados_libras\dinamicos\Irmã\public\public_0000.npy
Irmã,Irmã_Articulador2.mp4,ok,C:\KONECTA\OCR\dados_libras\dinamicos\Irmã\public\public_0001.npy
Irmã,Irmã_Articulador3.mp4,ok,C:\KONECTA\OCR\dados_libras\dinamicos\Irmã\public\public_0002.npy
Isolado,Isolado_Articulador1.mp4,ok,C:\KONECTA\OCR\dados_libras\dinamicos\Isolado\public\public_0000.npy
Isolado,Isolado_Articulador2.mp4,ok,C:\KONECTA\OCR\dados_libras\dinamicos\Isolado\public\public_0001.npy
Isolado,Isolado_Articulador3.mp4,ok,C:\KONECTA\OCR\dados_libras\dinamicos\Isolado\public\public_0002.npy
Jacaré,Jacaré_Articulador1.mp4,ok,C:\KONECTA\OCR\dados_libras\dinamicos\Jacaré\public\public_0000.npy
Jacaré,Jacaré_Articulador2.mp4,ok,C:\KONECTA\OCR\dados_libras\dinamicos\Jacaré\public\public_0001.npy
Jacaré,Jacaré_Articulador3.mp4,ok,C:\KONECTA\OCR\dados_libras\dinamicos\Jacaré\public\public_0002.npy
Janela,Janela_Articulador1.mp4,ok,C:\KONECTA\OCR\dados_libras\dinamicos\Janela\public\public_0000.npy
Janela,Janela_Articulador2.mp4,ok,C:\KONECTA\OCR\dados_libras\dinamicos\Janela\public\public_0001.npy
Janela,Janela_Articulador3.mp4,ok,C:\KONECTA\OCR\dados_libras\dinamicos\Janela\public\public_0002.npy
Jantar (banquete),Jantar (banquete)_Articulador1.mp4,ok,C:\KONECTA\OCR\dados_libras\dinamicos\Jantar (banquete)\public\public_0000.npy
Jantar (banquete),Jantar (banquete)_Articulador2.mp4,ok,C:\KONECTA\OCR\dados_libras\dinamicos\Jantar (banquete)\public\public_0001.npy
Jantar (banquete),Jantar (banquete)_Articulador3.mp4,ok,C:\KONECTA\OCR\dados_libras\dinamicos\Jantar (banquete)\public\public_0002.npy
Jardim de infância,Jardim de infância_Articulador1.mp4,ok,C:\KONECTA\OCR\dados_libras\dinamicos\Jardim de infância\public\public_0000.npy
Jardim de infância,Jardim de infância_Articulador2.mp4,ok,C:\KONECTA\OCR\dados_libras\dinamicos\Jardim de infância\public\public_0001.npy
Jardim de infância,Jardim de infância_Articulador3.mp4,ok,C:\KONECTA\OCR\dados_libras\dinamicos\Jardim de infância\public\public_0002.npy
Jarro,Jarro_Articulador1.mp4,ok,C:\KONECTA\OCR\dados_libras\dinamicos\Jarro\public\public_0000.npy
Jarro,Jarro_Articulador2.mp4,ok,C:\KONECTA\OCR\dados_libras\dinamicos\Jarro\public\public_0001.npy
Jarro,Jarro_Articulador3.mp4,ok,C:\KONECTA\OCR\dados_libras\dinamicos\Jarro\public\public_0002.npy
Jejum (abstinência),Jejum (abstinência)_Articulador1.mp4,ok,C:\KONECTA\OCR\dados_libras\dinamicos\Jejum (abstinência)\public\public_0000.npy
Jejum (abstinência),Jejum (abstinência)_Articulador2.mp4,ok,C:\KONECTA\OCR\dados_libras\dinamicos\Jejum (abstinência)\public\public_0001.npy
Jejum (abstinência),Jejum (abstinência)_Articulador3.mp4,ok,C:\KONECTA\OCR\dados_libras\dinamicos\Jejum (abstinência)\public\public_0002.npy
Joalheria,Joalheria_Articulador1.mp4,ok,C:\KONECTA\OCR\dados_libras\dinamicos\Joalheria\public\public_0000.npy
Joalheria,Joalheria_Articulador2.mp4,ok,C:\KONECTA\OCR\dados_libras\dinamicos\Joalheria\public\public_0001.npy
Joalheria,Joalheria_Articulador3.mp4,ok,C:\KONECTA\OCR\dados_libras\dinamicos\Joalheria\public\public_0002.npy
Jogar,Jogar_Articulador1.mp4,ok,C:\KONECTA\OCR\dados_libras\dinamicos\Jogar\public\public_0000.npy
Jogar,Jogar_Articulador2.mp4,ok,C:\KONECTA\OCR\dados_libras\dinamicos\Jogar\public\public_0001.npy
Jogar,Jogar_Articulador3.mp4,ok,C:\KONECTA\OCR\dados_libras\dinamicos\Jogar\public\public_0002.npy
Jogar basquetebol,Jogar basquetebol_Articulador1.mp4,ok,C:\KONECTA\OCR\dados_libras\dinamicos\Jogar basquetebol\public\public_0000.npy
Jogar basquetebol,Jogar basquetebol_Articulador2.mp4,ok,C:\KONECTA\OCR\dados_libras\dinamicos\Jogar basquetebol\public\public_0001.npy
Jogar basquetebol,Jogar basquetebol_Articulador3.mp4,ok,C:\KONECTA\OCR\dados_libras\dinamicos\Jogar basquetebol\public\public_0002.npy
Jogar futebol,Jogar futebol_Articulador1.mp4,ok,C:\KONECTA\OCR\dados_libras\dinamicos\Jogar futebol\public\public_0000.npy
Jogar futebol,Jogar futebol_Articulador2.mp4,ok,C:\KONECTA\OCR\dados_libras\dinamicos\Jogar futebol\public\public_0001.npy
Jogar futebol,Jogar futebol_Articulador3.mp4,ok,C:\KONECTA\OCR\dados_libras\dinamicos\Jogar futebol\public\public_0002.npy
Jogo,Jogo_Articulador1.mp4,ok,C:\KONECTA\OCR\dados_libras\dinamicos\Jogo\public\public_0000.npy
Jogo,Jogo_Articulador2.mp4,ok,C:\KONECTA\OCR\dados_libras\dinamicos\Jogo\public\public_0001.npy
Jogo,Jogo_Articulador3.mp4,ok,C:\KONECTA\OCR\dados_libras\dinamicos\Jogo\public\public_0002.npy
Jogo de damas,Jogo de damas_Articulador1.mp4,ok,C:\KONECTA\OCR\dados_libras\dinamicos\Jogo de damas\public\public_0000.npy
Jogo de damas,Jogo de damas_Articulador2.mp4,ok,C:\KONECTA\OCR\dados_libras\dinamicos\Jogo de damas\public\public_0001.npy
Jogo de damas,Jogo de damas_Articulador3.mp4,ok,C:\KONECTA\OCR\dados_libras\dinamicos\Jogo de damas\public\public_0002.npy
Jovem,Jovem_Articulador1.mp4,ok,C:\KONECTA\OCR\dados_libras\dinamicos\Jovem\public\public_0000.npy
Jovem,Jovem_Articulador2.mp4,ok,C:\KONECTA\OCR\dados_libras\dinamicos\Jovem\public\public_0001.npy
Jovem,Jovem_Articulador3.mp4,ok,C:\KONECTA\OCR\dados_libras\dinamicos\Jovem\public\public_0002.npy
Judeu,Judeu_Articulador1.mp4,ok,C:\KONECTA\OCR\dados_libras\dinamicos\Judeu\public\public_0000.npy
Judeu,Judeu_Articulador2.mp4,ok,C:\KONECTA\OCR\dados_libras\dinamicos\Judeu\public\public_0001.npy
Judeu,Judeu_Articulador3.mp4,ok,C:\KONECTA\OCR\dados_libras\dinamicos\Judeu\public\public_0002.npy
Juiz,Juiz_Articulador1.mp4,ok,C:\KONECTA\OCR\dados_libras\dinamicos\Juiz\public\public_0000.npy
Juiz,Juiz_Articulador2.mp4,ok,C:\KONECTA\OCR\dados_libras\dinamicos\Juiz\public\public_0001.npy
Juiz,Juiz_Articulador3.mp4,ok,C:\KONECTA\OCR\dados_libras\dinamicos\Juiz\public\public_0002.npy
Juntos,Juntos_Articulador1.mp4,ok,C:\KONECTA\OCR\dados_libras\dinamicos\Juntos\public\public_0000.npy
Juntos,Juntos_Articulador2.mp4,ok,C:\KONECTA\OCR\dados_libras\dinamicos\Juntos\public\public_0001.npy
Juntos,Juntos_Articulador3.mp4,ok,C:\KONECTA\OCR\dados_libras\dinamicos\Juntos\public\public_0002.npy
Lado,Lado_Articulador1.mp4,ok,C:\KONECTA\OCR\dados_libras\dinamicos\Lado\public\public_0000.npy
Lado,Lado_Articulador2.mp4,ok,C:\KONECTA\OCR\dados_libras\dinamicos\Lado\public\public_0001.npy
Lado,Lado_Articulador3.mp4,ok,C:\KONECTA\OCR\dados_libras\dinamicos\Lado\public\public_0002.npy
Lagarta,Lagarta_Articulador1.mp4,ok,C:\KONECTA\OCR\dados_libras\dinamicos\Lagarta\public\public_0000.npy
Lagarta,Lagarta_Articulador2.mp4,ok,C:\KONECTA\OCR\dados_libras\dinamicos\Lagarta\public\public_0001.npy
Lagarta,Lagarta_Articulador3.mp4,ok,C:\KONECTA\OCR\dados_libras\dinamicos\Lagarta\public\public_0002.npy
Lagarto,Lagarto_Articulador1.mp4,ok,C:\KONECTA\OCR\dados_libras\dinamicos\Lagarto\public\public_0000.npy
Lagarto,Lagarto_Articulador2.mp4,ok,C:\KONECTA\OCR\dados_libras\dinamicos\Lagarto\public\public_0001.npy
Lagarto,Lagarto_Articulador3.mp4,ok,C:\KONECTA\OCR\dados_libras\dinamicos\Lagarto\public\public_0002.npy
Lançar,Lançar_Articulador1.mp4,ok,C:\KONECTA\OCR\dados_libras\dinamicos\Lançar\public\public_0000.npy
Lançar,Lançar_Articulador2.mp4,ok,C:\KONECTA\OCR\dados_libras\dinamicos\Lançar\public\public_0001.npy
Lançar,Lançar_Articulador3.mp4,ok,C:\KONECTA\OCR\dados_libras\dinamicos\Lançar\public\public_0002.npy
Laranja,Laranja_Articulador1.mp4,ok,C:\KONECTA\OCR\dados_libras\dinamicos\Laranja\public\public_0000.npy
Laranja,Laranja_Articulador2.mp4,ok,C:\KONECTA\OCR\dados_libras\dinamicos\Laranja\public\public_0001.npy
Laranja,Laranja_Articulador3.mp4,ok,C:\KONECTA\OCR\dados_libras\dinamicos\Laranja\public\public_0002.npy
Lavar,Lavar_Articulador1.mp4,ok,C:\KONECTA\OCR\dados_libras\dinamicos\Lavar\public\public_0000.npy
Lavar,Lavar_Articulador2.mp4,ok,C:\KONECTA\OCR\dados_libras\dinamicos\Lavar\public\public_0001.npy
Lavar,Lavar_Articulador3.mp4,ok,C:\KONECTA\OCR\dados_libras\dinamicos\Lavar\public\public_0002.npy
Lavar as mãos,Lavar as mãos_Articulador1.mp4,ok,C:\KONECTA\OCR\dados_libras\dinamicos\Lavar as mãos\public\public_0000.npy
Lavar as mãos,Lavar as mãos_Articulador2.mp4,ok,C:\KONECTA\OCR\dados_libras\dinamicos\Lavar as mãos\public\public_0001.npy
Lavar as mãos,Lavar as mãos_Articulador3.mp4,ok,C:\KONECTA\OCR\dados_libras\dinamicos\Lavar as mãos\public\public_0002.npy
Lavar o rosto,Lavar o rosto_Articulador1.mp4,ok,C:\KONECTA\OCR\dados_libras\dinamicos\Lavar o rosto\public\public_0000.npy
Lavar o rosto,Lavar o rosto_Articulador2.mp4,ok,C:\KONECTA\OCR\dados_libras\dinamicos\Lavar o rosto\public\public_0001.npy
Lavar o rosto,Lavar o rosto_Articulador3.mp4,ok,C:\KONECTA\OCR\dados_libras\dinamicos\Lavar o rosto\public\public_0002.npy
Lavar prato,Lavar prato_Articulador1.mp4,ok,C:\KONECTA\OCR\dados_libras\dinamicos\Lavar prato\public\public_0000.npy
Lavar prato,Lavar prato_Articulador2.mp4,ok,C:\KONECTA\OCR\dados_libras\dinamicos\Lavar prato\public\public_0001.npy
Lavar prato,Lavar prato_Articulador3.mp4,ok,C:\KONECTA\OCR\dados_libras\dinamicos\Lavar prato\public\public_0002.npy
Legenda,Legenda_Articulador1.mp4,ok,C:\KONECTA\OCR\dados_libras\dinamicos\Legenda\public\public_0000.npy
Legenda,Legenda_Articulador2.mp4,ok,C:\KONECTA\OCR\dados_libras\dinamicos\Legenda\public\public_0001.npy
Legenda,Legenda_Articulador3.mp4,ok,C:\KONECTA\OCR\dados_libras\dinamicos\Legenda\public\public_0002.npy
Legislatura,Legislatura_Articulador1.mp4,ok,C:\KONECTA\OCR\dados_libras\dinamicos\Legislatura\public\public_0000.npy
Legislatura,Legislatura_Articulador2.mp4,ok,C:\KONECTA\OCR\dados_libras\dinamicos\Legislatura\public\public_0001.npy
Legislatura,Legislatura_Articulador3.mp4,ok,C:\KONECTA\OCR\dados_libras\dinamicos\Legislatura\public\public_0002.npy
Leite,Leite_Articulador1.mp4,ok,C:\KONECTA\OCR\dados_libras\dinamicos\Leite\public\public_0000.npy
Leite,Leite_Articulador2.mp4,ok,C:\KONECTA\OCR\dados_libras\dinamicos\Leite\public\public_0001.npy
Leite,Leite_Articulador3.mp4,ok,C:\KONECTA\OCR\dados_libras\dinamicos\Leite\public\public_0002.npy
Leitura,Leitura_Articulador1.mp4,ok,C:\KONECTA\OCR\dados_libras\dinamicos\Leitura\public\public_0000.npy
Leitura,Leitura_Articulador2.mp4,ok,C:\KONECTA\OCR\dados_libras\dinamicos\Leitura\public\public_0001.npy
Leitura,Leitura_Articulador3.mp4,ok,C:\KONECTA\OCR\dados_libras\dinamicos\Leitura\public\public_0002.npy
Leitura labial,Leitura labial_Articulador1.mp4,ok,C:\KONECTA\OCR\dados_libras\dinamicos\Leitura labial\public\public_0000.npy
Leitura labial,Leitura labial_Articulador2.mp4,ok,C:\KONECTA\OCR\dados_libras\dinamicos\Leitura labial\public\public_0001.npy
Leitura labial,Leitura labial_Articulador3.mp4,ok,C:\KONECTA\OCR\dados_libras\dinamicos\Leitura labial\public\public_0002.npy
Lembrar (ter em mente),Lembrar (ter em mente)_Articulador1.mp4,ok,C:\KONECTA\OCR\dados_libras\dinamicos\Lembrar (ter em mente)\public\public_0000.npy
Lembrar (ter em mente),Lembrar (ter em mente)_Articulador2.mp4,ok,C:\KONECTA\OCR\dados_libras\dinamicos\Lembrar (ter em mente)\public\public_0001.npy
Lembrar (ter em mente),Lembrar (ter em mente)_Articulador3.mp4,ok,C:\KONECTA\OCR\dados_libras\dinamicos\Lembrar (ter em mente)\public\public_0002.npy
Lembre-se,Lembre-se_Articulador1.mp4,ok,C:\KONECTA\OCR\dados_libras\dinamicos\Lembre-se\public\public_0000.npy
Lembre-se,Lembre-se_Articulador2.mp4,ok,C:\KONECTA\OCR\dados_libras\dinamicos\Lembre-se\public\public_0001.npy
Lembre-se,Lembre-se_Articulador3.mp4,ok,C:\KONECTA\OCR\dados_libras\dinamicos\Lembre-se\public\public_0002.npy
Lento,Lento_Articulador1.mp4,ok,C:\KONECTA\OCR\dados_libras\dinamicos\Lento\public\public_0000.npy
Lento,Lento_Articulador2.mp4,ok,C:\KONECTA\OCR\dados_libras\dinamicos\Lento\public\public_0001.npy
Lento,Lento_Articulador3.mp4,ok,C:\KONECTA\OCR\dados_libras\dinamicos\Lento\public\public_0002.npy
Leste,Leste_Articulador1.mp4,ok,C:\KONECTA\OCR\dados_libras\dinamicos\Leste\public\public_0000.npy
Leste,Leste_Articulador2.mp4,ok,C:\KONECTA\OCR\dados_libras\dinamicos\Leste\public\public_0001.npy
Leste,Leste_Articulador3.mp4,ok,C:\KONECTA\OCR\dados_libras\dinamicos\Leste\public\public_0002.npy
Letra A,Letra A_Articulador1.mp4,ok,C:\KONECTA\OCR\dados_libras\dinamicos\Letra A\public\public_0000.npy
Letra A,Letra A_Articulador2.mp4,ok,C:\KONECTA\OCR\dados_libras\dinamicos\Letra A\public\public_0001.npy
Letra A,Letra A_Articulador3.mp4,ok,C:\KONECTA\OCR\dados_libras\dinamicos\Letra A\public\public_0002.npy
Letra B,Letra B_Articulador1.mp4,ok,C:\KONECTA\OCR\dados_libras\dinamicos\Letra B\public\public_0000.npy
Letra B,Letra B_Articulador2.mp4,ok,C:\KONECTA\OCR\dados_libras\dinamicos\Letra B\public\public_0001.npy
Letra B,Letra B_Articulador3.mp4,ok,C:\KONECTA\OCR\dados_libras\dinamicos\Letra B\public\public_0002.npy
Letra D,Letra D_Articulador1.mp4,ok,C:\KONECTA\OCR\dados_libras\dinamicos\Letra D\public\public_0000.npy
Letra D,Letra D_Articulador2.mp4,ok,C:\KONECTA\OCR\dados_libras\dinamicos\Letra D\public\public_0001.npy
Letra D,Letra D_Articulador3.mp4,ok,C:\KONECTA\OCR\dados_libras\dinamicos\Letra D\public\public_0002.npy
Letra E,Letra E_Articulador1.mp4,ok,C:\KONECTA\OCR\dados_libras\dinamicos\Letra E\public\public_0000.npy
Letra E,Letra E_Articulador2.mp4,ok,C:\KONECTA\OCR\dados_libras\dinamicos\Letra E\public\public_0001.npy
Letra E,Letra E_Articulador3.mp4,ok,C:\KONECTA\OCR\dados_libras\dinamicos\Letra E\public\public_0002.npy
Letra F,Letra F_Articulador1.mp4,ok,C:\KONECTA\OCR\dados_libras\dinamicos\Letra F\public\public_0000.npy
Letra F,Letra F_Articulador2.mp4,ok,C:\KONECTA\OCR\dados_libras\dinamicos\Letra F\public\public_0001.npy
Letra F,Letra F_Articulador3.mp4,ok,C:\KONECTA\OCR\dados_libras\dinamicos\Letra F\public\public_0002.npy
Letra G,Letra G_Articulador1.mp4,ok,C:\KONECTA\OCR\dados_libras\dinamicos\Letra G\public\public_0000.npy
Letra G,Letra G_Articulador2.mp4,ok,C:\KONECTA\OCR\dados_libras\dinamicos\Letra G\public\public_0001.npy
Letra G,Letra G_Articulador3.mp4,ok,C:\KONECTA\OCR\dados_libras\dinamicos\Letra G\public\public_0002.npy
Letra H,Letra H_Articulador1.mp4,ok,C:\KONECTA\OCR\dados_libras\dinamicos\Letra H\public\public_0000.npy
Letra H,Letra H_Articulador2.mp4,ok,C:\KONECTA\OCR\dados_libras\dinamicos\Letra H\public\public_0001.npy
Letra H,Letra H_Articulador3.mp4,ok,C:\KONECTA\OCR\dados_libras\dinamicos\Letra H\public\public_0002.npy
Letra I,Letra I_Articulador1.mp4,ok,C:\KONECTA\OCR\dados_libras\dinamicos\Letra I\public\public_0000.npy
Letra I,Letra I_Articulador2.mp4,ok,C:\KONECTA\OCR\dados_libras\dinamicos\Letra I\public\public_0001.npy
Letra I,Letra I_Articulador3.mp4,ok,C:\KONECTA\OCR\dados_libras\dinamicos\Letra I\public\public_0002.npy
Letra J,Letra J_Articulador1.mp4,ok,C:\KONECTA\OCR\dados_libras\dinamicos\Letra J\public\public_0000.npy
Letra J,Letra J_Articulador2.mp4,ok,C:\KONECTA\OCR\dados_libras\dinamicos\Letra J\public\public_0001.npy
Letra J,Letra J_Articulador3.mp4,ok,C:\KONECTA\OCR\dados_libras\dinamicos\Letra J\public\public_0002.npy
Letra K,Letra K_Articulador1.mp4,ok,C:\KONECTA\OCR\dados_libras\dinamicos\Letra K\public\public_0000.npy
Letra K,Letra K_Articulador2.mp4,ok,C:\KONECTA\OCR\dados_libras\dinamicos\Letra K\public\public_0001.npy
Letra K,Letra K_Articulador3.mp4,ok,C:\KONECTA\OCR\dados_libras\dinamicos\Letra K\public\public_0002.npy
Letra L,Letra L_Articulador1.mp4,ok,C:\KONECTA\OCR\dados_libras\dinamicos\Letra L\public\public_0000.npy
Letra L,Letra L_Articulador2.mp4,ok,C:\KONECTA\OCR\dados_libras\dinamicos\Letra L\public\public_0001.npy
Letra L,Letra L_Articulador3.mp4,ok,C:\KONECTA\OCR\dados_libras\dinamicos\Letra L\public\public_0002.npy
Letra M,Letra M_Articulador1.mp4,ok,C:\KONECTA\OCR\dados_libras\dinamicos\Letra M\public\public_0000.npy
Letra M,Letra M_Articulador2.mp4,ok,C:\KONECTA\OCR\dados_libras\dinamicos\Letra M\public\public_0001.npy
Letra M,Letra M_Articulador3.mp4,ok,C:\KONECTA\OCR\dados_libras\dinamicos\Letra M\public\public_0002.npy
Letra N,Letra N_Articulador1.mp4,ok,C:\KONECTA\OCR\dados_libras\dinamicos\Letra N\public\public_0000.npy
Letra N,Letra N_Articulador2.mp4,ok,C:\KONECTA\OCR\dados_libras\dinamicos\Letra N\public\public_0001.npy
Letra N,Letra N_Articulador3.mp4,ok,C:\KONECTA\OCR\dados_libras\dinamicos\Letra N\public\public_0002.npy
Letra P,Letra P_Articulador1.mp4,ok,C:\KONECTA\OCR\dados_libras\dinamicos\Letra P\public\public_0000.npy
Letra P,Letra P_Articulador2.mp4,ok,C:\KONECTA\OCR\dados_libras\dinamicos\Letra P\public\public_0001.npy
Letra P,Letra P_Articulador3.mp4,ok,C:\KONECTA\OCR\dados_libras\dinamicos\Letra P\public\public_0002.npy
Letra Q,Letra Q_Articulador1.mp4,ok,C:\KONECTA\OCR\dados_libras\dinamicos\Letra Q\public\public_0000.npy
Letra Q,Letra Q_Articulador2.mp4,ok,C:\KONECTA\OCR\dados_libras\dinamicos\Letra Q\public\public_0001.npy
Letra Q,Letra Q_Articulador3.mp4,ok,C:\KONECTA\OCR\dados_libras\dinamicos\Letra Q\public\public_0002.npy
Letra R,Letra R_Articulador1.mp4,ok,C:\KONECTA\OCR\dados_libras\dinamicos\Letra R\public\public_0000.npy
Letra R,Letra R_Articulador2.mp4,ok,C:\KONECTA\OCR\dados_libras\dinamicos\Letra R\public\public_0001.npy
Letra R,Letra R_Articulador3.mp4,ok,C:\KONECTA\OCR\dados_libras\dinamicos\Letra R\public\public_0002.npy
Letra S,Letra S_Articulador1.mp4,ok,C:\KONECTA\OCR\dados_libras\dinamicos\Letra S\public\public_0000.npy
Letra S,Letra S_Articulador2.mp4,ok,C:\KONECTA\OCR\dados_libras\dinamicos\Letra S\public\public_0001.npy
Letra S,Letra S_Articulador3.mp4,ok,C:\KONECTA\OCR\dados_libras\dinamicos\Letra S\public\public_0002.npy
Letra T,Letra T_Articulador1.mp4,ok,C:\KONECTA\OCR\dados_libras\dinamicos\Letra T\public\public_0000.npy
Letra T,Letra T_Articulador2.mp4,ok,C:\KONECTA\OCR\dados_libras\dinamicos\Letra T\public\public_0001.npy
Letra T,Letra T_Articulador3.mp4,ok,C:\KONECTA\OCR\dados_libras\dinamicos\Letra T\public\public_0002.npy
Letra U,Letra U_Articulador1.mp4,ok,C:\KONECTA\OCR\dados_libras\dinamicos\Letra U\public\public_0000.npy
Letra U,Letra U_Articulador2.mp4,ok,C:\KONECTA\OCR\dados_libras\dinamicos\Letra U\public\public_0001.npy
Letra U,Letra U_Articulador3.mp4,ok,C:\KONECTA\OCR\dados_libras\dinamicos\Letra U\public\public_0002.npy
Letra V,Letra V_Articulador1.mp4,ok,C:\KONECTA\OCR\dados_libras\dinamicos\Letra V\public\public_0000.npy
Letra V,Letra V_Articulador2.mp4,ok,C:\KONECTA\OCR\dados_libras\dinamicos\Letra V\public\public_0001.npy
Letra V,Letra V_Articulador3.mp4,ok,C:\KONECTA\OCR\dados_libras\dinamicos\Letra V\public\public_0002.npy
Letra W,Letra W_Articulador1.mp4,ok,C:\KONECTA\OCR\dados_libras\dinamicos\Letra W\public\public_0000.npy
Letra W,Letra W_Articulador2.mp4,ok,C:\KONECTA\OCR\dados_libras\dinamicos\Letra W\public\public_0001.npy
Letra W,Letra W_Articulador3.mp4,ok,C:\KONECTA\OCR\dados_libras\dinamicos\Letra W\public\public_0002.npy
Letra X,Letra X_Articulador1.mp4,ok,C:\KONECTA\OCR\dados_libras\dinamicos\Letra X\public\public_0000.npy
Letra X,Letra X_Articulador2.mp4,ok,C:\KONECTA\OCR\dados_libras\dinamicos\Letra X\public\public_0001.npy
Letra X,Letra X_Articulador3.mp4,ok,C:\KONECTA\OCR\dados_libras\dinamicos\Letra X\public\public_0002.npy
Letra Y,Letra Y_Articulador1.mp4,ok,C:\KONECTA\OCR\dados_libras\dinamicos\Letra Y\public\public_0000.npy
Letra Y,Letra Y_Articulador2.mp4,ok,C:\KONECTA\OCR\dados_libras\dinamicos\Letra Y\public\public_0001.npy
Letra Y,Letra Y_Articulador3.mp4,ok,C:\KONECTA\OCR\dados_libras\dinamicos\Letra Y\public\public_0002.npy
Letra Z,Letra Z_Articulador1.mp4,ok,C:\KONECTA\OCR\dados_libras\dinamicos\Letra Z\public\public_0000.npy
Letra Z,Letra Z_Articulador2.mp4,ok,C:\KONECTA\OCR\dados_libras\dinamicos\Letra Z\public\public_0001.npy
Letra Z,Letra Z_Articulador3.mp4,ok,C:\KONECTA\OCR\dados_libras\dinamicos\Letra Z\public\public_0002.npy
Levar,Levar_Articulador1.mp4,ok,C:\KONECTA\OCR\dados_libras\dinamicos\Levar\public\public_0000.npy
Levar,Levar_Articulador2.mp4,ok,C:\KONECTA\OCR\dados_libras\dinamicos\Levar\public\public_0001.npy
Levar,Levar_Articulador3.mp4,ok,C:\KONECTA\OCR\dados_libras\dinamicos\Levar\public\public_0002.npy
Leve,Leve_Articulador1.mp4,ok,C:\KONECTA\OCR\dados_libras\dinamicos\Leve\public\public_0000.npy
Leve,Leve_Articulador2.mp4,ok,C:\KONECTA\OCR\dados_libras\dinamicos\Leve\public\public_0001.npy
Leve,Leve_Articulador3.mp4,ok,C:\KONECTA\OCR\dados_libras\dinamicos\Leve\public\public_0002.npy
Leão,Leão_Articulador1.mp4,ok,C:\KONECTA\OCR\dados_libras\dinamicos\Leão\public\public_0000.npy
Leão,Leão_Articulador2.mp4,ok,C:\KONECTA\OCR\dados_libras\dinamicos\Leão\public\public_0001.npy
Leão,Leão_Articulador3.mp4,ok,C:\KONECTA\OCR\dados_libras\dinamicos\Leão\public\public_0002.npy
Licença,Licença_Articulador1.mp4,ok,C:\KONECTA\OCR\dados_libras\dinamicos\Licença\public\public_0000.npy
Licença,Licença_Articulador2.mp4,ok,C:\KONECTA\OCR\dados_libras\dinamicos\Licença\public\public_0001.npy
Licença,Licença_Articulador3.mp4,ok,C:\KONECTA\OCR\dados_libras\dinamicos\Licença\public\public_0002.npy
Ligar,Ligar_Articulador1.mp4,ok,C:\KONECTA\OCR\dados_libras\dinamicos\Ligar\public\public_0000.npy
Ligar,Ligar_Articulador2.mp4,ok,C:\KONECTA\OCR\dados_libras\dinamicos\Ligar\public\public_0001.npy
Ligar,Ligar_Articulador3.mp4,ok,C:\KONECTA\OCR\dados_libras\dinamicos\Ligar\public\public_0002.npy
Ligar algo,Ligar algo_Articulador1.mp4,ok,C:\KONECTA\OCR\dados_libras\dinamicos\Ligar algo\public\public_0000.npy
Ligar algo,Ligar algo_Articulador2.mp4,ok,C:\KONECTA\OCR\dados_libras\dinamicos\Ligar algo\public\public_0001.npy
Ligar algo,Ligar algo_Articulador3.mp4,ok,C:\KONECTA\OCR\dados_libras\dinamicos\Ligar algo\public\public_0002.npy
Limite,Limite_Articulador1.mp4,ok,C:\KONECTA\OCR\dados_libras\dinamicos\Limite\public\public_0000.npy
Limite,Limite_Articulador2.mp4,ok,C:\KONECTA\OCR\dados_libras\dinamicos\Limite\public\public_0001.npy
Limite,Limite_Articulador3.mp4,ok,C:\KONECTA\OCR\dados_libras\dinamicos\Limite\public\public_0002.npy
Linha,Linha_Articulador1.mp4,ok,C:\KONECTA\OCR\dados_libras\dinamicos\Linha\public\public_0000.npy
Linha,Linha_Articulador2.mp4,ok,C:\KONECTA\OCR\dados_libras\dinamicos\Linha\public\public_0001.npy
Linha,Linha_Articulador3.mp4,ok,C:\KONECTA\OCR\dados_libras\dinamicos\Linha\public\public_0002.npy
Liso (sem dinheiro),Liso (sem dinheiro)_Articulador1.mp4,ok,C:\KONECTA\OCR\dados_libras\dinamicos\Liso (sem dinheiro)\public\public_0000.npy
Liso (sem dinheiro),Liso (sem dinheiro)_Articulador2.mp4,ok,C:\KONECTA\OCR\dados_libras\dinamicos\Liso (sem dinheiro)\public\public_0001.npy
Liso (sem dinheiro),Liso (sem dinheiro)_Articulador3.mp4,ok,C:\KONECTA\OCR\dados_libras\dinamicos\Liso (sem dinheiro)\public\public_0002.npy
Lista,Lista_Articulador1.mp4,ok,C:\KONECTA\OCR\dados_libras\dinamicos\Lista\public\public_0000.npy
Lista,Lista_Articulador2.mp4,ok,C:\KONECTA\OCR\dados_libras\dinamicos\Lista\public\public_0001.npy
Lista,Lista_Articulador3.mp4,ok,C:\KONECTA\OCR\dados_libras\dinamicos\Lista\public\public_0002.npy
Livra-se,Livra-se_Articulador1.mp4,ok,C:\KONECTA\OCR\dados_libras\dinamicos\Livra-se\public\public_0000.npy
Livra-se,Livra-se_Articulador2.mp4,ok,C:\KONECTA\OCR\dados_libras\dinamicos\Livra-se\public\public_0001.npy
Livra-se,Livra-se_Articulador3.mp4,ok,C:\KONECTA\OCR\dados_libras\dinamicos\Livra-se\public\public_0002.npy
Livrar-se de,Livrar-se de_Articulador1.mp4,ok,C:\KONECTA\OCR\dados_libras\dinamicos\Livrar-se de\public\public_0000.npy
Livrar-se de,Livrar-se de_Articulador2.mp4,ok,C:\KONECTA\OCR\dados_libras\dinamicos\Livrar-se de\public\public_0001.npy
Livrar-se de,Livrar-se de_Articulador3.mp4,ok,C:\KONECTA\OCR\dados_libras\dinamicos\Livrar-se de\public\public_0002.npy
Livre,Livre_Articulador1.mp4,ok,C:\KONECTA\OCR\dados_libras\dinamicos\Livre\public\public_0000.npy
Livre,Livre_Articulador2.mp4,ok,C:\KONECTA\OCR\dados_libras\dinamicos\Livre\public\public_0001.npy
Livre,Livre_Articulador3.mp4,ok,C:\KONECTA\OCR\dados_libras\dinamicos\Livre\public\public_0002.npy
Livro,Livro_Articulador1.mp4,ok,C:\KONECTA\OCR\dados_libras\dinamicos\Livro\public\public_0000.npy
Livro,Livro_Articulador2.mp4,ok,C:\KONECTA\OCR\dados_libras\dinamicos\Livro\public\public_0001.npy
Livro,Livro_Articulador3.mp4,ok,C:\KONECTA\OCR\dados_libras\dinamicos\Livro\public\public_0002.npy
Lobo,Lobo_Articulador1.mp4,ok,C:\KONECTA\OCR\dados_libras\dinamicos\Lobo\public\public_0000.npy
Lobo,Lobo_Articulador2.mp4,ok,C:\KONECTA\OCR\dados_libras\dinamicos\Lobo\public\public_0001.npy
Lobo,Lobo_Articulador3.mp4,ok,C:\KONECTA\OCR\dados_libras\dinamicos\Lobo\public\public_0002.npy
Local,Local_Articulador1.mp4,ok,C:\KONECTA\OCR\dados_libras\dinamicos\Local\public\public_0000.npy
Local,Local_Articulador2.mp4,ok,C:\KONECTA\OCR\dados_libras\dinamicos\Local\public\public_0001.npy
Local,Local_Articulador3.mp4,ok,C:\KONECTA\OCR\dados_libras\dinamicos\Local\public\public_0002.npy
Loiro,Loiro_Articulador1.mp4,ok,C:\KONECTA\OCR\dados_libras\dinamicos\Loiro\public\public_0000.npy
Loiro,Loiro_Articulador2.mp4,ok,C:\KONECTA\OCR\dados_libras\dinamicos\Loiro\public\public_0001.npy
Loiro,Loiro_Articulador3.mp4,ok,C:\KONECTA\OCR\dados_libras\dinamicos\Loiro\public\public_0002.npy
Longe,Longe_Articulador1.mp4,ok,C:\KONECTA\OCR\dados_libras\dinamicos\Longe\public\public_0000.npy
Longe,Longe_Articulador2.mp4,ok,C:\KONECTA\OCR\dados_libras\dinamicos\Longe\public\public_0001.npy
Longe,Longe_Articulador3.mp4,ok,C:\KONECTA\OCR\dados_libras\dinamicos\Longe\public\public_0002.npy
Longo,Longo_Articulador1.mp4,ok,C:\KONECTA\OCR\dados_libras\dinamicos\Longo\public\public_0000.npy
Longo,Longo_Articulador2.mp4,ok,C:\KONECTA\OCR\dados_libras\dinamicos\Longo\public\public_0001.npy
Longo,Longo_Articulador3.mp4,ok,C:\KONECTA\OCR\dados_libras\dinamicos\Longo\public\public_0002.npy
Lotado,Lotado_Articulador1.mp4,ok,C:\KONECTA\OCR\dados_libras\dinamicos\Lotado\public\public_0000.npy
Lotado,Lotado_Articulador2.mp4,ok,C:\KONECTA\OCR\dados_libras\dinamicos\Lotado\public\public_0001.npy
Lotado,Lotado_Articulador3.mp4,ok,C:\KONECTA\OCR\dados_libras\dinamicos\Lotado\public\public_0002.npy
Louco,Louco_Articulador1.mp4,ok,C:\KONECTA\OCR\dados_libras\dinamicos\Louco\public\public_0000.npy
Louco,Louco_Articulador2.mp4,ok,C:\KONECTA\OCR\dados_libras\dinamicos\Louco\public\public_0001.npy
Louco,Louco_Articulador3.mp4,ok,C:\KONECTA\OCR\dados_libras\dinamicos\Louco\public\public_0002.npy
Lua,Lua_Articulador1.mp4,ok,C:\KONECTA\OCR\dados_libras\dinamicos\Lua\public\public_0000.npy
Lua,Lua_Articulador2.mp4,ok,C:\KONECTA\OCR\dados_libras\dinamicos\Lua\public\public_0001.npy
Lua,Lua_Articulador3.mp4,ok,C:\KONECTA\OCR\dados_libras\dinamicos\Lua\public\public_0002.npy
Lugar,Lugar_Articulador1.mp4,ok,C:\KONECTA\OCR\dados_libras\dinamicos\Lugar\public\public_0000.npy
Lugar,Lugar_Articulador2.mp4,ok,C:\KONECTA\OCR\dados_libras\dinamicos\Lugar\public\public_0001.npy
Lugar,Lugar_Articulador3.mp4,ok,C:\KONECTA\OCR\dados_libras\dinamicos\Lugar\public\public_0002.npy
Luta,Luta_Articulador1.mp4,ok,C:\KONECTA\OCR\dados_libras\dinamicos\Luta\public\public_0000.npy
Luta,Luta_Articulador2.mp4,ok,C:\KONECTA\OCR\dados_libras\dinamicos\Luta\public\public_0001.npy
Luta,Luta_Articulador3.mp4,ok,C:\KONECTA\OCR\dados_libras\dinamicos\Luta\public\public_0002.npy
Luvas,Luvas_Articulador1.mp4,ok,C:\KONECTA\OCR\dados_libras\dinamicos\Luvas\public\public_0000.npy
Luvas,Luvas_Articulador2.mp4,ok,C:\KONECTA\OCR\dados_libras\dinamicos\Luvas\public\public_0001.npy
Luvas,Luvas_Articulador3.mp4,ok,C:\KONECTA\OCR\dados_libras\dinamicos\Luvas\public\public_0002.npy
Luz,Luz_Articulador1.mp4,ok,C:\KONECTA\OCR\dados_libras\dinamicos\Luz\public\public_0000.npy
Luz,Luz_Articulador2.mp4,ok,C:\KONECTA\OCR\dados_libras\dinamicos\Luz\public\public_0001.npy
Luz,Luz_Articulador3.mp4,ok,C:\KONECTA\OCR\dados_libras\dinamicos\Luz\public\public_0002.npy
Luz do sol,Luz do sol_Articulador1.mp4,ok,C:\KONECTA\OCR\dados_libras\dinamicos\Luz do sol\public\public_0000.npy
Luz do sol,Luz do sol_Articulador2.mp4,ok,C:\KONECTA\OCR\dados_libras\dinamicos\Luz do sol\public\public_0001.npy
Luz do sol,Luz do sol_Articulador3.mp4,ok,C:\KONECTA\OCR\dados_libras\dinamicos\Luz do sol\public\public_0002.npy
Lábia,Lábia_Articulador1.mp4,ok,C:\KONECTA\OCR\dados_libras\dinamicos\Lábia\public\public_0000.npy
Lábia,Lábia_Articulador2.mp4,ok,C:\KONECTA\OCR\dados_libras\dinamicos\Lábia\public\public_0001.npy
Lábia,Lábia_Articulador3.mp4,ok,C:\KONECTA\OCR\dados_libras\dinamicos\Lábia\public\public_0002.npy
Lápis,Lápis_Articulador1.mp4,ok,C:\KONECTA\OCR\dados_libras\dinamicos\Lápis\public\public_0000.npy
Lápis,Lápis_Articulador2.mp4,ok,C:\KONECTA\OCR\dados_libras\dinamicos\Lápis\public\public_0001.npy
Lápis,Lápis_Articulador3.mp4,ok,C:\KONECTA\OCR\dados_libras\dinamicos\Lápis\public\public_0002.npy
Lésbica,Lésbica_Articulador1.mp4,ok,C:\KONECTA\OCR\dados_libras\dinamicos\Lésbica\public\public_0000.npy
Lésbica,Lésbica_Articulador2.mp4,ok,C:\KONECTA\OCR\dados_libras\dinamicos\Lésbica\public\public_0001.npy
Lésbica,Lésbica_Articulador3.mp4,ok,C:\KONECTA\OCR\dados_libras\dinamicos\Lésbica\public\public_0002.npy
Língua (idioma),Língua (idioma)_Articulador1.mp4,ok,C:\KONECTA\OCR\dados_libras\dinamicos\Língua (idioma)\public\public_0000.npy
Língua (idioma),Língua (idioma)_Articulador2.mp4,ok,C:\KONECTA\OCR\dados_libras\dinamicos\Língua (idioma)\public\public_0001.npy
Língua (idioma),Língua (idioma)_Articulador3.mp4,ok,C:\KONECTA\OCR\dados_libras\dinamicos\Língua (idioma)\public\public_0002.npy
Macaco,Macaco_Articulador1.mp4,ok,C:\KONECTA\OCR\dados_libras\dinamicos\Macaco\public\public_0000.npy
Macaco,Macaco_Articulador2.mp4,ok,C:\KONECTA\OCR\dados_libras\dinamicos\Macaco\public\public_0001.npy
Macaco,Macaco_Articulador3.mp4,ok,C:\KONECTA\OCR\dados_libras\dinamicos\Macaco\public\public_0002.npy
Machucar,Machucar_Articulador1.mp4,ok,C:\KONECTA\OCR\dados_libras\dinamicos\Machucar\public\public_0000.npy
Machucar,Machucar_Articulador2.mp4,ok,C:\KONECTA\OCR\dados_libras\dinamicos\Machucar\public\public_0001.npy
Machucar,Machucar_Articulador3.mp4,ok,C:\KONECTA\OCR\dados_libras\dinamicos\Machucar\public\public_0002.npy
Macio,Macio_Articulador1.mp4,ok,C:\KONECTA\OCR\dados_libras\dinamicos\Macio\public\public_0000.npy
Macio,Macio_Articulador2.mp4,ok,C:\KONECTA\OCR\dados_libras\dinamicos\Macio\public\public_0001.npy
Macio,Macio_Articulador3.mp4,ok,C:\KONECTA\OCR\dados_libras\dinamicos\Macio\public\public_0002.npy
Maconha,Maconha_Articulador1.mp4,ok,C:\KONECTA\OCR\dados_libras\dinamicos\Maconha\public\public_0000.npy
Maconha,Maconha_Articulador2.mp4,ok,C:\KONECTA\OCR\dados_libras\dinamicos\Maconha\public\public_0001.npy
Maconha,Maconha_Articulador3.mp4,ok,C:\KONECTA\OCR\dados_libras\dinamicos\Maconha\public\public_0002.npy
Madeira,Madeira_Articulador1.mp4,ok,C:\KONECTA\OCR\dados_libras\dinamicos\Madeira\public\public_0000.npy
Madeira,Madeira_Articulador2.mp4,ok,C:\KONECTA\OCR\dados_libras\dinamicos\Madeira\public\public_0001.npy
Madeira,Madeira_Articulador3.mp4,ok,C:\KONECTA\OCR\dados_libras\dinamicos\Madeira\public\public_0002.npy
Magia,Magia_Articulador1.mp4,ok,C:\KONECTA\OCR\dados_libras\dinamicos\Magia\public\public_0000.npy
Magia,Magia_Articulador2.mp4,ok,C:\KONECTA\OCR\dados_libras\dinamicos\Magia\public\public_0001.npy
Magia,Magia_Articulador3.mp4,ok,C:\KONECTA\OCR\dados_libras\dinamicos\Magia\public\public_0002.npy
Maior,Maior_Articulador1.mp4,ok,C:\KONECTA\OCR\dados_libras\dinamicos\Maior\public\public_0000.npy
Maior,Maior_Articulador2.mp4,ok,C:\KONECTA\OCR\dados_libras\dinamicos\Maior\public\public_0001.npy
Maior,Maior_Articulador3.mp4,ok,C:\KONECTA\OCR\dados_libras\dinamicos\Maior\public\public_0002.npy
Maioria,Maioria_Articulador1.mp4,ok,C:\KONECTA\OCR\dados_libras\dinamicos\Maioria\public\public_0000.npy
Maioria,Maioria_Articulador2.mp4,ok,C:\KONECTA\OCR\dados_libras\dinamicos\Maioria\public\public_0001.npy
Maioria,Maioria_Articulador3.mp4,ok,C:\KONECTA\OCR\dados_libras\dinamicos\Maioria\public\public_0002.npy
Mais,Mais_Articulador1.mp4,ok,C:\KONECTA\OCR\dados_libras\dinamicos\Mais\public\public_0000.npy
Mais,Mais_Articulador2.mp4,ok,C:\KONECTA\OCR\dados_libras\dinamicos\Mais\public\public_0001.npy
Mais,Mais_Articulador3.mp4,ok,C:\KONECTA\OCR\dados_libras\dinamicos\Mais\public\public_0002.npy
Mais ainda,Mais ainda_Articulador1.mp4,ok,C:\KONECTA\OCR\dados_libras\dinamicos\Mais ainda\public\public_0000.npy
Mais ainda,Mais ainda_Articulador2.mp4,ok,C:\KONECTA\OCR\dados_libras\dinamicos\Mais ainda\public\public_0001.npy
Mais ainda,Mais ainda_Articulador3.mp4,ok,C:\KONECTA\OCR\dados_libras\dinamicos\Mais ainda\public\public_0002.npy
Mais antigo,Mais antigo_Articulador1.mp4,ok,C:\KONECTA\OCR\dados_libras\dinamicos\Mais antigo\public\public_0000.npy
Mais antigo,Mais antigo_Articulador2.mp4,ok,C:\KONECTA\OCR\dados_libras\dinamicos\Mais antigo\public\public_0001.npy
Mais antigo,Mais antigo_Articulador3.mp4,ok,C:\KONECTA\OCR\dados_libras\dinamicos\Mais antigo\public\public_0002.npy
Mais do que,Mais do que_Articulador1.mp4,ok,C:\KONECTA\OCR\dados_libras\dinamicos\Mais do que\public\public_0000.npy
Mais do que,Mais do que_Articulador2.mp4,ok,C:\KONECTA\OCR\dados_libras\dinamicos\Mais do que\public\public_0001.npy
Mais do que,Mais do que_Articulador3.mp4,ok,C:\KONECTA\OCR\dados_libras\dinamicos\Mais do que\public\public_0002.npy
Mais ou menos,Mais ou menos_Articulador1.mp4,ok,C:\KONECTA\OCR\dados_libras\dinamicos\Mais ou menos\public\public_0000.npy
Mais ou menos,Mais ou menos_Articulador2.mp4,ok,C:\KONECTA\OCR\dados_libras\dinamicos\Mais ou menos\public\public_0001.npy
Mais ou menos,Mais ou menos_Articulador3.mp4,ok,C:\KONECTA\OCR\dados_libras\dinamicos\Mais ou menos\public\public_0002.npy
Mal entendido,Mal entendido_Articulador1.mp4,ok,C:\KONECTA\OCR\dados_libras\dinamicos\Mal entendido\public\public_0000.npy
Mal entendido,Mal entendido_Articulador2.mp4,ok,C:\KONECTA\OCR\dados_libras\dinamicos\Mal entendido\public\public_0001.npy
Mal entendido,Mal entendido_Articulador3.mp4,ok,C:\KONECTA\OCR\dados_libras\dinamicos\Mal entendido\public\public_0002.npy
Mala de Viagem,Mala de Viagem_Articulador1.mp4,ok,C:\KONECTA\OCR\dados_libras\dinamicos\Mala de Viagem\public\public_0000.npy
Mala de Viagem,Mala de Viagem_Articulador2.mp4,ok,C:\KONECTA\OCR\dados_libras\dinamicos\Mala de Viagem\public\public_0001.npy
Mala de Viagem,Mala de Viagem_Articulador3.mp4,ok,C:\KONECTA\OCR\dados_libras\dinamicos\Mala de Viagem\public\public_0002.npy
Mamilos,Mamilos_Articulador1.mp4,ok,C:\KONECTA\OCR\dados_libras\dinamicos\Mamilos\public\public_0000.npy
Mamilos,Mamilos_Articulador2.mp4,ok,C:\KONECTA\OCR\dados_libras\dinamicos\Mamilos\public\public_0001.npy
Mamilos,Mamilos_Articulador3.mp4,ok,C:\KONECTA\OCR\dados_libras\dinamicos\Mamilos\public\public_0002.npy
Mandíbula,Mandíbula_Articulador1.mp4,ok,C:\KONECTA\OCR\dados_libras\dinamicos\Mandíbula\public\public_0000.npy
Mandíbula,Mandíbula_Articulador2.mp4,ok,C:\KONECTA\OCR\dados_libras\dinamicos\Mandíbula\public\public_0001.npy
Mandíbula,Mandíbula_Articulador3.mp4,ok,C:\KONECTA\OCR\dados_libras\dinamicos\Mandíbula\public\public_0002.npy
Manga curta (de camisa),Manga curta (de camisa)_Articulador1.mp4,ok,C:\KONECTA\OCR\dados_libras\dinamicos\Manga curta (de camisa)\public\public_0000.npy
Manga curta (de camisa),Manga curta (de camisa)_Articulador2.mp4,ok,C:\KONECTA\OCR\dados_libras\dinamicos\Manga curta (de camisa)\public\public_0001.npy
Manga curta (de camisa),Manga curta (de camisa)_Articulador3.mp4,ok,C:\KONECTA\OCR\dados_libras\dinamicos\Manga curta (de camisa)\public\public_0002.npy
Manhã,Manhã_Articulador1.mp4,ok,C:\KONECTA\OCR\dados_libras\dinamicos\Manhã\public\public_0000.npy
Manhã,Manhã_Articulador2.mp4,ok,C:\KONECTA\OCR\dados_libras\dinamicos\Manhã\public\public_0001.npy
Manhã,Manhã_Articulador3.mp4,ok,C:\KONECTA\OCR\dados_libras\dinamicos\Manhã\public\public_0002.npy
Manteiga,Manteiga_Articulador1.mp4,ok,C:\KONECTA\OCR\dados_libras\dinamicos\Manteiga\public\public_0000.npy
Manteiga,Manteiga_Articulador2.mp4,ok,C:\KONECTA\OCR\dados_libras\dinamicos\Manteiga\public\public_0001.npy
Manteiga,Manteiga_Articulador3.mp4,ok,C:\KONECTA\OCR\dados_libras\dinamicos\Manteiga\public\public_0002.npy
Manter (guardar),Manter (guardar)_Articulador1.mp4,ok,C:\KONECTA\OCR\dados_libras\dinamicos\Manter (guardar)\public\public_0000.npy
Manter (guardar),Manter (guardar)_Articulador2.mp4,ok,C:\KONECTA\OCR\dados_libras\dinamicos\Manter (guardar)\public\public_0001.npy
Manter (guardar),Manter (guardar)_Articulador3.mp4,ok,C:\KONECTA\OCR\dados_libras\dinamicos\Manter (guardar)\public\public_0002.npy
Mar (oceano),Mar (oceano)_Articulador1.mp4,ok,C:\KONECTA\OCR\dados_libras\dinamicos\Mar (oceano)\public\public_0000.npy
Mar (oceano),Mar (oceano)_Articulador2.mp4,ok,C:\KONECTA\OCR\dados_libras\dinamicos\Mar (oceano)\public\public_0001.npy
Mar (oceano),Mar (oceano)_Articulador3.mp4,ok,C:\KONECTA\OCR\dados_libras\dinamicos\Mar (oceano)\public\public_0002.npy
Maravilhado,Maravilhado_Articulador1.mp4,ok,C:\KONECTA\OCR\dados_libras\dinamicos\Maravilhado\public\public_0000.npy
Maravilhado,Maravilhado_Articulador2.mp4,ok,C:\KONECTA\OCR\dados_libras\dinamicos\Maravilhado\public\public_0001.npy
Maravilhado,Maravilhado_Articulador3.mp4,ok,C:\KONECTA\OCR\dados_libras\dinamicos\Maravilhado\public\public_0002.npy
Marrom,Marrom_Articulador1.mp4,ok,C:\KONECTA\OCR\dados_libras\dinamicos\Marrom\public\public_0000.npy
Marrom,Marrom_Articulador2.mp4,ok,C:\KONECTA\OCR\dados_libras\dinamicos\Marrom\public\public_0001.npy
Marrom,Marrom_Articulador3.mp4,ok,C:\KONECTA\OCR\dados_libras\dinamicos\Marrom\public\public_0002.npy
Martelo,Martelo_Articulador1.mp4,ok,C:\KONECTA\OCR\dados_libras\dinamicos\Martelo\public\public_0000.npy
Martelo,Martelo_Articulador2.mp4,ok,C:\KONECTA\OCR\dados_libras\dinamicos\Martelo\public\public_0001.npy
Martelo,Martelo_Articulador3.mp4,ok,C:\KONECTA\OCR\dados_libras\dinamicos\Martelo\public\public_0002.npy
Mas,Mas_Articulador1.mp4,ok,C:\KONECTA\OCR\dados_libras\dinamicos\Mas\public\public_0000.npy
Mas,Mas_Articulador2.mp4,ok,C:\KONECTA\OCR\dados_libras\dinamicos\Mas\public\public_0001.npy
Mas,Mas_Articulador3.mp4,ok,C:\KONECTA\OCR\dados_libras\dinamicos\Mas\public\public_0002.npy
Mastigar,Mastigar_Articulador1.mp4,ok,C:\KONECTA\OCR\dados_libras\dinamicos\Mastigar\public\public_0000.npy
Mastigar,Mastigar_Articulador2.mp4,ok,C:\KONECTA\OCR\dados_libras\dinamicos\Mastigar\public\public_0001.npy
Mastigar,Mastigar_Articulador3.mp4,ok,C:\KONECTA\OCR\dados_libras\dinamicos\Mastigar\public\public_0002.npy
Matar,Matar_Articulador1.mp4,ok,C:\KONECTA\OCR\dados_libras\dinamicos\Matar\public\public_0000.npy
Matar,Matar_Articulador2.mp4,ok,C:\KONECTA\OCR\dados_libras\dinamicos\Matar\public\public_0001.npy
Matar,Matar_Articulador3.mp4,ok,C:\KONECTA\OCR\dados_libras\dinamicos\Matar\public\public_0002.npy
Matemática,Matemática_Articulador1.mp4,ok,C:\KONECTA\OCR\dados_libras\dinamicos\Matemática\public\public_0000.npy
Matemática,Matemática_Articulador2.mp4,ok,C:\KONECTA\OCR\dados_libras\dinamicos\Matemática\public\public_0001.npy
Matemática,Matemática_Articulador3.mp4,ok,C:\KONECTA\OCR\dados_libras\dinamicos\Matemática\public\public_0002.npy
Material,Material_Articulador1.mp4,ok,C:\KONECTA\OCR\dados_libras\dinamicos\Material\public\public_0000.npy
Material,Material_Articulador2.mp4,ok,C:\KONECTA\OCR\dados_libras\dinamicos\Material\public\public_0001.npy
Material,Material_Articulador3.mp4,ok,C:\KONECTA\OCR\dados_libras\dinamicos\Material\public\public_0002.npy
Mau cheiro,Mau cheiro_Articulador1.mp4,ok,C:\KONECTA\OCR\dados_libras\dinamicos\Mau cheiro\public\public_0000.npy
Mau cheiro,Mau cheiro_Articulador2.mp4,ok,C:\KONECTA\OCR\dados_libras\dinamicos\Mau cheiro\public\public_0001.npy
Mau cheiro,Mau cheiro_Articulador3.mp4,ok,C:\KONECTA\OCR\dados_libras\dinamicos\Mau cheiro\public\public_0002.npy
Maçã (rosto),Maçã (rosto)_Articulador1.mp4,ok,C:\KONECTA\OCR\dados_libras\dinamicos\Maçã (rosto)\public\public_0000.npy
Maçã (rosto),Maçã (rosto)_Articulador2.mp4,ok,C:\KONECTA\OCR\dados_libras\dinamicos\Maçã (rosto)\public\public_0001.npy
Maçã (rosto),Maçã (rosto)_Articulador3.mp4,ok,C:\KONECTA\OCR\dados_libras\dinamicos\Maçã (rosto)\public\public_0002.npy
Medicamento,Medicamento_Articulador1.mp4,ok,C:\KONECTA\OCR\dados_libras\dinamicos\Medicamento\public\public_0000.npy
Medicamento,Medicamento_Articulador2.mp4,ok,C:\KONECTA\OCR\dados_libras\dinamicos\Medicamento\public\public_0001.npy
Medicamento,Medicamento_Articulador3.mp4,ok,C:\KONECTA\OCR\dados_libras\dinamicos\Medicamento\public\public_0002.npy
Medicina,Medicina_Articulador1.mp4,ok,C:\KONECTA\OCR\dados_libras\dinamicos\Medicina\public\public_0000.npy
Medicina,Medicina_Articulador2.mp4,ok,C:\KONECTA\OCR\dados_libras\dinamicos\Medicina\public\public_0001.npy
Medicina,Medicina_Articulador3.mp4,ok,C:\KONECTA\OCR\dados_libras\dinamicos\Medicina\public\public_0002.npy
Meia-noite,Meia-noite_Articulador1.mp4,ok,C:\KONECTA\OCR\dados_libras\dinamicos\Meia-noite\public\public_0000.npy
Meia-noite,Meia-noite_Articulador2.mp4,ok,C:\KONECTA\OCR\dados_libras\dinamicos\Meia-noite\public\public_0001.npy
Meia-noite,Meia-noite_Articulador3.mp4,ok,C:\KONECTA\OCR\dados_libras\dinamicos\Meia-noite\public\public_0002.npy
Meias,Meias_Articulador1.mp4,ok,C:\KONECTA\OCR\dados_libras\dinamicos\Meias\public\public_0000.npy
Meias,Meias_Articulador2.mp4,ok,C:\KONECTA\OCR\dados_libras\dinamicos\Meias\public\public_0001.npy
Meias,Meias_Articulador3.mp4,ok,C:\KONECTA\OCR\dados_libras\dinamicos\Meias\public\public_0002.npy
Meio,Meio_Articulador1.mp4,ok,C:\KONECTA\OCR\dados_libras\dinamicos\Meio\public\public_0000.npy
Meio,Meio_Articulador2.mp4,ok,C:\KONECTA\OCR\dados_libras\dinamicos\Meio\public\public_0001.npy
Meio,Meio_Articulador3.mp4,ok,C:\KONECTA\OCR\dados_libras\dinamicos\Meio\public\public_0002.npy
Meio-dia,Meio-dia_Articulador1.mp4,ok,C:\KONECTA\OCR\dados_libras\dinamicos\Meio-dia\public\public_0000.npy
Meio-dia,Meio-dia_Articulador2.mp4,ok,C:\KONECTA\OCR\dados_libras\dinamicos\Meio-dia\public\public_0001.npy
Meio-dia,Meio-dia_Articulador3.mp4,ok,C:\KONECTA\OCR\dados_libras\dinamicos\Meio-dia\public\public_0002.npy
Melhor,Melhor_Articulador1.mp4,ok,C:\KONECTA\OCR\dados_libras\dinamicos\Melhor\public\public_0000.npy
Melhor,Melhor_Articulador2.mp4,ok,C:\KONECTA\OCR\dados_libras\dinamicos\Melhor\public\public_0001.npy
Melhor,Melhor_Articulador3.mp4,ok,C:\KONECTA\OCR\dados_libras\dinamicos\Melhor\public\public_0002.npy
Melhor amigo,Melhor amigo_Articulador1.mp4,ok,C:\KONECTA\OCR\dados_libras\dinamicos\Melhor amigo\public\public_0000.npy
Melhor amigo,Melhor amigo_Articulador2.mp4,ok,C:\KONECTA\OCR\dados_libras\dinamicos\Melhor amigo\public\public_0001.npy
Melhor amigo,Melhor amigo_Articulador3.mp4,ok,C:\KONECTA\OCR\dados_libras\dinamicos\Melhor amigo\public\public_0002.npy
Melhorar um pouco mais,Melhorar um pouco mais_Articulador1.mp4,ok,C:\KONECTA\OCR\dados_libras\dinamicos\Melhorar um pouco mais\public\public_0000.npy
Melhorar um pouco mais,Melhorar um pouco mais_Articulador2.mp4,ok,C:\KONECTA\OCR\dados_libras\dinamicos\Melhorar um pouco mais\public\public_0001.npy
Melhorar um pouco mais,Melhorar um pouco mais_Articulador3.mp4,ok,C:\KONECTA\OCR\dados_libras\dinamicos\Melhorar um pouco mais\public\public_0002.npy
Melância,Melância_Articulador1.mp4,ok,C:\KONECTA\OCR\dados_libras\dinamicos\Melância\public\public_0000.npy
Melância,Melância_Articulador2.mp4,ok,C:\KONECTA\OCR\dados_libras\dinamicos\Melância\public\public_0001.npy
Melância,Melância_Articulador3.mp4,ok,C:\KONECTA\OCR\dados_libras\dinamicos\Melância\public\public_0002.npy
Memorizar,Memorizar_Articulador1.mp4,ok,C:\KONECTA\OCR\dados_libras\dinamicos\Memorizar\public\public_0000.npy
Memorizar,Memorizar_Articulador2.mp4,ok,C:\KONECTA\OCR\dados_libras\dinamicos\Memorizar\public\public_0001.npy
Memorizar,Memorizar_Articulador3.mp4,ok,C:\KONECTA\OCR\dados_libras\dinamicos\Memorizar\public\public_0002.npy
Menina,Menina_Articulador1.mp4,ok,C:\KONECTA\OCR\dados_libras\dinamicos\Menina\public\public_0000.npy
Menina,Menina_Articulador2.mp4,ok,C:\KONECTA\OCR\dados_libras\dinamicos\Menina\public\public_0001.npy
Menina,Menina_Articulador3.mp4,ok,C:\KONECTA\OCR\dados_libras\dinamicos\Menina\public\public_0002.npy
Menor,Menor_Articulador1.mp4,ok,C:\KONECTA\OCR\dados_libras\dinamicos\Menor\public\public_0000.npy
Menor,Menor_Articulador2.mp4,ok,C:\KONECTA\OCR\dados_libras\dinamicos\Menor\public\public_0001.npy
Menor,Menor_Articulador3.mp4,ok,C:\KONECTA\OCR\dados_libras\dinamicos\Menor\public\public_0002.npy
Menos,Menos_Articulador1.mp4,ok,C:\KONECTA\OCR\dados_libras\dinamicos\Menos\public\public_0000.npy
Menos,Menos_Articulador2.mp4,ok,C:\KONECTA\OCR\dados_libras\dinamicos\Menos\public\public_0001.npy
Menos,Menos_Articulador3.mp4,ok,C:\KONECTA\OCR\dados_libras\dinamicos\Menos\public\public_0002.npy
Menstruar,Menstruar_Articulador1.mp4,ok,C:\KONECTA\OCR\dados_libras\dinamicos\Menstruar\public\public_0000.npy
Menstruar,Menstruar_Articulador2.mp4,ok,C:\KONECTA\OCR\dados_libras\dinamicos\Menstruar\public\public_0001.npy
Menstruar,Menstruar_Articulador3.mp4,ok,C:\KONECTA\OCR\dados_libras\dinamicos\Menstruar\public\public_0002.npy
Mergulho,Mergulho_Articulador1.mp4,ok,C:\KONECTA\OCR\dados_libras\dinamicos\Mergulho\public\public_0000.npy
Mergulho,Mergulho_Articulador2.mp4,ok,C:\KONECTA\OCR\dados_libras\dinamicos\Mergulho\public\public_0001.npy
Mergulho,Mergulho_Articulador3.mp4,ok,C:\KONECTA\OCR\dados_libras\dinamicos\Mergulho\public\public_0002.npy
Mesma idade,Mesma idade_Articulador1.mp4,ok,C:\KONECTA\OCR\dados_libras\dinamicos\Mesma idade\public\public_0000.npy
Mesma idade,Mesma idade_Articulador2.mp4,ok,C:\KONECTA\OCR\dados_libras\dinamicos\Mesma idade\public\public_0001.npy
Mesma idade,Mesma idade_Articulador3.mp4,ok,C:\KONECTA\OCR\dados_libras\dinamicos\Mesma idade\public\public_0002.npy
Mesmo tempo,Mesmo tempo_Articulador1.mp4,ok,C:\KONECTA\OCR\dados_libras\dinamicos\Mesmo tempo\public\public_0000.npy
Mesmo tempo,Mesmo tempo_Articulador2.mp4,ok,C:\KONECTA\OCR\dados_libras\dinamicos\Mesmo tempo\public\public_0001.npy
Mesmo tempo,Mesmo tempo_Articulador3.mp4,ok,C:\KONECTA\OCR\dados_libras\dinamicos\Mesmo tempo\public\public_0002.npy
Metal,Metal_Articulador1.mp4,ok,C:\KONECTA\OCR\dados_libras\dinamicos\Metal\public\public_0000.npy
Metal,Metal_Articulador2.mp4,ok,C:\KONECTA\OCR\dados_libras\dinamicos\Metal\public\public_0001.npy
Metal,Metal_Articulador3.mp4,ok,C:\KONECTA\OCR\dados_libras\dinamicos\Metal\public\public_0002.npy
Metrô,Metrô_Articulador1.mp4,ok,C:\KONECTA\OCR\dados_libras\dinamicos\Metrô\public\public_0000.npy
Metrô,Metrô_Articulador2.mp4,ok,C:\KONECTA\OCR\dados_libras\dinamicos\Metrô\public\public_0001.npy
Metrô,Metrô_Articulador3.mp4,ok,C:\KONECTA\OCR\dados_libras\dinamicos\Metrô\public\public_0002.npy
Microfone,Microfone_Articulador1.mp4,ok,C:\KONECTA\OCR\dados_libras\dinamicos\Microfone\public\public_0000.npy
Microfone,Microfone_Articulador2.mp4,ok,C:\KONECTA\OCR\dados_libras\dinamicos\Microfone\public\public_0001.npy
Microfone,Microfone_Articulador3.mp4,ok,C:\KONECTA\OCR\dados_libras\dinamicos\Microfone\public\public_0002.npy
Mil,Mil_Articulador1.mp4,ok,C:\KONECTA\OCR\dados_libras\dinamicos\Mil\public\public_0000.npy
Mil,Mil_Articulador2.mp4,ok,C:\KONECTA\OCR\dados_libras\dinamicos\Mil\public\public_0001.npy
Mil,Mil_Articulador3.mp4,ok,C:\KONECTA\OCR\dados_libras\dinamicos\Mil\public\public_0002.npy
Milho,Milho_Articulador1.mp4,ok,C:\KONECTA\OCR\dados_libras\dinamicos\Milho\public\public_0000.npy
Milho,Milho_Articulador2.mp4,ok,C:\KONECTA\OCR\dados_libras\dinamicos\Milho\public\public_0001.npy
Milho,Milho_Articulador3.mp4,ok,C:\KONECTA\OCR\dados_libras\dinamicos\Milho\public\public_0002.npy
Milhão,Milhão_Articulador1.mp4,ok,C:\KONECTA\OCR\dados_libras\dinamicos\Milhão\public\public_0000.npy
Milhão,Milhão_Articulador2.mp4,ok,C:\KONECTA\OCR\dados_libras\dinamicos\Milhão\public\public_0001.npy
Milhão,Milhão_Articulador3.mp4,ok,C:\KONECTA\OCR\dados_libras\dinamicos\Milhão\public\public_0002.npy
Minuto,Minuto_Articulador1.mp4,ok,C:\KONECTA\OCR\dados_libras\dinamicos\Minuto\public\public_0000.npy
Minuto,Minuto_Articulador2.mp4,ok,C:\KONECTA\OCR\dados_libras\dinamicos\Minuto\public\public_0001.npy
Minuto,Minuto_Articulador3.mp4,ok,C:\KONECTA\OCR\dados_libras\dinamicos\Minuto\public\public_0002.npy
Misturar,Misturar_Articulador1.mp4,ok,C:\KONECTA\OCR\dados_libras\dinamicos\Misturar\public\public_0000.npy
Misturar,Misturar_Articulador2.mp4,ok,C:\KONECTA\OCR\dados_libras\dinamicos\Misturar\public\public_0001.npy
Misturar,Misturar_Articulador3.mp4,ok,C:\KONECTA\OCR\dados_libras\dinamicos\Misturar\public\public_0002.npy
Mochila,Mochila_Articulador1.mp4,ok,C:\KONECTA\OCR\dados_libras\dinamicos\Mochila\public\public_0000.npy
Mochila,Mochila_Articulador2.mp4,ok,C:\KONECTA\OCR\dados_libras\dinamicos\Mochila\public\public_0001.npy
Mochila,Mochila_Articulador3.mp4,ok,C:\KONECTA\OCR\dados_libras\dinamicos\Mochila\public\public_0002.npy
Moeda,Moeda_Articulador1.mp4,ok,C:\KONECTA\OCR\dados_libras\dinamicos\Moeda\public\public_0000.npy
Moeda,Moeda_Articulador2.mp4,ok,C:\KONECTA\OCR\dados_libras\dinamicos\Moeda\public\public_0001.npy
Moeda,Moeda_Articulador3.mp4,ok,C:\KONECTA\OCR\dados_libras\dinamicos\Moeda\public\public_0002.npy
Molhado,Molhado_Articulador1.mp4,ok,C:\KONECTA\OCR\dados_libras\dinamicos\Molhado\public\public_0000.npy
Molhado,Molhado_Articulador2.mp4,ok,C:\KONECTA\OCR\dados_libras\dinamicos\Molhado\public\public_0001.npy
Molhado,Molhado_Articulador3.mp4,ok,C:\KONECTA\OCR\dados_libras\dinamicos\Molhado\public\public_0002.npy
Montanha,Montanha_Articulador1.mp4,ok,C:\KONECTA\OCR\dados_libras\dinamicos\Montanha\public\public_0000.npy
Montanha,Montanha_Articulador2.mp4,ok,C:\KONECTA\OCR\dados_libras\dinamicos\Montanha\public\public_0001.npy
Montanha,Montanha_Articulador3.mp4,ok,C:\KONECTA\OCR\dados_libras\dinamicos\Montanha\public\public_0002.npy
Moral,Moral_Articulador1.mp4,ok,C:\KONECTA\OCR\dados_libras\dinamicos\Moral\public\public_0000.npy
Moral,Moral_Articulador2.mp4,ok,C:\KONECTA\OCR\dados_libras\dinamicos\Moral\public\public_0001.npy
Moral,Moral_Articulador3.mp4,ok,C:\KONECTA\OCR\dados_libras\dinamicos\Moral\public\public_0002.npy
Morango,Morango_Articulador1.mp4,ok,C:\KONECTA\OCR\dados_libras\dinamicos\Morango\public\public_0000.npy
Morango,Morango_Articulador2.mp4,ok,C:\KONECTA\OCR\dados_libras\dinamicos\Morango\public\public_0001.npy
Morango,Morango_Articulador3.mp4,ok,C:\KONECTA\OCR\dados_libras\dinamicos\Morango\public\public_0002.npy
Morar junto,Morar junto_Articulador1.mp4,ok,C:\KONECTA\OCR\dados_libras\dinamicos\Morar junto\public\public_0000.npy
Morar junto,Morar junto_Articulador2.mp4,ok,C:\KONECTA\OCR\dados_libras\dinamicos\Morar junto\public\public_0001.npy
Morar junto,Morar junto_Articulador3.mp4,ok,C:\KONECTA\OCR\dados_libras\dinamicos\Morar junto\public\public_0002.npy
Mordida (picada),Mordida (picada)_Articulador1.mp4,ok,C:\KONECTA\OCR\dados_libras\dinamicos\Mordida (picada)\public\public_0000.npy
Mordida (picada),Mordida (picada)_Articulador2.mp4,ok,C:\KONECTA\OCR\dados_libras\dinamicos\Mordida (picada)\public\public_0001.npy
Mordida (picada),Mordida (picada)_Articulador3.mp4,ok,C:\KONECTA\OCR\dados_libras\dinamicos\Mordida (picada)\public\public_0002.npy
Morrer (falecer),Morrer (falecer)_Articulador1.mp4,ok,C:\KONECTA\OCR\dados_libras\dinamicos\Morrer (falecer)\public\public_0000.npy
Morrer (falecer),Morrer (falecer)_Articulador2.mp4,ok,C:\KONECTA\OCR\dados_libras\dinamicos\Morrer (falecer)\public\public_0001.npy
Morrer (falecer),Morrer (falecer)_Articulador3.mp4,ok,C:\KONECTA\OCR\dados_libras\dinamicos\Morrer (falecer)\public\public_0002.npy
Motivar,Motivar_Articulador1.mp4,ok,C:\KONECTA\OCR\dados_libras\dinamicos\Motivar\public\public_0000.npy
Motivar,Motivar_Articulador2.mp4,ok,C:\KONECTA\OCR\dados_libras\dinamicos\Motivar\public\public_0001.npy
Motivar,Motivar_Articulador3.mp4,ok,C:\KONECTA\OCR\dados_libras\dinamicos\Motivar\public\public_0002.npy
Motivo,Motivo_Articulador1.mp4,ok,C:\KONECTA\OCR\dados_libras\dinamicos\Motivo\public\public_0000.npy
Motivo,Motivo_Articulador2.mp4,ok,C:\KONECTA\OCR\dados_libras\dinamicos\Motivo\public\public_0001.npy
Motivo,Motivo_Articulador3.mp4,ok,C:\KONECTA\OCR\dados_libras\dinamicos\Motivo\public\public_0002.npy
Motocicleta,Motocicleta_Articulador1.mp4,ok,C:\KONECTA\OCR\dados_libras\dinamicos\Motocicleta\public\public_0000.npy
Motocicleta,Motocicleta_Articulador2.mp4,ok,C:\KONECTA\OCR\dados_libras\dinamicos\Motocicleta\public\public_0001.npy
Motocicleta,Motocicleta_Articulador3.mp4,ok,C:\KONECTA\OCR\dados_libras\dinamicos\Motocicleta\public\public_0002.npy
Motor,Motor_Articulador1.mp4,ok,C:\KONECTA\OCR\dados_libras\dinamicos\Motor\public\public_0000.npy
Motor,Motor_Articulador2.mp4,ok,C:\KONECTA\OCR\dados_libras\dinamicos\Motor\public\public_0001.npy
Motor,Motor_Articulador3.mp4,ok,C:\KONECTA\OCR\dados_libras\dinamicos\Motor\public\public_0002.npy
Movimento,Movimento_Articulador1.mp4,ok,C:\KONECTA\OCR\dados_libras\dinamicos\Movimento\public\public_0000.npy
Movimento,Movimento_Articulador2.mp4,ok,C:\KONECTA\OCR\dados_libras\dinamicos\Movimento\public\public_0001.npy
Movimento,Movimento_Articulador3.mp4,ok,C:\KONECTA\OCR\dados_libras\dinamicos\Movimento\public\public_0002.npy
Mudar,Mudar_Articulador1.mp4,ok,C:\KONECTA\OCR\dados_libras\dinamicos\Mudar\public\public_0000.npy
Mudar,Mudar_Articulador2.mp4,ok,C:\KONECTA\OCR\dados_libras\dinamicos\Mudar\public\public_0001.npy
Mudar,Mudar_Articulador3.mp4,ok,C:\KONECTA\OCR\dados_libras\dinamicos\Mudar\public\public_0002.npy
Muito,Muito_Articulador1.mp4,ok,C:\KONECTA\OCR\dados_libras\dinamicos\Muito\public\public_0000.npy
Muito,Muito_Articulador2.mp4,ok,C:\KONECTA\OCR\dados_libras\dinamicos\Muito\public\public_0001.npy
Muito,Muito_Articulador3.mp4,ok,C:\KONECTA\OCR\dados_libras\dinamicos\Muito\public\public_0002.npy
Muito rápido,Muito rápido_Articulador1.mp4,ok,C:\KONECTA\OCR\dados_libras\dinamicos\Muito rápido\public\public_0000.npy
Muito rápido,Muito rápido_Articulador2.mp4,ok,C:\KONECTA\OCR\dados_libras\dinamicos\Muito rápido\public\public_0001.npy
Muito rápido,Muito rápido_Articulador3.mp4,ok,C:\KONECTA\OCR\dados_libras\dinamicos\Muito rápido\public\public_0002.npy
Muito tempo atrás,Muito tempo atrás_Articulador1.mp4,ok,C:\KONECTA\OCR\dados_libras\dinamicos\Muito tempo atrás\public\public_0000.npy
Muito tempo atrás,Muito tempo atrás_Articulador2.mp4,ok,C:\KONECTA\OCR\dados_libras\dinamicos\Muito tempo atrás\public\public_0001.npy
Muito tempo atrás,Muito tempo atrás_Articulador3.mp4,ok,C:\KONECTA\OCR\dados_libras\dinamicos\Muito tempo atrás\public\public_0002.npy
Mulher,Mulher_Articulador1.mp4,ok,C:\KONECTA\OCR\dados_libras\dinamicos\Mulher\public\public_0000.npy
Mulher,Mulher_Articulador2.mp4,ok,C:\KONECTA\OCR\dados_libras\dinamicos\Mulher\public\public_0001.npy
Mulher,Mulher_Articulador3.mp4,ok,C:\KONECTA\OCR\dados_libras\dinamicos\Mulher\public\public_0002.npy
Mundo,Mundo_Articulador1.mp4,ok,C:\KONECTA\OCR\dados_libras\dinamicos\Mundo\public\public_0000.npy
Mundo,Mundo_Articulador2.mp4,ok,C:\KONECTA\OCR\dados_libras\dinamicos\Mundo\public\public_0001.npy
Mundo,Mundo_Articulador3.mp4,ok,C:\KONECTA\OCR\dados_libras\dinamicos\Mundo\public\public_0002.npy
Museu,Museu_Articulador1.mp4,ok,C:\KONECTA\OCR\dados_libras\dinamicos\Museu\public\public_0000.npy
Museu,Museu_Articulador2.mp4,ok,C:\KONECTA\OCR\dados_libras\dinamicos\Museu\public\public_0001.npy
Museu,Museu_Articulador3.mp4,ok,C:\KONECTA\OCR\dados_libras\dinamicos\Museu\public\public_0002.npy
Máquina,Máquina_Articulador1.mp4,ok,C:\KONECTA\OCR\dados_libras\dinamicos\Máquina\public\public_0000.npy
Máquina,Máquina_Articulador2.mp4,ok,C:\KONECTA\OCR\dados_libras\dinamicos\Máquina\public\public_0001.npy
Máquina,Máquina_Articulador3.mp4,ok,C:\KONECTA\OCR\dados_libras\dinamicos\Máquina\public\public_0002.npy
Máquina de lavar,Máquina de lavar_Articulador1.mp4,ok,C:\KONECTA\OCR\dados_libras\dinamicos\Máquina de lavar\public\public_0000.npy
Máquina de lavar,Máquina de lavar_Articulador2.mp4,ok,C:\KONECTA\OCR\dados_libras\dinamicos\Máquina de lavar\public\public_0001.npy
Máquina de lavar,Máquina de lavar_Articulador3.mp4,ok,C:\KONECTA\OCR\dados_libras\dinamicos\Máquina de lavar\public\public_0002.npy
Máscara,Máscara_Articulador1.mp4,ok,C:\KONECTA\OCR\dados_libras\dinamicos\Máscara\public\public_0000.npy
Máscara,Máscara_Articulador2.mp4,ok,C:\KONECTA\OCR\dados_libras\dinamicos\Máscara\public\public_0001.npy
Máscara,Máscara_Articulador3.mp4,ok,C:\KONECTA\OCR\dados_libras\dinamicos\Máscara\public\public_0002.npy
Máximo,Máximo_Articulador1.mp4,ok,C:\KONECTA\OCR\dados_libras\dinamicos\Máximo\public\public_0000.npy
Máximo,Máximo_Articulador2.mp4,ok,C:\KONECTA\OCR\dados_libras\dinamicos\Máximo\public\public_0001.npy
Máximo,Máximo_Articulador3.mp4,ok,C:\KONECTA\OCR\dados_libras\dinamicos\Máximo\public\public_0002.npy
Mãe,Mãe_Articulador1.mp4,ok,C:\KONECTA\OCR\dados_libras\dinamicos\Mãe\public\public_0000.npy
Mãe,Mãe_Articulador2.mp4,ok,C:\KONECTA\OCR\dados_libras\dinamicos\Mãe\public\public_0001.npy
Mãe,Mãe_Articulador3.mp4,ok,C:\KONECTA\OCR\dados_libras\dinamicos\Mãe\public\public_0002.npy
Mãos,Mãos_Articulador1.mp4,ok,C:\KONECTA\OCR\dados_libras\dinamicos\Mãos\public\public_0000.npy
Mãos,Mãos_Articulador2.mp4,ok,C:\KONECTA\OCR\dados_libras\dinamicos\Mãos\public\public_0001.npy
Mãos,Mãos_Articulador3.mp4,ok,C:\KONECTA\OCR\dados_libras\dinamicos\Mãos\public\public_0002.npy
Médico (doutor),Médico (doutor)_Articulador1.mp4,ok,C:\KONECTA\OCR\dados_libras\dinamicos\Médico (doutor)\public\public_0000.npy
Médico (doutor),Médico (doutor)_Articulador2.mp4,ok,C:\KONECTA\OCR\dados_libras\dinamicos\Médico (doutor)\public\public_0001.npy
Médico (doutor),Médico (doutor)_Articulador3.mp4,ok,C:\KONECTA\OCR\dados_libras\dinamicos\Médico (doutor)\public\public_0002.npy
Música,Música_Articulador1.mp4,ok,C:\KONECTA\OCR\dados_libras\dinamicos\Música\public\public_0000.npy
Música,Música_Articulador2.mp4,ok,C:\KONECTA\OCR\dados_libras\dinamicos\Música\public\public_0001.npy
Música,Música_Articulador3.mp4,ok,C:\KONECTA\OCR\dados_libras\dinamicos\Música\public\public_0002.npy
Nada,Nada_Articulador1.mp4,ok,C:\KONECTA\OCR\dados_libras\dinamicos\Nada\public\public_0000.npy
Nada,Nada_Articulador2.mp4,ok,C:\KONECTA\OCR\dados_libras\dinamicos\Nada\public\public_0001.npy
Nada,Nada_Articulador3.mp4,ok,C:\KONECTA\OCR\dados_libras\dinamicos\Nada\public\public_0002.npy
Nadar,Nadar_Articulador1.mp4,ok,C:\KONECTA\OCR\dados_libras\dinamicos\Nadar\public\public_0000.npy
Nadar,Nadar_Articulador2.mp4,ok,C:\KONECTA\OCR\dados_libras\dinamicos\Nadar\public\public_0001.npy
Nadar,Nadar_Articulador3.mp4,ok,C:\KONECTA\OCR\dados_libras\dinamicos\Nadar\public\public_0002.npy
Namorar,Namorar_Articulador1.mp4,ok,C:\KONECTA\OCR\dados_libras\dinamicos\Namorar\public\public_0000.npy
Namorar,Namorar_Articulador2.mp4,ok,C:\KONECTA\OCR\dados_libras\dinamicos\Namorar\public\public_0001.npy
Namorar,Namorar_Articulador3.mp4,ok,C:\KONECTA\OCR\dados_libras\dinamicos\Namorar\public\public_0002.npy
Nariz,Nariz_Articulador1.mp4,ok,C:\KONECTA\OCR\dados_libras\dinamicos\Nariz\public\public_0000.npy
Nariz,Nariz_Articulador2.mp4,ok,C:\KONECTA\OCR\dados_libras\dinamicos\Nariz\public\public_0001.npy
Nariz,Nariz_Articulador3.mp4,ok,C:\KONECTA\OCR\dados_libras\dinamicos\Nariz\public\public_0002.npy
Nariz escorrendo,Nariz escorrendo_Articulador1.mp4,ok,C:\KONECTA\OCR\dados_libras\dinamicos\Nariz escorrendo\public\public_0000.npy
Nariz escorrendo,Nariz escorrendo_Articulador2.mp4,ok,C:\KONECTA\OCR\dados_libras\dinamicos\Nariz escorrendo\public\public_0001.npy
Nariz escorrendo,Nariz escorrendo_Articulador3.mp4,ok,C:\KONECTA\OCR\dados_libras\dinamicos\Nariz escorrendo\public\public_0002.npy
Nascer,Nascer_Articulador1.mp4,ok,C:\KONECTA\OCR\dados_libras\dinamicos\Nascer\public\public_0000.npy
Nascer,Nascer_Articulador2.mp4,ok,C:\KONECTA\OCR\dados_libras\dinamicos\Nascer\public\public_0001.npy
Nascer,Nascer_Articulador3.mp4,ok,C:\KONECTA\OCR\dados_libras\dinamicos\Nascer\public\public_0002.npy
Nascer do sol,Nascer do sol_Articulador1.mp4,ok,C:\KONECTA\OCR\dados_libras\dinamicos\Nascer do sol\public\public_0000.npy
Nascer do sol,Nascer do sol_Articulador2.mp4,ok,C:\KONECTA\OCR\dados_libras\dinamicos\Nascer do sol\public\public_0001.npy
Nascer do sol,Nascer do sol_Articulador3.mp4,ok,C:\KONECTA\OCR\dados_libras\dinamicos\Nascer do sol\public\public_0002.npy
Natal,Natal_Articulador1.mp4,ok,C:\KONECTA\OCR\dados_libras\dinamicos\Natal\public\public_0000.npy
Natal,Natal_Articulador2.mp4,ok,C:\KONECTA\OCR\dados_libras\dinamicos\Natal\public\public_0001.npy
Natal,Natal_Articulador3.mp4,ok,C:\KONECTA\OCR\dados_libras\dinamicos\Natal\public\public_0002.npy
Nativo,Nativo_Articulador1.mp4,ok,C:\KONECTA\OCR\dados_libras\dinamicos\Nativo\public\public_0000.npy
Nativo,Nativo_Articulador2.mp4,ok,C:\KONECTA\OCR\dados_libras\dinamicos\Nativo\public\public_0001.npy
Nativo,Nativo_Articulador3.mp4,ok,C:\KONECTA\OCR\dados_libras\dinamicos\Nativo\public\public_0002.npy
Necessário,Necessário_Articulador1.mp4,ok,C:\KONECTA\OCR\dados_libras\dinamicos\Necessário\public\public_0000.npy
Necessário,Necessário_Articulador2.mp4,ok,C:\KONECTA\OCR\dados_libras\dinamicos\Necessário\public\public_0001.npy
Necessário,Necessário_Articulador3.mp4,ok,C:\KONECTA\OCR\dados_libras\dinamicos\Necessário\public\public_0002.npy
Negativo,Negativo_Articulador1.mp4,ok,C:\KONECTA\OCR\dados_libras\dinamicos\Negativo\public\public_0000.npy
Negativo,Negativo_Articulador2.mp4,ok,C:\KONECTA\OCR\dados_libras\dinamicos\Negativo\public\public_0001.npy
Negativo,Negativo_Articulador3.mp4,ok,C:\KONECTA\OCR\dados_libras\dinamicos\Negativo\public\public_0002.npy
Negligenciar,Negligenciar_Articulador1.mp4,ok,C:\KONECTA\OCR\dados_libras\dinamicos\Negligenciar\public\public_0000.npy
Negligenciar,Negligenciar_Articulador2.mp4,ok,C:\KONECTA\OCR\dados_libras\dinamicos\Negligenciar\public\public_0001.npy
Negligenciar,Negligenciar_Articulador3.mp4,ok,C:\KONECTA\OCR\dados_libras\dinamicos\Negligenciar\public\public_0002.npy
Negligente,Negligente_Articulador1.mp4,ok,C:\KONECTA\OCR\dados_libras\dinamicos\Negligente\public\public_0000.npy
Negligente,Negligente_Articulador2.mp4,ok,C:\KONECTA\OCR\dados_libras\dinamicos\Negligente\public\public_0001.npy
Negligente,Negligente_Articulador3.mp4,ok,C:\KONECTA\OCR\dados_libras\dinamicos\Negligente\public\public_0002.npy
Nervoso,Nervoso_Articulador1.mp4,ok,C:\KONECTA\OCR\dados_libras\dinamicos\Nervoso\public\public_0000.npy
Nervoso,Nervoso_Articulador2.mp4,ok,C:\KONECTA\OCR\dados_libras\dinamicos\Nervoso\public\public_0001.npy
Nervoso,Nervoso_Articulador3.mp4,ok,C:\KONECTA\OCR\dados_libras\dinamicos\Nervoso\public\public_0002.npy
Noite,Noite_Articulador1.mp4,ok,C:\KONECTA\OCR\dados_libras\dinamicos\Noite\public\public_0000.npy
Noite,Noite_Articulador2.mp4,ok,C:\KONECTA\OCR\dados_libras\dinamicos\Noite\public\public_0001.npy
Noite,Noite_Articulador3.mp4,ok,C:\KONECTA\OCR\dados_libras\dinamicos\Noite\public\public_0002.npy
Nome,Nome_Articulador1.mp4,ok,C:\KONECTA\OCR\dados_libras\dinamicos\Nome\public\public_0000.npy
Nome,Nome_Articulador2.mp4,ok,C:\KONECTA\OCR\dados_libras\dinamicos\Nome\public\public_0001.npy
Nome,Nome_Articulador3.mp4,ok,C:\KONECTA\OCR\dados_libras\dinamicos\Nome\public\public_0002.npy
Nomear,Nomear_Articulador1.mp4,ok,C:\KONECTA\OCR\dados_libras\dinamicos\Nomear\public\public_0000.npy
Nomear,Nomear_Articulador2.mp4,ok,C:\KONECTA\OCR\dados_libras\dinamicos\Nomear\public\public_0001.npy
Nomear,Nomear_Articulador3.mp4,ok,C:\KONECTA\OCR\dados_libras\dinamicos\Nomear\public\public_0002.npy
Norte,Norte_Articulador1.mp4,ok,C:\KONECTA\OCR\dados_libras\dinamicos\Norte\public\public_0000.npy
Norte,Norte_Articulador2.mp4,ok,C:\KONECTA\OCR\dados_libras\dinamicos\Norte\public\public_0001.npy
Norte,Norte_Articulador3.mp4,ok,C:\KONECTA\OCR\dados_libras\dinamicos\Norte\public\public_0002.npy
Nove,Nove_Articulador1.mp4,ok,C:\KONECTA\OCR\dados_libras\dinamicos\Nove\public\public_0000.npy
Nove,Nove_Articulador2.mp4,ok,C:\KONECTA\OCR\dados_libras\dinamicos\Nove\public\public_0001.npy
Nove,Nove_Articulador3.mp4,ok,C:\KONECTA\OCR\dados_libras\dinamicos\Nove\public\public_0002.npy
Novo,Novo_Articulador1.mp4,ok,C:\KONECTA\OCR\dados_libras\dinamicos\Novo\public\public_0000.npy
Novo,Novo_Articulador2.mp4,ok,C:\KONECTA\OCR\dados_libras\dinamicos\Novo\public\public_0001.npy
Novo,Novo_Articulador3.mp4,ok,C:\KONECTA\OCR\dados_libras\dinamicos\Novo\public\public_0002.npy
Nu,Nu_Articulador1.mp4,ok,C:\KONECTA\OCR\dados_libras\dinamicos\Nu\public\public_0000.npy
Nu,Nu_Articulador2.mp4,ok,C:\KONECTA\OCR\dados_libras\dinamicos\Nu\public\public_0001.npy
Nu,Nu_Articulador3.mp4,ok,C:\KONECTA\OCR\dados_libras\dinamicos\Nu\public\public_0002.npy
Nunca,Nunca_Articulador1.mp4,ok,C:\KONECTA\OCR\dados_libras\dinamicos\Nunca\public\public_0000.npy
Nunca,Nunca_Articulador2.mp4,ok,C:\KONECTA\OCR\dados_libras\dinamicos\Nunca\public\public_0001.npy
Nunca,Nunca_Articulador3.mp4,ok,C:\KONECTA\OCR\dados_libras\dinamicos\Nunca\public\public_0002.npy
Nuvem de chuva,Nuvem de chuva_Articulador1.mp4,ok,C:\KONECTA\OCR\dados_libras\dinamicos\Nuvem de chuva\public\public_0000.npy
Nuvem de chuva,Nuvem de chuva_Articulador2.mp4,ok,C:\KONECTA\OCR\dados_libras\dinamicos\Nuvem de chuva\public\public_0001.npy
Nuvem de chuva,Nuvem de chuva_Articulador3.mp4,ok,C:\KONECTA\OCR\dados_libras\dinamicos\Nuvem de chuva\public\public_0002.npy
Não,Não_Articulador1.mp4,ok,C:\KONECTA\OCR\dados_libras\dinamicos\Não\public\public_0000.npy
Não,Não_Articulador2.mp4,ok,C:\KONECTA\OCR\dados_libras\dinamicos\Não\public\public_0001.npy
Não,Não_Articulador3.mp4,ok,C:\KONECTA\OCR\dados_libras\dinamicos\Não\public\public_0002.npy
Não poder,Não poder_Articulador1.mp4,ok,C:\KONECTA\OCR\dados_libras\dinamicos\Não poder\public\public_0000.npy
Não poder,Não poder_Articulador2.mp4,ok,C:\KONECTA\OCR\dados_libras\dinamicos\Não poder\public\public_0001.npy
Não poder,Não poder_Articulador3.mp4,ok,C:\KONECTA\OCR\dados_libras\dinamicos\Não poder\public\public_0002.npy
Não é problema meu,Não é problema meu_Articulador1.mp4,ok,C:\KONECTA\OCR\dados_libras\dinamicos\Não é problema meu\public\public_0000.npy
Não é problema meu,Não é problema meu_Articulador2.mp4,ok,C:\KONECTA\OCR\dados_libras\dinamicos\Não é problema meu\public\public_0001.npy
Não é problema meu,Não é problema meu_Articulador3.mp4,ok,C:\KONECTA\OCR\dados_libras\dinamicos\Não é problema meu\public\public_0002.npy
Número,Número_Articulador1.mp4,ok,C:\KONECTA\OCR\dados_libras\dinamicos\Número\public\public_0000.npy
Número,Número_Articulador2.mp4,ok,C:\KONECTA\OCR\dados_libras\dinamicos\Número\public\public_0001.npy
Número,Número_Articulador3.mp4,ok,C:\KONECTA\OCR\dados_libras\dinamicos\Número\public\public_0002.npy
O dia todo,O dia todo_Articulador1.mp4,ok,C:\KONECTA\OCR\dados_libras\dinamicos\O dia todo\public\public_0000.npy
O dia todo,O dia todo_Articulador2.mp4,ok,C:\KONECTA\OCR\dados_libras\dinamicos\O dia todo\public\public_0001.npy
O dia todo,O dia todo_Articulador3.mp4,ok,C:\KONECTA\OCR\dados_libras\dinamicos\O dia todo\public\public_0002.npy
O quê,O quê_Articulador1.mp4,ok,C:\KONECTA\OCR\dados_libras\dinamicos\O quê\public\public_0000.npy
O quê,O quê_Articulador2.mp4,ok,C:\KONECTA\OCR\dados_libras\dinamicos\O quê\public\public_0001.npy
O quê,O quê_Articulador3.mp4,ok,C:\KONECTA\OCR\dados_libras\dinamicos\O quê\public\public_0002.npy
Obeso,Obeso_Articulador1.mp4,ok,C:\KONECTA\OCR\dados_libras\dinamicos\Obeso\public\public_0000.npy
Obeso,Obeso_Articulador2.mp4,ok,C:\KONECTA\OCR\dados_libras\dinamicos\Obeso\public\public_0001.npy
Obeso,Obeso_Articulador3.mp4,ok,C:\KONECTA\OCR\dados_libras\dinamicos\Obeso\public\public_0002.npy
Objetivo,Objetivo_Articulador1.mp4,ok,C:\KONECTA\OCR\dados_libras\dinamicos\Objetivo\public\public_0000.npy
Objetivo,Objetivo_Articulador2.mp4,ok,C:\KONECTA\OCR\dados_libras\dinamicos\Objetivo\public\public_0001.npy
Objetivo,Objetivo_Articulador3.mp4,ok,C:\KONECTA\OCR\dados_libras\dinamicos\Objetivo\public\public_0002.npy
Obrigado,Obrigado_Articulador1.mp4,ok,C:\KONECTA\OCR\dados_libras\dinamicos\Obrigado\public\public_0000.npy
Obrigado,Obrigado_Articulador2.mp4,ok,C:\KONECTA\OCR\dados_libras\dinamicos\Obrigado\public\public_0001.npy
Obrigado,Obrigado_Articulador3.mp4,ok,C:\KONECTA\OCR\dados_libras\dinamicos\Obrigado\public\public_0002.npy
Obrigação,Obrigação_Articulador1.mp4,ok,C:\KONECTA\OCR\dados_libras\dinamicos\Obrigação\public\public_0000.npy
Obrigação,Obrigação_Articulador2.mp4,ok,C:\KONECTA\OCR\dados_libras\dinamicos\Obrigação\public\public_0001.npy
Obrigação,Obrigação_Articulador3.mp4,ok,C:\KONECTA\OCR\dados_libras\dinamicos\Obrigação\public\public_0002.npy
Obscuro,Obscuro_Articulador1.mp4,ok,C:\KONECTA\OCR\dados_libras\dinamicos\Obscuro\public\public_0000.npy
Obscuro,Obscuro_Articulador2.mp4,ok,C:\KONECTA\OCR\dados_libras\dinamicos\Obscuro\public\public_0001.npy
Obscuro,Obscuro_Articulador3.mp4,ok,C:\KONECTA\OCR\dados_libras\dinamicos\Obscuro\public\public_0002.npy
Observar,Observar_Articulador1.mp4,ok,C:\KONECTA\OCR\dados_libras\dinamicos\Observar\public\public_0000.npy
Observar,Observar_Articulador2.mp4,ok,C:\KONECTA\OCR\dados_libras\dinamicos\Observar\public\public_0001.npy
Observar,Observar_Articulador3.mp4,ok,C:\KONECTA\OCR\dados_libras\dinamicos\Observar\public\public_0002.npy
Ocupado,Ocupado_Articulador1.mp4,ok,C:\KONECTA\OCR\dados_libras\dinamicos\Ocupado\public\public_0000.npy
Ocupado,Ocupado_Articulador2.mp4,ok,C:\KONECTA\OCR\dados_libras\dinamicos\Ocupado\public\public_0001.npy
Ocupado,Ocupado_Articulador3.mp4,ok,C:\KONECTA\OCR\dados_libras\dinamicos\Ocupado\public\public_0002.npy
Oeste,Oeste_Articulador1.mp4,ok,C:\KONECTA\OCR\dados_libras\dinamicos\Oeste\public\public_0000.npy
Oeste,Oeste_Articulador2.mp4,ok,C:\KONECTA\OCR\dados_libras\dinamicos\Oeste\public\public_0001.npy
Oeste,Oeste_Articulador3.mp4,ok,C:\KONECTA\OCR\dados_libras\dinamicos\Oeste\public\public_0002.npy
Oficina,Oficina_Articulador1.mp4,ok,C:\KONECTA\OCR\dados_libras\dinamicos\Oficina\public\public_0000.npy
Oficina,Oficina_Articulador2.mp4,ok,C:\KONECTA\OCR\dados_libras\dinamicos\Oficina\public\public_0001.npy
Oficina,Oficina_Articulador3.mp4,ok,C:\KONECTA\OCR\dados_libras\dinamicos\Oficina\public\public_0002.npy
Oi,Oi_Articulador1.mp4,ok,C:\KONECTA\OCR\dados_libras\dinamicos\Oi\public\public_0000.npy
Oi,Oi_Articulador2.mp4,ok,C:\KONECTA\OCR\dados_libras\dinamicos\Oi\public\public_0001.npy
Oi,Oi_Articulador3.mp4,ok,C:\KONECTA\OCR\dados_libras\dinamicos\Oi\public\public_0002.npy
Olho,Olho_Articulador1.mp4,ok,C:\KONECTA\OCR\dados_libras\dinamicos\Olho\public\public_0000.npy
Olho,Olho_Articulador2.mp4,ok,C:\KONECTA\OCR\dados_libras\dinamicos\Olho\public\public_0001.npy
Olho,Olho_Articulador3.mp4,ok,C:\KONECTA\OCR\dados_libras\dinamicos\Olho\public\public_0002.npy
Onde,Onde_Articulador1.mp4,ok,C:\KONECTA\OCR\dados_libras\dinamicos\Onde\public\public_0000.npy
Onde,Onde_Articulador2.mp4,ok,C:\KONECTA\OCR\dados_libras\dinamicos\Onde\public\public_0001.npy
Onde,Onde_Articulador3.mp4,ok,C:\KONECTA\OCR\dados_libras\dinamicos\Onde\public\public_0002.npy
Ondulação,Ondulação_Articulador1.mp4,ok,C:\KONECTA\OCR\dados_libras\dinamicos\Ondulação\public\public_0000.npy
Ondulação,Ondulação_Articulador2.mp4,ok,C:\KONECTA\OCR\dados_libras\dinamicos\Ondulação\public\public_0001.npy
Ondulação,Ondulação_Articulador3.mp4,ok,C:\KONECTA\OCR\dados_libras\dinamicos\Ondulação\public\public_0002.npy
Ontem,Ontem_Articulador1.mp4,ok,C:\KONECTA\OCR\dados_libras\dinamicos\Ontem\public\public_0000.npy
Ontem,Ontem_Articulador2.mp4,ok,C:\KONECTA\OCR\dados_libras\dinamicos\Ontem\public\public_0001.npy
Ontem,Ontem_Articulador3.mp4,ok,C:\KONECTA\OCR\dados_libras\dinamicos\Ontem\public\public_0002.npy
Opinião,Opinião_Articulador1.mp4,ok,C:\KONECTA\OCR\dados_libras\dinamicos\Opinião\public\public_0000.npy
Opinião,Opinião_Articulador2.mp4,ok,C:\KONECTA\OCR\dados_libras\dinamicos\Opinião\public\public_0001.npy
Opinião,Opinião_Articulador3.mp4,ok,C:\KONECTA\OCR\dados_libras\dinamicos\Opinião\public\public_0002.npy
Opção,Opção_Articulador1.mp4,ok,C:\KONECTA\OCR\dados_libras\dinamicos\Opção\public\public_0000.npy
Opção,Opção_Articulador2.mp4,ok,C:\KONECTA\OCR\dados_libras\dinamicos\Opção\public\public_0001.npy
Opção,Opção_Articulador3.mp4,ok,C:\KONECTA\OCR\dados_libras\dinamicos\Opção\public\public_0002.npy
Orar,Orar_Articulador1.mp4,ok,C:\KONECTA\OCR\dados_libras\dinamicos\Orar\public\public_0000.npy
Orar,Orar_Articulador2.mp4,ok,C:\KONECTA\OCR\dados_libras\dinamicos\Orar\public\public_0001.npy
Orar,Orar_Articulador3.mp4,ok,C:\KONECTA\OCR\dados_libras\dinamicos\Orar\public\public_0002.npy
Organização,Organização_Articulador1.mp4,ok,C:\KONECTA\OCR\dados_libras\dinamicos\Organização\public\public_0000.npy
Organização,Organização_Articulador2.mp4,ok,C:\KONECTA\OCR\dados_libras\dinamicos\Organização\public\public_0001.npy
Organização,Organização_Articulador3.mp4,ok,C:\KONECTA\OCR\dados_libras\dinamicos\Organização\public\public_0002.npy
Orgulhoso,Orgulhoso_Articulador1.mp4,ok,C:\KONECTA\OCR\dados_libras\dinamicos\Orgulhoso\public\public_0000.npy
Orgulhoso,Orgulhoso_Articulador2.mp4,ok,C:\KONECTA\OCR\dados_libras\dinamicos\Orgulhoso\public\public_0001.npy
Orgulhoso,Orgulhoso_Articulador3.mp4,ok,C:\KONECTA\OCR\dados_libras\dinamicos\Orgulhoso\public\public_0002.npy
Orientar,Orientar_Articulador1.mp4,ok,C:\KONECTA\OCR\dados_libras\dinamicos\Orientar\public\public_0000.npy
Orientar,Orientar_Articulador2.mp4,ok,C:\KONECTA\OCR\dados_libras\dinamicos\Orientar\public\public_0001.npy
Orientar,Orientar_Articulador3.mp4,ok,C:\KONECTA\OCR\dados_libras\dinamicos\Orientar\public\public_0002.npy
Osso,Osso_Articulador1.mp4,ok,C:\KONECTA\OCR\dados_libras\dinamicos\Osso\public\public_0000.npy
Osso,Osso_Articulador2.mp4,ok,C:\KONECTA\OCR\dados_libras\dinamicos\Osso\public\public_0001.npy
Osso,Osso_Articulador3.mp4,ok,C:\KONECTA\OCR\dados_libras\dinamicos\Osso\public\public_0002.npy
Outro,Outro_Articulador1.mp4,ok,C:\KONECTA\OCR\dados_libras\dinamicos\Outro\public\public_0000.npy
Outro,Outro_Articulador2.mp4,ok,C:\KONECTA\OCR\dados_libras\dinamicos\Outro\public\public_0001.npy
Outro,Outro_Articulador3.mp4,ok,C:\KONECTA\OCR\dados_libras\dinamicos\Outro\public\public_0002.npy
Ouvir,Ouvir_Articulador1.mp4,ok,C:\KONECTA\OCR\dados_libras\dinamicos\Ouvir\public\public_0000.npy
Ouvir,Ouvir_Articulador2.mp4,ok,C:\KONECTA\OCR\dados_libras\dinamicos\Ouvir\public\public_0001.npy
Ouvir,Ouvir_Articulador3.mp4,ok,C:\KONECTA\OCR\dados_libras\dinamicos\Ouvir\public\public_0002.npy
Ovelha,Ovelha_Articulador1.mp4,ok,C:\KONECTA\OCR\dados_libras\dinamicos\Ovelha\public\public_0000.npy
Ovelha,Ovelha_Articulador2.mp4,ok,C:\KONECTA\OCR\dados_libras\dinamicos\Ovelha\public\public_0001.npy
Ovelha,Ovelha_Articulador3.mp4,ok,C:\KONECTA\OCR\dados_libras\dinamicos\Ovelha\public\public_0002.npy
Paciente (conformado),Paciente (conformado)_Articulador1.mp4,ok,C:\KONECTA\OCR\dados_libras\dinamicos\Paciente (conformado)\public\public_0000.npy
Paciente (conformado),Paciente (conformado)_Articulador2.mp4,ok,C:\KONECTA\OCR\dados_libras\dinamicos\Paciente (conformado)\public\public_0001.npy
Paciente (conformado),Paciente (conformado)_Articulador3.mp4,ok,C:\KONECTA\OCR\dados_libras\dinamicos\Paciente (conformado)\public\public_0002.npy
Pagamento,Pagamento_Articulador1.mp4,ok,C:\KONECTA\OCR\dados_libras\dinamicos\Pagamento\public\public_0000.npy
Pagamento,Pagamento_Articulador2.mp4,ok,C:\KONECTA\OCR\dados_libras\dinamicos\Pagamento\public\public_0001.npy
Pagamento,Pagamento_Articulador3.mp4,ok,C:\KONECTA\OCR\dados_libras\dinamicos\Pagamento\public\public_0002.npy
Pagar,Pagar_Articulador1.mp4,ok,C:\KONECTA\OCR\dados_libras\dinamicos\Pagar\public\public_0000.npy
Pagar,Pagar_Articulador2.mp4,ok,C:\KONECTA\OCR\dados_libras\dinamicos\Pagar\public\public_0001.npy
Pagar,Pagar_Articulador3.mp4,ok,C:\KONECTA\OCR\dados_libras\dinamicos\Pagar\public\public_0002.npy
Pai,Pai_Articulador1.mp4,ok,C:\KONECTA\OCR\dados_libras\dinamicos\Pai\public\public_0000.npy
Pai,Pai_Articulador2.mp4,ok,C:\KONECTA\OCR\dados_libras\dinamicos\Pai\public\public_0001.npy
Pai,Pai_Articulador3.mp4,ok,C:\KONECTA\OCR\dados_libras\dinamicos\Pai\public\public_0002.npy
Paixão,Paixão_Articulador1.mp4,ok,C:\KONECTA\OCR\dados_libras\dinamicos\Paixão\public\public_0000.npy
Paixão,Paixão_Articulador2.mp4,ok,C:\KONECTA\OCR\dados_libras\dinamicos\Paixão\public\public_0001.npy
Paixão,Paixão_Articulador3.mp4,ok,C:\KONECTA\OCR\dados_libras\dinamicos\Paixão\public\public_0002.npy
Palestra,Palestra_Articulador1.mp4,ok,C:\KONECTA\OCR\dados_libras\dinamicos\Palestra\public\public_0000.npy
Palestra,Palestra_Articulador2.mp4,ok,C:\KONECTA\OCR\dados_libras\dinamicos\Palestra\public\public_0001.npy
Palestra,Palestra_Articulador3.mp4,ok,C:\KONECTA\OCR\dados_libras\dinamicos\Palestra\public\public_0002.npy
Palmada,Palmada_Articulador1.mp4,ok,C:\KONECTA\OCR\dados_libras\dinamicos\Palmada\public\public_0000.npy
Palmada,Palmada_Articulador2.mp4,ok,C:\KONECTA\OCR\dados_libras\dinamicos\Palmada\public\public_0001.npy
Palmada,Palmada_Articulador3.mp4,ok,C:\KONECTA\OCR\dados_libras\dinamicos\Palmada\public\public_0002.npy
Papel,Papel_Articulador1.mp4,ok,C:\KONECTA\OCR\dados_libras\dinamicos\Papel\public\public_0000.npy
Papel,Papel_Articulador2.mp4,ok,C:\KONECTA\OCR\dados_libras\dinamicos\Papel\public\public_0001.npy
Papel,Papel_Articulador3.mp4,ok,C:\KONECTA\OCR\dados_libras\dinamicos\Papel\public\public_0002.npy
Para baixo,Para baixo_Articulador1.mp4,ok,C:\KONECTA\OCR\dados_libras\dinamicos\Para baixo\public\public_0000.npy
Para baixo,Para baixo_Articulador2.mp4,ok,C:\KONECTA\OCR\dados_libras\dinamicos\Para baixo\public\public_0001.npy
Para baixo,Para baixo_Articulador3.mp4,ok,C:\KONECTA\OCR\dados_libras\dinamicos\Para baixo\public\public_0002.npy
Para sempre,Para sempre_Articulador1.mp4,ok,C:\KONECTA\OCR\dados_libras\dinamicos\Para sempre\public\public_0000.npy
Para sempre,Para sempre_Articulador2.mp4,ok,C:\KONECTA\OCR\dados_libras\dinamicos\Para sempre\public\public_0001.npy
Para sempre,Para sempre_Articulador3.mp4,ok,C:\KONECTA\OCR\dados_libras\dinamicos\Para sempre\public\public_0002.npy
Parabéns,Parabéns_Articulador1.mp4,ok,C:\KONECTA\OCR\dados_libras\dinamicos\Parabéns\public\public_0000.npy
Parabéns,Parabéns_Articulador2.mp4,ok,C:\KONECTA\OCR\dados_libras\dinamicos\Parabéns\public\public_0001.npy
Parabéns,Parabéns_Articulador3.mp4,ok,C:\KONECTA\OCR\dados_libras\dinamicos\Parabéns\public\public_0002.npy
Paralelo,Paralelo_Articulador1.mp4,ok,C:\KONECTA\OCR\dados_libras\dinamicos\Paralelo\public\public_0000.npy
Paralelo,Paralelo_Articulador2.mp4,ok,C:\KONECTA\OCR\dados_libras\dinamicos\Paralelo\public\public_0001.npy
Paralelo,Paralelo_Articulador3.mp4,ok,C:\KONECTA\OCR\dados_libras\dinamicos\Paralelo\public\public_0002.npy
Paranóia,Paranóia_Articulador1.mp4,ok,C:\KONECTA\OCR\dados_libras\dinamicos\Paranóia\public\public_0000.npy
Paranóia,Paranóia_Articulador2.mp4,ok,C:\KONECTA\OCR\dados_libras\dinamicos\Paranóia\public\public_0001.npy
Paranóia,Paranóia_Articulador3.mp4,ok,C:\KONECTA\OCR\dados_libras\dinamicos\Paranóia\public\public_0002.npy
Parar,Parar_Articulador1.mp4,ok,C:\KONECTA\OCR\dados_libras\dinamicos\Parar\public\public_0000.npy
Parar,Parar_Articulador2.mp4,ok,C:\KONECTA\OCR\dados_libras\dinamicos\Parar\public\public_0001.npy
Parar,Parar_Articulador3.mp4,ok,C:\KONECTA\OCR\dados_libras\dinamicos\Parar\public\public_0002.npy
Parecer,Parecer_Articulador1.mp4,ok,C:\KONECTA\OCR\dados_libras\dinamicos\Parecer\public\public_0000.npy
Parecer,Parecer_Articulador2.mp4,ok,C:\KONECTA\OCR\dados_libras\dinamicos\Parecer\public\public_0001.npy
Parecer,Parecer_Articulador3.mp4,ok,C:\KONECTA\OCR\dados_libras\dinamicos\Parecer\public\public_0002.npy
Parede,Parede_Articulador1.mp4,ok,C:\KONECTA\OCR\dados_libras\dinamicos\Parede\public\public_0000.npy
Parede,Parede_Articulador2.mp4,ok,C:\KONECTA\OCR\dados_libras\dinamicos\Parede\public\public_0001.npy
Parede,Parede_Articulador3.mp4,ok,C:\KONECTA\OCR\dados_libras\dinamicos\Parede\public\public_0002.npy
Parentesco,Parentesco_Articulador1.mp4,ok,C:\KONECTA\OCR\dados_libras\dinamicos\Parentesco\public\public_0000.npy
Parentesco,Parentesco_Articulador2.mp4,ok,C:\KONECTA\OCR\dados_libras\dinamicos\Parentesco\public\public_0001.npy
Parentesco,Parentesco_Articulador3.mp4,ok,C:\KONECTA\OCR\dados_libras\dinamicos\Parentesco\public\public_0002.npy
Passado,Passado_Articulador1.mp4,ok,C:\KONECTA\OCR\dados_libras\dinamicos\Passado\public\public_0000.npy
Passado,Passado_Articulador2.mp4,ok,C:\KONECTA\OCR\dados_libras\dinamicos\Passado\public\public_0001.npy
Passado,Passado_Articulador3.mp4,ok,C:\KONECTA\OCR\dados_libras\dinamicos\Passado\public\public_0002.npy
Passar,Passar_Articulador1.mp4,ok,C:\KONECTA\OCR\dados_libras\dinamicos\Passar\public\public_0000.npy
Passar,Passar_Articulador2.mp4,ok,C:\KONECTA\OCR\dados_libras\dinamicos\Passar\public\public_0001.npy
Passar,Passar_Articulador3.mp4,ok,C:\KONECTA\OCR\dados_libras\dinamicos\Passar\public\public_0002.npy
Passeio,Passeio_Articulador1.mp4,ok,C:\KONECTA\OCR\dados_libras\dinamicos\Passeio\public\public_0000.npy
Passeio,Passeio_Articulador2.mp4,ok,C:\KONECTA\OCR\dados_libras\dinamicos\Passeio\public\public_0001.npy
Passeio,Passeio_Articulador3.mp4,ok,C:\KONECTA\OCR\dados_libras\dinamicos\Passeio\public\public_0002.npy
Passo,Passo_Articulador1.mp4,ok,C:\KONECTA\OCR\dados_libras\dinamicos\Passo\public\public_0000.npy
Passo,Passo_Articulador2.mp4,ok,C:\KONECTA\OCR\dados_libras\dinamicos\Passo\public\public_0001.npy
Passo,Passo_Articulador3.mp4,ok,C:\KONECTA\OCR\dados_libras\dinamicos\Passo\public\public_0002.npy
Patins,Patins_Articulador1.mp4,ok,C:\KONECTA\OCR\dados_libras\dinamicos\Patins\public\public_0000.npy
Patins,Patins_Articulador2.mp4,ok,C:\KONECTA\OCR\dados_libras\dinamicos\Patins\public\public_0001.npy
Patins,Patins_Articulador3.mp4,ok,C:\KONECTA\OCR\dados_libras\dinamicos\Patins\public\public_0002.npy
Pato,Pato_Articulador1.mp4,ok,C:\KONECTA\OCR\dados_libras\dinamicos\Pato\public\public_0000.npy
Pato,Pato_Articulador2.mp4,ok,C:\KONECTA\OCR\dados_libras\dinamicos\Pato\public\public_0001.npy
Pato,Pato_Articulador3.mp4,ok,C:\KONECTA\OCR\dados_libras\dinamicos\Pato\public\public_0002.npy
País,País_Articulador1.mp4,ok,C:\KONECTA\OCR\dados_libras\dinamicos\País\public\public_0000.npy
País,País_Articulador2.mp4,ok,C:\KONECTA\OCR\dados_libras\dinamicos\País\public\public_0001.npy
País,País_Articulador3.mp4,ok,C:\KONECTA\OCR\dados_libras\dinamicos\País\public\public_0002.npy
Pedir,Pedir_Articulador1.mp4,ok,C:\KONECTA\OCR\dados_libras\dinamicos\Pedir\public\public_0000.npy
Pedir,Pedir_Articulador2.mp4,ok,C:\KONECTA\OCR\dados_libras\dinamicos\Pedir\public\public_0001.npy
Pedir,Pedir_Articulador3.mp4,ok,C:\KONECTA\OCR\dados_libras\dinamicos\Pedir\public\public_0002.npy
Pedir algo emprestado,Pedir algo emprestado_Articulador1.mp4,ok,C:\KONECTA\OCR\dados_libras\dinamicos\Pedir algo emprestado\public\public_0000.npy
Pedir algo emprestado,Pedir algo emprestado_Articulador2.mp4,ok,C:\KONECTA\OCR\dados_libras\dinamicos\Pedir algo emprestado\public\public_0001.npy
Pedir algo emprestado,Pedir algo emprestado_Articulador3.mp4,ok,C:\KONECTA\OCR\dados_libras\dinamicos\Pedir algo emprestado\public\public_0002.npy
Pegar,Pegar_Articulador1.mp4,ok,C:\KONECTA\OCR\dados_libras\dinamicos\Pegar\public\public_0000.npy
Pegar,Pegar_Articulador2.mp4,ok,C:\KONECTA\OCR\dados_libras\dinamicos\Pegar\public\public_0001.npy
Pegar,Pegar_Articulador3.mp4,ok,C:\KONECTA\OCR\dados_libras\dinamicos\Pegar\public\public_0002.npy
Peixe,Peixe_Articulador1.mp4,ok,C:\KONECTA\OCR\dados_libras\dinamicos\Peixe\public\public_0000.npy
Peixe,Peixe_Articulador2.mp4,ok,C:\KONECTA\OCR\dados_libras\dinamicos\Peixe\public\public_0001.npy
Peixe,Peixe_Articulador3.mp4,ok,C:\KONECTA\OCR\dados_libras\dinamicos\Peixe\public\public_0002.npy
Pele,Pele_Articulador1.mp4,ok,C:\KONECTA\OCR\dados_libras\dinamicos\Pele\public\public_0000.npy
Pele,Pele_Articulador2.mp4,ok,C:\KONECTA\OCR\dados_libras\dinamicos\Pele\public\public_0001.npy
Pele,Pele_Articulador3.mp4,ok,C:\KONECTA\OCR\dados_libras\dinamicos\Pele\public\public_0002.npy
Pente,Pente_Articulador1.mp4,ok,C:\KONECTA\OCR\dados_libras\dinamicos\Pente\public\public_0000.npy
Pente,Pente_Articulador2.mp4,ok,C:\KONECTA\OCR\dados_libras\dinamicos\Pente\public\public_0001.npy
Pente,Pente_Articulador3.mp4,ok,C:\KONECTA\OCR\dados_libras\dinamicos\Pente\public\public_0002.npy
Pequeno,Pequeno_Articulador1.mp4,ok,C:\KONECTA\OCR\dados_libras\dinamicos\Pequeno\public\public_0000.npy
Pequeno,Pequeno_Articulador2.mp4,ok,C:\KONECTA\OCR\dados_libras\dinamicos\Pequeno\public\public_0001.npy
Pequeno,Pequeno_Articulador3.mp4,ok,C:\KONECTA\OCR\dados_libras\dinamicos\Pequeno\public\public_0002.npy
Perceber,Perceber_Articulador1.mp4,ok,C:\KONECTA\OCR\dados_libras\dinamicos\Perceber\public\public_0000.npy
Perceber,Perceber_Articulador2.mp4,ok,C:\KONECTA\OCR\dados_libras\dinamicos\Perceber\public\public_0001.npy
Perceber,Perceber_Articulador3.mp4,ok,C:\KONECTA\OCR\dados_libras\dinamicos\Perceber\public\public_0002.npy
Percurso,Percurso_Articulador1.mp4,ok,C:\KONECTA\OCR\dados_libras\dinamicos\Percurso\public\public_0000.npy
Percurso,Percurso_Articulador2.mp4,ok,C:\KONECTA\OCR\dados_libras\dinamicos\Percurso\public\public_0001.npy
Percurso,Percurso_Articulador3.mp4,ok,C:\KONECTA\OCR\dados_libras\dinamicos\Percurso\public\public_0002.npy
Perder a competição,Perder a competição_Articulador1.mp4,ok,C:\KONECTA\OCR\dados_libras\dinamicos\Perder a competição\public\public_0000.npy
Perder a competição,Perder a competição_Articulador2.mp4,ok,C:\KONECTA\OCR\dados_libras\dinamicos\Perder a competição\public\public_0001.npy
Perder a competição,Perder a competição_Articulador3.mp4,ok,C:\KONECTA\OCR\dados_libras\dinamicos\Perder a competição\public\public_0002.npy
Perder peso,Perder peso_Articulador1.mp4,ok,C:\KONECTA\OCR\dados_libras\dinamicos\Perder peso\public\public_0000.npy
Perder peso,Perder peso_Articulador2.mp4,ok,C:\KONECTA\OCR\dados_libras\dinamicos\Perder peso\public\public_0001.npy
Perder peso,Perder peso_Articulador3.mp4,ok,C:\KONECTA\OCR\dados_libras\dinamicos\Perder peso\public\public_0002.npy
Perfeito,Perfeito_Articulador1.mp4,ok,C:\KONECTA\OCR\dados_libras\dinamicos\Perfeito\public\public_0000.npy
Perfeito,Perfeito_Articulador2.mp4,ok,C:\KONECTA\OCR\dados_libras\dinamicos\Perfeito\public\public_0001.npy
Perfeito,Perfeito_Articulador3.mp4,ok,C:\KONECTA\OCR\dados_libras\dinamicos\Perfeito\public\public_0002.npy
Perfume,Perfume_Articulador1.mp4,ok,C:\KONECTA\OCR\dados_libras\dinamicos\Perfume\public\public_0000.npy
Perfume,Perfume_Articulador2.mp4,ok,C:\KONECTA\OCR\dados_libras\dinamicos\Perfume\public\public_0001.npy
Perfume,Perfume_Articulador3.mp4,ok,C:\KONECTA\OCR\dados_libras\dinamicos\Perfume\public\public_0002.npy
Perigo,Perigo_Articulador1.mp4,ok,C:\KONECTA\OCR\dados_libras\dinamicos\Perigo\public\public_0000.npy
Perigo,Perigo_Articulador2.mp4,ok,C:\KONECTA\OCR\dados_libras\dinamicos\Perigo\public\public_0001.npy
Perigo,Perigo_Articulador3.mp4,ok,C:\KONECTA\OCR\dados_libras\dinamicos\Perigo\public\public_0002.npy
Permitir,Permitir_Articulador1.mp4,ok,C:\KONECTA\OCR\dados_libras\dinamicos\Permitir\public\public_0000.npy
Permitir,Permitir_Articulador2.mp4,ok,C:\KONECTA\OCR\dados_libras\dinamicos\Permitir\public\public_0001.npy
Permitir,Permitir_Articulador3.mp4,ok,C:\KONECTA\OCR\dados_libras\dinamicos\Permitir\public\public_0002.npy
Perspectiva,Perspectiva_Articulador1.mp4,ok,C:\KONECTA\OCR\dados_libras\dinamicos\Perspectiva\public\public_0000.npy
Perspectiva,Perspectiva_Articulador2.mp4,ok,C:\KONECTA\OCR\dados_libras\dinamicos\Perspectiva\public\public_0001.npy
Perspectiva,Perspectiva_Articulador3.mp4,ok,C:\KONECTA\OCR\dados_libras\dinamicos\Perspectiva\public\public_0002.npy
Pertencer,Pertencer_Articulador1.mp4,ok,C:\KONECTA\OCR\dados_libras\dinamicos\Pertencer\public\public_0000.npy
Pertencer,Pertencer_Articulador2.mp4,ok,C:\KONECTA\OCR\dados_libras\dinamicos\Pertencer\public\public_0001.npy
Pertencer,Pertencer_Articulador3.mp4,ok,C:\KONECTA\OCR\dados_libras\dinamicos\Pertencer\public\public_0002.npy
Perto,Perto_Articulador1.mp4,ok,C:\KONECTA\OCR\dados_libras\dinamicos\Perto\public\public_0000.npy
Perto,Perto_Articulador2.mp4,ok,C:\KONECTA\OCR\dados_libras\dinamicos\Perto\public\public_0001.npy
Perto,Perto_Articulador3.mp4,ok,C:\KONECTA\OCR\dados_libras\dinamicos\Perto\public\public_0002.npy
Período,Período_Articulador1.mp4,ok,C:\KONECTA\OCR\dados_libras\dinamicos\Período\public\public_0000.npy
Período,Período_Articulador2.mp4,ok,C:\KONECTA\OCR\dados_libras\dinamicos\Período\public\public_0001.npy
Período,Período_Articulador3.mp4,ok,C:\KONECTA\OCR\dados_libras\dinamicos\Período\public\public_0002.npy
Período de tempo,Período de tempo_Articulador1.mp4,ok,C:\KONECTA\OCR\dados_libras\dinamicos\Período de tempo\public\public_0000.npy
Período de tempo,Período de tempo_Articulador2.mp4,ok,C:\KONECTA\OCR\dados_libras\dinamicos\Período de tempo\public\public_0001.npy
Período de tempo,Período de tempo_Articulador3.mp4,ok,C:\KONECTA\OCR\dados_libras\dinamicos\Período de tempo\public\public_0002.npy
Pesado,Pesado_Articulador1.mp4,ok,C:\KONECTA\OCR\dados_libras\dinamicos\Pesado\public\public_0000.npy
Pesado,Pesado_Articulador2.mp4,ok,C:\KONECTA\OCR\dados_libras\dinamicos\Pesado\public\public_0001.npy
Pesado,Pesado_Articulador3.mp4,ok,C:\KONECTA\OCR\dados_libras\dinamicos\Pesado\public\public_0002.npy
Peso leve,Peso leve_Articulador1.mp4,ok,C:\KONECTA\OCR\dados_libras\dinamicos\Peso leve\public\public_0000.npy
Peso leve,Peso leve_Articulador2.mp4,ok,C:\KONECTA\OCR\dados_libras\dinamicos\Peso leve\public\public_0001.npy
Peso leve,Peso leve_Articulador3.mp4,ok,C:\KONECTA\OCR\dados_libras\dinamicos\Peso leve\public\public_0002.npy
Pesquisar,Pesquisar_Articulador1.mp4,ok,C:\KONECTA\OCR\dados_libras\dinamicos\Pesquisar\public\public_0000.npy
Pesquisar,Pesquisar_Articulador2.mp4,ok,C:\KONECTA\OCR\dados_libras\dinamicos\Pesquisar\public\public_0001.npy
Pesquisar,Pesquisar_Articulador3.mp4,ok,C:\KONECTA\OCR\dados_libras\dinamicos\Pesquisar\public\public_0002.npy
Pessoa,Pessoa_Articulador1.mp4,ok,C:\KONECTA\OCR\dados_libras\dinamicos\Pessoa\public\public_0000.npy
Pessoa,Pessoa_Articulador2.mp4,ok,C:\KONECTA\OCR\dados_libras\dinamicos\Pessoa\public\public_0001.npy
Pessoa,Pessoa_Articulador3.mp4,ok,C:\KONECTA\OCR\dados_libras\dinamicos\Pessoa\public\public_0002.npy
Pessoa doente,Pessoa doente_Articulador1.mp4,ok,C:\KONECTA\OCR\dados_libras\dinamicos\Pessoa doente\public\public_0000.npy
Pessoa doente,Pessoa doente_Articulador2.mp4,ok,C:\KONECTA\OCR\dados_libras\dinamicos\Pessoa doente\public\public_0001.npy
Pessoa doente,Pessoa doente_Articulador3.mp4,ok,C:\KONECTA\OCR\dados_libras\dinamicos\Pessoa doente\public\public_0002.npy
Pessoa encantadora,Pessoa encantadora_Articulador1.mp4,ok,C:\KONECTA\OCR\dados_libras\dinamicos\Pessoa encantadora\public\public_0000.npy
Pessoa encantadora,Pessoa encantadora_Articulador2.mp4,ok,C:\KONECTA\OCR\dados_libras\dinamicos\Pessoa encantadora\public\public_0001.npy
Pessoa encantadora,Pessoa encantadora_Articulador3.mp4,ok,C:\KONECTA\OCR\dados_libras\dinamicos\Pessoa encantadora\public\public_0002.npy
Pessoa famosa,Pessoa famosa_Articulador1.mp4,ok,C:\KONECTA\OCR\dados_libras\dinamicos\Pessoa famosa\public\public_0000.npy
Pessoa famosa,Pessoa famosa_Articulador2.mp4,ok,C:\KONECTA\OCR\dados_libras\dinamicos\Pessoa famosa\public\public_0001.npy
Pessoa famosa,Pessoa famosa_Articulador3.mp4,ok,C:\KONECTA\OCR\dados_libras\dinamicos\Pessoa famosa\public\public_0002.npy
Pessoa malvada,Pessoa malvada_Articulador1.mp4,ok,C:\KONECTA\OCR\dados_libras\dinamicos\Pessoa malvada\public\public_0000.npy
Pessoa malvada,Pessoa malvada_Articulador2.mp4,ok,C:\KONECTA\OCR\dados_libras\dinamicos\Pessoa malvada\public\public_0001.npy
Pessoa malvada,Pessoa malvada_Articulador3.mp4,ok,C:\KONECTA\OCR\dados_libras\dinamicos\Pessoa malvada\public\public_0002.npy
Piano,Piano_Articulador1.mp4,ok,C:\KONECTA\OCR\dados_libras\dinamicos\Piano\public\public_0000.npy
Piano,Piano_Articulador2.mp4,ok,C:\KONECTA\OCR\dados_libras\dinamicos\Piano\public\public_0001.npy
Piano,Piano_Articulador3.mp4,ok,C:\KONECTA\OCR\dados_libras\dinamicos\Piano\public\public_0002.npy
Picante,Picante_Articulador1.mp4,ok,C:\KONECTA\OCR\dados_libras\dinamicos\Picante\public\public_0000.npy
Picante,Picante_Articulador2.mp4,ok,C:\KONECTA\OCR\dados_libras\dinamicos\Picante\public\public_0001.npy
Picante,Picante_Articulador3.mp4,ok,C:\KONECTA\OCR\dados_libras\dinamicos\Picante\public\public_0002.npy
Piedade,Piedade_Articulador1.mp4,ok,C:\KONECTA\OCR\dados_libras\dinamicos\Piedade\public\public_0000.npy
Piedade,Piedade_Articulador2.mp4,ok,C:\KONECTA\OCR\dados_libras\dinamicos\Piedade\public\public_0001.npy
Piedade,Piedade_Articulador3.mp4,ok,C:\KONECTA\OCR\dados_libras\dinamicos\Piedade\public\public_0002.npy
Piedoso,Piedoso_Articulador1.mp4,ok,C:\KONECTA\OCR\dados_libras\dinamicos\Piedoso\public\public_0000.npy
Piedoso,Piedoso_Articulador2.mp4,ok,C:\KONECTA\OCR\dados_libras\dinamicos\Piedoso\public\public_0001.npy
Piedoso,Piedoso_Articulador3.mp4,ok,C:\KONECTA\OCR\dados_libras\dinamicos\Piedoso\public\public_0002.npy
Pintura,Pintura_Articulador1.mp4,ok,C:\KONECTA\OCR\dados_libras\dinamicos\Pintura\public\public_0000.npy
Pintura,Pintura_Articulador2.mp4,ok,C:\KONECTA\OCR\dados_libras\dinamicos\Pintura\public\public_0001.npy
Pintura,Pintura_Articulador3.mp4,ok,C:\KONECTA\OCR\dados_libras\dinamicos\Pintura\public\public_0002.npy
Pior,Pior_Articulador1.mp4,ok,C:\KONECTA\OCR\dados_libras\dinamicos\Pior\public\public_0000.npy
Pior,Pior_Articulador2.mp4,ok,C:\KONECTA\OCR\dados_libras\dinamicos\Pior\public\public_0001.npy
Pior,Pior_Articulador3.mp4,ok,C:\KONECTA\OCR\dados_libras\dinamicos\Pior\public\public_0002.npy
Pipoca,Pipoca_Articulador1.mp4,ok,C:\KONECTA\OCR\dados_libras\dinamicos\Pipoca\public\public_0000.npy
Pipoca,Pipoca_Articulador2.mp4,ok,C:\KONECTA\OCR\dados_libras\dinamicos\Pipoca\public\public_0001.npy
Pipoca,Pipoca_Articulador3.mp4,ok,C:\KONECTA\OCR\dados_libras\dinamicos\Pipoca\public\public_0002.npy
Pirata,Pirata_Articulador1.mp4,ok,C:\KONECTA\OCR\dados_libras\dinamicos\Pirata\public\public_0000.npy
Pirata,Pirata_Articulador2.mp4,ok,C:\KONECTA\OCR\dados_libras\dinamicos\Pirata\public\public_0001.npy
Pirata,Pirata_Articulador3.mp4,ok,C:\KONECTA\OCR\dados_libras\dinamicos\Pirata\public\public_0002.npy
Piscar os olhos,Piscar os olhos_Articulador1.mp4,ok,C:\KONECTA\OCR\dados_libras\dinamicos\Piscar os olhos\public\public_0000.npy
Piscar os olhos,Piscar os olhos_Articulador2.mp4,ok,C:\KONECTA\OCR\dados_libras\dinamicos\Piscar os olhos\public\public_0001.npy
Piscar os olhos,Piscar os olhos_Articulador3.mp4,ok,C:\KONECTA\OCR\dados_libras\dinamicos\Piscar os olhos\public\public_0002.npy
Pizza,Pizza_Articulador1.mp4,ok,C:\KONECTA\OCR\dados_libras\dinamicos\Pizza\public\public_0000.npy
Pizza,Pizza_Articulador2.mp4,ok,C:\KONECTA\OCR\dados_libras\dinamicos\Pizza\public\public_0001.npy
Pizza,Pizza_Articulador3.mp4,ok,C:\KONECTA\OCR\dados_libras\dinamicos\Pizza\public\public_0002.npy
Plástico,Plástico_Articulador1.mp4,ok,C:\KONECTA\OCR\dados_libras\dinamicos\Plástico\public\public_0000.npy
Plástico,Plástico_Articulador2.mp4,ok,C:\KONECTA\OCR\dados_libras\dinamicos\Plástico\public\public_0001.npy
Plástico,Plástico_Articulador3.mp4,ok,C:\KONECTA\OCR\dados_libras\dinamicos\Plástico\public\public_0002.npy
Pobre,Pobre_Articulador1.mp4,ok,C:\KONECTA\OCR\dados_libras\dinamicos\Pobre\public\public_0000.npy
Pobre,Pobre_Articulador2.mp4,ok,C:\KONECTA\OCR\dados_libras\dinamicos\Pobre\public\public_0001.npy
Pobre,Pobre_Articulador3.mp4,ok,C:\KONECTA\OCR\dados_libras\dinamicos\Pobre\public\public_0002.npy
Podar árvore,Podar árvore_Articulador1.mp4,ok,C:\KONECTA\OCR\dados_libras\dinamicos\Podar árvore\public\public_0000.npy
Podar árvore,Podar árvore_Articulador2.mp4,ok,C:\KONECTA\OCR\dados_libras\dinamicos\Podar árvore\public\public_0001.npy
Podar árvore,Podar árvore_Articulador3.mp4,ok,C:\KONECTA\OCR\dados_libras\dinamicos\Podar árvore\public\public_0002.npy
Poder,Poder_Articulador1.mp4,ok,C:\KONECTA\OCR\dados_libras\dinamicos\Poder\public\public_0000.npy
Poder,Poder_Articulador2.mp4,ok,C:\KONECTA\OCR\dados_libras\dinamicos\Poder\public\public_0001.npy
Poder,Poder_Articulador3.mp4,ok,C:\KONECTA\OCR\dados_libras\dinamicos\Poder\public\public_0002.npy
Poderoso,Poderoso_Articulador1.mp4,ok,C:\KONECTA\OCR\dados_libras\dinamicos\Poderoso\public\public_0000.npy
Poderoso,Poderoso_Articulador2.mp4,ok,C:\KONECTA\OCR\dados_libras\dinamicos\Poderoso\public\public_0001.npy
Poderoso,Poderoso_Articulador3.mp4,ok,C:\KONECTA\OCR\dados_libras\dinamicos\Poderoso\public\public_0002.npy
Poema,Poema_Articulador1.mp4,ok,C:\KONECTA\OCR\dados_libras\dinamicos\Poema\public\public_0000.npy
Poema,Poema_Articulador2.mp4,ok,C:\KONECTA\OCR\dados_libras\dinamicos\Poema\public\public_0001.npy
Poema,Poema_Articulador3.mp4,ok,C:\KONECTA\OCR\dados_libras\dinamicos\Poema\public\public_0002.npy
Poesia,Poesia_Articulador1.mp4,ok,C:\KONECTA\OCR\dados_libras\dinamicos\Poesia\public\public_0000.npy
Poesia,Poesia_Articulador3.mp4,ok,C:\KONECTA\OCR\dados_libras\dinamicos\Poesia\public\public_0001.npy
Polegar,Polegar_Articulador1.mp4,ok,C:\KONECTA\OCR\dados_libras\dinamicos\Polegar\public\public_0000.npy
Polegar,Polegar_Articulador2.mp4,ok,C:\KONECTA\OCR\dados_libras\dinamicos\Polegar\public\public_0001.npy
Polegar,Polegar_Articulador3.mp4,ok,C:\KONECTA\OCR\dados_libras\dinamicos\Polegar\public\public_0002.npy
Policial,Policial_Articulador1.mp4,ok,C:\KONECTA\OCR\dados_libras\dinamicos\Policial\public\public_0000.npy
Policial,Policial_Articulador2.mp4,ok,C:\KONECTA\OCR\dados_libras\dinamicos\Policial\public\public_0001.npy
Policial,Policial_Articulador3.mp4,ok,C:\KONECTA\OCR\dados_libras\dinamicos\Policial\public\public_0002.npy
Política,Política_Articulador1.mp4,ok,C:\KONECTA\OCR\dados_libras\dinamicos\Política\public\public_0000.npy
Política,Política_Articulador2.mp4,ok,C:\KONECTA\OCR\dados_libras\dinamicos\Política\public\public_0001.npy
Política,Política_Articulador3.mp4,ok,C:\KONECTA\OCR\dados_libras\dinamicos\Política\public\public_0002.npy
Ponta pé,Ponta pé_Articulador1.mp4,ok,C:\KONECTA\OCR\dados_libras\dinamicos\Ponta pé\public\public_0000.npy
Ponta pé,Ponta pé_Articulador2.mp4,ok,C:\KONECTA\OCR\dados_libras\dinamicos\Ponta pé\public\public_0001.npy
Ponta pé,Ponta pé_Articulador3.mp4,ok,C:\KONECTA\OCR\dados_libras\dinamicos\Ponta pé\public\public_0002.npy
Ponte,Ponte_Articulador1.mp4,ok,C:\KONECTA\OCR\dados_libras\dinamicos\Ponte\public\public_0000.npy
Ponte,Ponte_Articulador2.mp4,ok,C:\KONECTA\OCR\dados_libras\dinamicos\Ponte\public\public_0001.npy
Ponte,Ponte_Articulador3.mp4,ok,C:\KONECTA\OCR\dados_libras\dinamicos\Ponte\public\public_0002.npy
Por favor,Por favor_Articulador1.mp4,ok,C:\KONECTA\OCR\dados_libras\dinamicos\Por favor\public\public_0000.npy
Por favor,Por favor_Articulador2.mp4,ok,C:\KONECTA\OCR\dados_libras\dinamicos\Por favor\public\public_0001.npy
Por favor,Por favor_Articulador3.mp4,ok,C:\KONECTA\OCR\dados_libras\dinamicos\Por favor\public\public_0002.npy
Por que,Por que_Articulador1.mp4,ok,C:\KONECTA\OCR\dados_libras\dinamicos\Por que\public\public_0000.npy
Por que,Por que_Articulador2.mp4,ok,C:\KONECTA\OCR\dados_libras\dinamicos\Por que\public\public_0001.npy
Por que,Por que_Articulador3.mp4,ok,C:\KONECTA\OCR\dados_libras\dinamicos\Por que\public\public_0002.npy
Porcentagem,Porcentagem_Articulador1.mp4,ok,C:\KONECTA\OCR\dados_libras\dinamicos\Porcentagem\public\public_0000.npy
Porcentagem,Porcentagem_Articulador2.mp4,ok,C:\KONECTA\OCR\dados_libras\dinamicos\Porcentagem\public\public_0001.npy
Porcentagem,Porcentagem_Articulador3.mp4,ok,C:\KONECTA\OCR\dados_libras\dinamicos\Porcentagem\public\public_0002.npy
Porco,Porco_Articulador1.mp4,ok,C:\KONECTA\OCR\dados_libras\dinamicos\Porco\public\public_0000.npy
Porco,Porco_Articulador2.mp4,ok,C:\KONECTA\OCR\dados_libras\dinamicos\Porco\public\public_0001.npy
Porco,Porco_Articulador3.mp4,ok,C:\KONECTA\OCR\dados_libras\dinamicos\Porco\public\public_0002.npy
Porta Corrediça,Porta Corrediça_Articulador1.mp4,ok,C:\KONECTA\OCR\dados_libras\dinamicos\Porta Corrediça\public\public_0000.npy
Porta Corrediça,Porta Corrediça_Articulador2.mp4,ok,C:\KONECTA\OCR\dados_libras\dinamicos\Porta Corrediça\public\public_0001.npy
Porta Corrediça,Porta Corrediça_Articulador3.mp4,ok,C:\KONECTA\OCR\dados_libras\dinamicos\Porta Corrediça\public\public_0002.npy
Portanto,Portanto_Articulador1.mp4,ok,C:\KONECTA\OCR\dados_libras\dinamicos\Portanto\public\public_0000.npy
Portanto,Portanto_Articulador2.mp4,ok,C:\KONECTA\OCR\dados_libras\dinamicos\Portanto\public\public_0001.npy
Portanto,Portanto_Articulador3.mp4,ok,C:\KONECTA\OCR\dados_libras\dinamicos\Portanto\public\public_0002.npy
Portão,Portão_Articulador1.mp4,ok,C:\KONECTA\OCR\dados_libras\dinamicos\Portão\public\public_0000.npy
Portão,Portão_Articulador2.mp4,ok,C:\KONECTA\OCR\dados_libras\dinamicos\Portão\public\public_0001.npy
Portão,Portão_Articulador3.mp4,ok,C:\KONECTA\OCR\dados_libras\dinamicos\Portão\public\public_0002.npy
Pouco,Pouco_Articulador1.mp4,ok,C:\KONECTA\OCR\dados_libras\dinamicos\Pouco\public\public_0000.npy
Pouco,Pouco_Articulador2.mp4,ok,C:\KONECTA\OCR\dados_libras\dinamicos\Pouco\public\public_0001.npy
Pouco,Pouco_Articulador3.mp4,ok,C:\KONECTA\OCR\dados_libras\dinamicos\Pouco\public\public_0002.npy
Praia,Praia_Articulador1.mp4,ok,C:\KONECTA\OCR\dados_libras\dinamicos\Praia\public\public_0000.npy
Praia,Praia_Articulador2.mp4,ok,C:\KONECTA\OCR\dados_libras\dinamicos\Praia\public\public_0001.npy
Praia,Praia_Articulador3.mp4,ok,C:\KONECTA\OCR\dados_libras\dinamicos\Praia\public\public_0002.npy
Prata,Prata_Articulador1.mp4,ok,C:\KONECTA\OCR\dados_libras\dinamicos\Prata\public\public_0000.npy
Prata,Prata_Articulador2.mp4,ok,C:\KONECTA\OCR\dados_libras\dinamicos\Prata\public\public_0001.npy
Prata,Prata_Articulador3.mp4,ok,C:\KONECTA\OCR\dados_libras\dinamicos\Prata\public\public_0002.npy
Predizer,Predizer_Articulador1.mp4,ok,C:\KONECTA\OCR\dados_libras\dinamicos\Predizer\public\public_0000.npy
Predizer,Predizer_Articulador2.mp4,ok,C:\KONECTA\OCR\dados_libras\dinamicos\Predizer\public\public_0001.npy
Predizer,Predizer_Articulador3.mp4,ok,C:\KONECTA\OCR\dados_libras\dinamicos\Predizer\public\public_0002.npy
Preencher,Preencher_Articulador1.mp4,ok,C:\KONECTA\OCR\dados_libras\dinamicos\Preencher\public\public_0000.npy
Preencher,Preencher_Articulador2.mp4,ok,C:\KONECTA\OCR\dados_libras\dinamicos\Preencher\public\public_0001.npy
Preencher,Preencher_Articulador3.mp4,ok,C:\KONECTA\OCR\dados_libras\dinamicos\Preencher\public\public_0002.npy
Pregar a palavra,Pregar a palavra_Articulador1.mp4,ok,C:\KONECTA\OCR\dados_libras\dinamicos\Pregar a palavra\public\public_0000.npy
Pregar a palavra,Pregar a palavra_Articulador2.mp4,ok,C:\KONECTA\OCR\dados_libras\dinamicos\Pregar a palavra\public\public_0001.npy
Pregar a palavra,Pregar a palavra_Articulador3.mp4,ok,C:\KONECTA\OCR\dados_libras\dinamicos\Pregar a palavra\public\public_0002.npy
Preguiçoso,Preguiçoso_Articulador1.mp4,ok,C:\KONECTA\OCR\dados_libras\dinamicos\Preguiçoso\public\public_0000.npy
Preguiçoso,Preguiçoso_Articulador2.mp4,ok,C:\KONECTA\OCR\dados_libras\dinamicos\Preguiçoso\public\public_0001.npy
Preguiçoso,Preguiçoso_Articulador3.mp4,ok,C:\KONECTA\OCR\dados_libras\dinamicos\Preguiçoso\public\public_0002.npy
Preocupação,Preocupação_Articulador1.mp4,ok,C:\KONECTA\OCR\dados_libras\dinamicos\Preocupação\public\public_0000.npy
Preocupação,Preocupação_Articulador2.mp4,ok,C:\KONECTA\OCR\dados_libras\dinamicos\Preocupação\public\public_0001.npy
Preocupação,Preocupação_Articulador3.mp4,ok,C:\KONECTA\OCR\dados_libras\dinamicos\Preocupação\public\public_0002.npy
Presente,Presente_Articulador1.mp4,ok,C:\KONECTA\OCR\dados_libras\dinamicos\Presente\public\public_0000.npy
Presente,Presente_Articulador2.mp4,ok,C:\KONECTA\OCR\dados_libras\dinamicos\Presente\public\public_0001.npy
Presente,Presente_Articulador3.mp4,ok,C:\KONECTA\OCR\dados_libras\dinamicos\Presente\public\public_0002.npy
Presidente,Presidente_Articulador1.mp4,ok,C:\KONECTA\OCR\dados_libras\dinamicos\Presidente\public\public_0000.npy
Presidente,Presidente_Articulador2.mp4,ok,C:\KONECTA\OCR\dados_libras\dinamicos\Presidente\public\public_0001.npy
Presidente,Presidente_Articulador3.mp4,ok,C:\KONECTA\OCR\dados_libras\dinamicos\Presidente\public\public_0002.npy
Preso,Preso_Articulador1.mp4,ok,C:\KONECTA\OCR\dados_libras\dinamicos\Preso\public\public_0000.npy
Preso,Preso_Articulador2.mp4,ok,C:\KONECTA\OCR\dados_libras\dinamicos\Preso\public\public_0001.npy
Preso,Preso_Articulador3.mp4,ok,C:\KONECTA\OCR\dados_libras\dinamicos\Preso\public\public_0002.npy
Pressa,Pressa_Articulador1.mp4,ok,C:\KONECTA\OCR\dados_libras\dinamicos\Pressa\public\public_0000.npy
Pressa,Pressa_Articulador2.mp4,ok,C:\KONECTA\OCR\dados_libras\dinamicos\Pressa\public\public_0001.npy
Pressa,Pressa_Articulador3.mp4,ok,C:\KONECTA\OCR\dados_libras\dinamicos\Pressa\public\public_0002.npy
Pressão,Pressão_Articulador1.mp4,ok,C:\KONECTA\OCR\dados_libras\dinamicos\Pressão\public\public_0000.npy
Pressão,Pressão_Articulador2.mp4,ok,C:\KONECTA\OCR\dados_libras\dinamicos\Pressão\public\public_0001.npy
Pressão,Pressão_Articulador3.mp4,ok,C:\KONECTA\OCR\dados_libras\dinamicos\Pressão\public\public_0002.npy
Prestar atenção,Prestar atenção_Articulador1.mp4,ok,C:\KONECTA\OCR\dados_libras\dinamicos\Prestar atenção\public\public_0000.npy
Prestar atenção,Prestar atenção_Articulador2.mp4,ok,C:\KONECTA\OCR\dados_libras\dinamicos\Prestar atenção\public\public_0001.npy
Prestar atenção,Prestar atenção_Articulador3.mp4,ok,C:\KONECTA\OCR\dados_libras\dinamicos\Prestar atenção\public\public_0002.npy
Preto,Preto_Articulador1.mp4,ok,C:\KONECTA\OCR\dados_libras\dinamicos\Preto\public\public_0000.npy
Preto,Preto_Articulador2.mp4,ok,C:\KONECTA\OCR\dados_libras\dinamicos\Preto\public\public_0001.npy
Preto,Preto_Articulador3.mp4,ok,C:\KONECTA\OCR\dados_libras\dinamicos\Preto\public\public_0002.npy
Preço,Preço_Articulador1.mp4,ok,C:\KONECTA\OCR\dados_libras\dinamicos\Preço\public\public_0000.npy
Preço,Preço_Articulador2.mp4,ok,C:\KONECTA\OCR\dados_libras\dinamicos\Preço\public\public_0001.npy
Preço,Preço_Articulador3.mp4,ok,C:\KONECTA\OCR\dados_libras\dinamicos\Preço\public\public_0002.npy
Prima,Prima_Articulador1.mp4,ok,C:\KONECTA\OCR\dados_libras\dinamicos\Prima\public\public_0000.npy
Prima,Prima_Articulador2.mp4,ok,C:\KONECTA\OCR\dados_libras\dinamicos\Prima\public\public_0001.npy
Prima,Prima_Articulador3.mp4,ok,C:\KONECTA\OCR\dados_libras\dinamicos\Prima\public\public_0002.npy
Primo,Primo_Articulador1.mp4,ok,C:\KONECTA\OCR\dados_libras\dinamicos\Primo\public\public_0000.npy
Primo,Primo_Articulador2.mp4,ok,C:\KONECTA\OCR\dados_libras\dinamicos\Primo\public\public_0001.npy
Primo,Primo_Articulador3.mp4,ok,C:\KONECTA\OCR\dados_libras\dinamicos\Primo\public\public_0002.npy
Princesa,Princesa_Articulador1.mp4,ok,C:\KONECTA\OCR\dados_libras\dinamicos\Princesa\public\public_0000.npy
Princesa,Princesa_Articulador2.mp4,ok,C:\KONECTA\OCR\dados_libras\dinamicos\Princesa\public\public_0001.npy
Princesa,Princesa_Articulador3.mp4,ok,C:\KONECTA\OCR\dados_libras\dinamicos\Princesa\public\public_0002.npy
Principal,Principal_Articulador1.mp4,ok,C:\KONECTA\OCR\dados_libras\dinamicos\Principal\public\public_0000.npy
Principal,Principal_Articulador2.mp4,ok,C:\KONECTA\OCR\dados_libras\dinamicos\Principal\public\public_0001.npy
Principal,Principal_Articulador3.mp4,ok,C:\KONECTA\OCR\dados_libras\dinamicos\Principal\public\public_0002.npy
Prioridade,Prioridade_Articulador1.mp4,ok,C:\KONECTA\OCR\dados_libras\dinamicos\Prioridade\public\public_0000.npy
Prioridade,Prioridade_Articulador2.mp4,ok,C:\KONECTA\OCR\dados_libras\dinamicos\Prioridade\public\public_0001.npy
Prioridade,Prioridade_Articulador3.mp4,ok,C:\KONECTA\OCR\dados_libras\dinamicos\Prioridade\public\public_0002.npy
Problema,Problema_Articulador1.mp4,ok,C:\KONECTA\OCR\dados_libras\dinamicos\Problema\public\public_0000.npy
Problema,Problema_Articulador2.mp4,ok,C:\KONECTA\OCR\dados_libras\dinamicos\Problema\public\public_0001.npy
Problema,Problema_Articulador3.mp4,ok,C:\KONECTA\OCR\dados_libras\dinamicos\Problema\public\public_0002.npy
Procurar por,Procurar por_Articulador1.mp4,ok,C:\KONECTA\OCR\dados_libras\dinamicos\Procurar por\public\public_0000.npy
Procurar por,Procurar por_Articulador2.mp4,ok,C:\KONECTA\OCR\dados_libras\dinamicos\Procurar por\public\public_0001.npy
Procurar por,Procurar por_Articulador3.mp4,ok,C:\KONECTA\OCR\dados_libras\dinamicos\Procurar por\public\public_0002.npy
Profissão,Profissão_Articulador1.mp4,ok,C:\KONECTA\OCR\dados_libras\dinamicos\Profissão\public\public_0000.npy
Profissão,Profissão_Articulador2.mp4,ok,C:\KONECTA\OCR\dados_libras\dinamicos\Profissão\public\public_0001.npy
Profissão,Profissão_Articulador3.mp4,ok,C:\KONECTA\OCR\dados_libras\dinamicos\Profissão\public\public_0002.npy
Profundo,Profundo_Articulador1.mp4,ok,C:\KONECTA\OCR\dados_libras\dinamicos\Profundo\public\public_0000.npy
Profundo,Profundo_Articulador2.mp4,ok,C:\KONECTA\OCR\dados_libras\dinamicos\Profundo\public\public_0001.npy
Profundo,Profundo_Articulador3.mp4,ok,C:\KONECTA\OCR\dados_libras\dinamicos\Profundo\public\public_0002.npy
Programa,Programa_Articulador1.mp4,ok,C:\KONECTA\OCR\dados_libras\dinamicos\Programa\public\public_0000.npy
Programa,Programa_Articulador2.mp4,ok,C:\KONECTA\OCR\dados_libras\dinamicos\Programa\public\public_0001.npy
Programa,Programa_Articulador3.mp4,ok,C:\KONECTA\OCR\dados_libras\dinamicos\Programa\public\public_0002.npy
Progresso,Progresso_Articulador1.mp4,ok,C:\KONECTA\OCR\dados_libras\dinamicos\Progresso\public\public_0000.npy
Progresso,Progresso_Articulador2.mp4,ok,C:\KONECTA\OCR\dados_libras\dinamicos\Progresso\public\public_0001.npy
Progresso,Progresso_Articulador3.mp4,ok,C:\KONECTA\OCR\dados_libras\dinamicos\Progresso\public\public_0002.npy
Proibir (vetar),Proibir (vetar)_Articulador1.mp4,ok,C:\KONECTA\OCR\dados_libras\dinamicos\Proibir (vetar)\public\public_0000.npy
Proibir (vetar),Proibir (vetar)_Articulador2.mp4,ok,C:\KONECTA\OCR\dados_libras\dinamicos\Proibir (vetar)\public\public_0001.npy
Proibir (vetar),Proibir (vetar)_Articulador3.mp4,ok,C:\KONECTA\OCR\dados_libras\dinamicos\Proibir (vetar)\public\public_0002.npy
Projeto,Projeto_Articulador1.mp4,ok,C:\KONECTA\OCR\dados_libras\dinamicos\Projeto\public\public_0000.npy
Projeto,Projeto_Articulador2.mp4,ok,C:\KONECTA\OCR\dados_libras\dinamicos\Projeto\public\public_0001.npy
Projeto,Projeto_Articulador3.mp4,ok,C:\KONECTA\OCR\dados_libras\dinamicos\Projeto\public\public_0002.npy
Promessa,Promessa_Articulador1.mp4,ok,C:\KONECTA\OCR\dados_libras\dinamicos\Promessa\public\public_0000.npy
Promessa,Promessa_Articulador2.mp4,ok,C:\KONECTA\OCR\dados_libras\dinamicos\Promessa\public\public_0001.npy
Promessa,Promessa_Articulador3.mp4,ok,C:\KONECTA\OCR\dados_libras\dinamicos\Promessa\public\public_0002.npy
Pronome,Pronome_Articulador1.mp4,ok,C:\KONECTA\OCR\dados_libras\dinamicos\Pronome\public\public_0000.npy
Pronome,Pronome_Articulador2.mp4,ok,C:\KONECTA\OCR\dados_libras\dinamicos\Pronome\public\public_0001.npy
Pronome,Pronome_Articulador3.mp4,ok,C:\KONECTA\OCR\dados_libras\dinamicos\Pronome\public\public_0002.npy
Pronto,Pronto_Articulador1.mp4,ok,C:\KONECTA\OCR\dados_libras\dinamicos\Pronto\public\public_0000.npy
Pronto,Pronto_Articulador2.mp4,ok,C:\KONECTA\OCR\dados_libras\dinamicos\Pronto\public\public_0001.npy
Pronto,Pronto_Articulador3.mp4,ok,C:\KONECTA\OCR\dados_libras\dinamicos\Pronto\public\public_0002.npy
Prosseguir,Prosseguir_Articulador1.mp4,ok,C:\KONECTA\OCR\dados_libras\dinamicos\Prosseguir\public\public_0000.npy
Prosseguir,Prosseguir_Articulador2.mp4,ok,C:\KONECTA\OCR\dados_libras\dinamicos\Prosseguir\public\public_0001.npy
Prosseguir,Prosseguir_Articulador3.mp4,ok,C:\KONECTA\OCR\dados_libras\dinamicos\Prosseguir\public\public_0002.npy
Protestante,Protestante_Articulador1.mp4,ok,C:\KONECTA\OCR\dados_libras\dinamicos\Protestante\public\public_0000.npy
Protestante,Protestante_Articulador2.mp4,ok,C:\KONECTA\OCR\dados_libras\dinamicos\Protestante\public\public_0001.npy
Protestante,Protestante_Articulador3.mp4,ok,C:\KONECTA\OCR\dados_libras\dinamicos\Protestante\public\public_0002.npy
Protesto,Protesto_Articulador1.mp4,ok,C:\KONECTA\OCR\dados_libras\dinamicos\Protesto\public\public_0000.npy
Protesto,Protesto_Articulador2.mp4,ok,C:\KONECTA\OCR\dados_libras\dinamicos\Protesto\public\public_0001.npy
Protesto,Protesto_Articulador3.mp4,ok,C:\KONECTA\OCR\dados_libras\dinamicos\Protesto\public\public_0002.npy
Provar,Provar_Articulador1.mp4,ok,C:\KONECTA\OCR\dados_libras\dinamicos\Provar\public\public_0000.npy
Provar,Provar_Articulador2.mp4,ok,C:\KONECTA\OCR\dados_libras\dinamicos\Provar\public\public_0001.npy
Provar,Provar_Articulador3.mp4,ok,C:\KONECTA\OCR\dados_libras\dinamicos\Provar\public\public_0002.npy
Prática,Prática_Articulador1.mp4,ok,C:\KONECTA\OCR\dados_libras\dinamicos\Prática\public\public_0000.npy
Prática,Prática_Articulador2.mp4,ok,C:\KONECTA\OCR\dados_libras\dinamicos\Prática\public\public_0001.npy
Prática,Prática_Articulador3.mp4,ok,C:\KONECTA\OCR\dados_libras\dinamicos\Prática\public\public_0002.npy
Prédio,Prédio_Articulador1.mp4,ok,C:\KONECTA\OCR\dados_libras\dinamicos\Prédio\public\public_0000.npy
Prédio,Prédio_Articulador2.mp4,ok,C:\KONECTA\OCR\dados_libras\dinamicos\Prédio\public\public_0001.npy
Prédio,Prédio_Articulador3.mp4,ok,C:\KONECTA\OCR\dados_libras\dinamicos\Prédio\public\public_0002.npy
Príncipe,Príncipe_Articulador1.mp4,ok,C:\KONECTA\OCR\dados_libras\dinamicos\Príncipe\public\public_0000.npy
Príncipe,Príncipe_Articulador2.mp4,ok,C:\KONECTA\OCR\dados_libras\dinamicos\Príncipe\public\public_0001.npy
Príncipe,Príncipe_Articulador3.mp4,ok,C:\KONECTA\OCR\dados_libras\dinamicos\Príncipe\public\public_0002.npy
Próprio lugar,Próprio lugar_Articulador1.mp4,ok,C:\KONECTA\OCR\dados_libras\dinamicos\Próprio lugar\public\public_0000.npy
Próprio lugar,Próprio lugar_Articulador2.mp4,ok,C:\KONECTA\OCR\dados_libras\dinamicos\Próprio lugar\public\public_0001.npy
Próprio lugar,Próprio lugar_Articulador3.mp4,ok,C:\KONECTA\OCR\dados_libras\dinamicos\Próprio lugar\public\public_0002.npy
Próximo,Próximo_Articulador1.mp4,ok,C:\KONECTA\OCR\dados_libras\dinamicos\Próximo\public\public_0000.npy
Próximo,Próximo_Articulador2.mp4,ok,C:\KONECTA\OCR\dados_libras\dinamicos\Próximo\public\public_0001.npy
Próximo,Próximo_Articulador3.mp4,ok,C:\KONECTA\OCR\dados_libras\dinamicos\Próximo\public\public_0002.npy
Psicologia,Psicologia_Articulador1.mp4,ok,C:\KONECTA\OCR\dados_libras\dinamicos\Psicologia\public\public_0000.npy
Psicologia,Psicologia_Articulador2.mp4,ok,C:\KONECTA\OCR\dados_libras\dinamicos\Psicologia\public\public_0001.npy
Psicologia,Psicologia_Articulador3.mp4,ok,C:\KONECTA\OCR\dados_libras\dinamicos\Psicologia\public\public_0002.npy
Psiquiatra,Psiquiatra_Articulador1.mp4,ok,C:\KONECTA\OCR\dados_libras\dinamicos\Psiquiatra\public\public_0000.npy
Psiquiatra,Psiquiatra_Articulador2.mp4,ok,C:\KONECTA\OCR\dados_libras\dinamicos\Psiquiatra\public\public_0001.npy
Psiquiatra,Psiquiatra_Articulador3.mp4,ok,C:\KONECTA\OCR\dados_libras\dinamicos\Psiquiatra\public\public_0002.npy
Pulmões,Pulmões_Articulador1.mp4,ok,C:\KONECTA\OCR\dados_libras\dinamicos\Pulmões\public\public_0000.npy
Pulmões,Pulmões_Articulador2.mp4,ok,C:\KONECTA\OCR\dados_libras\dinamicos\Pulmões\public\public_0001.npy
Pulmões,Pulmões_Articulador3.mp4,ok,C:\KONECTA\OCR\dados_libras\dinamicos\Pulmões\public\public_0002.npy
Pulo,Pulo_Articulador1.mp4,ok,C:\KONECTA\OCR\dados_libras\dinamicos\Pulo\public\public_0000.npy
Pulo,Pulo_Articulador2.mp4,ok,C:\KONECTA\OCR\dados_libras\dinamicos\Pulo\public\public_0001.npy
Pulo,Pulo_Articulador3.mp4,ok,C:\KONECTA\OCR\dados_libras\dinamicos\Pulo\public\public_0002.npy
Pulsar,Pulsar_Articulador1.mp4,ok,C:\KONECTA\OCR\dados_libras\dinamicos\Pulsar\public\public_0000.npy
Pulsar,Pulsar_Articulador2.mp4,ok,C:\KONECTA\OCR\dados_libras\dinamicos\Pulsar\public\public_0001.npy
Pulsar,Pulsar_Articulador3.mp4,ok,C:\KONECTA\OCR\dados_libras\dinamicos\Pulsar\public\public_0002.npy
Pulseira,Pulseira_Articulador1.mp4,ok,C:\KONECTA\OCR\dados_libras\dinamicos\Pulseira\public\public_0000.npy
Pulseira,Pulseira_Articulador2.mp4,ok,C:\KONECTA\OCR\dados_libras\dinamicos\Pulseira\public\public_0001.npy
Pulseira,Pulseira_Articulador3.mp4,ok,C:\KONECTA\OCR\dados_libras\dinamicos\Pulseira\public\public_0002.npy
Páscoa,Páscoa_Articulador1.mp4,ok,C:\KONECTA\OCR\dados_libras\dinamicos\Páscoa\public\public_0000.npy
Páscoa,Páscoa_Articulador2.mp4,ok,C:\KONECTA\OCR\dados_libras\dinamicos\Páscoa\public\public_0001.npy
Páscoa,Páscoa_Articulador3.mp4,ok,C:\KONECTA\OCR\dados_libras\dinamicos\Páscoa\public\public_0002.npy
Pássaro,Pássaro_Articulador1.mp4,ok,C:\KONECTA\OCR\dados_libras\dinamicos\Pássaro\public\public_0000.npy
Pássaro,Pássaro_Articulador2.mp4,ok,C:\KONECTA\OCR\dados_libras\dinamicos\Pássaro\public\public_0001.npy
Pássaro,Pássaro_Articulador3.mp4,ok,C:\KONECTA\OCR\dados_libras\dinamicos\Pássaro\public\public_0002.npy
Pão,Pão_Articulador1.mp4,ok,C:\KONECTA\OCR\dados_libras\dinamicos\Pão\public\public_0000.npy
Pão,Pão_Articulador2.mp4,ok,C:\KONECTA\OCR\dados_libras\dinamicos\Pão\public\public_0001.npy
Pão,Pão_Articulador3.mp4,ok,C:\KONECTA\OCR\dados_libras\dinamicos\Pão\public\public_0002.npy
Pé,Pé_Articulador1.mp4,ok,C:\KONECTA\OCR\dados_libras\dinamicos\Pé\public\public_0000.npy
Pé,Pé_Articulador2.mp4,ok,C:\KONECTA\OCR\dados_libras\dinamicos\Pé\public\public_0001.npy
Pé,Pé_Articulador3.mp4,ok,C:\KONECTA\OCR\dados_libras\dinamicos\Pé\public\public_0002.npy
Péssimo,Péssimo_Articulador1.mp4,ok,C:\KONECTA\OCR\dados_libras\dinamicos\Péssimo\public\public_0000.npy
Péssimo,Péssimo_Articulador2.mp4,ok,C:\KONECTA\OCR\dados_libras\dinamicos\Péssimo\public\public_0001.npy
Péssimo,Péssimo_Articulador3.mp4,ok,C:\KONECTA\OCR\dados_libras\dinamicos\Péssimo\public\public_0002.npy
Pênis,Pênis_Articulador1.mp4,ok,C:\KONECTA\OCR\dados_libras\dinamicos\Pênis\public\public_0000.npy
Pênis,Pênis_Articulador2.mp4,ok,C:\KONECTA\OCR\dados_libras\dinamicos\Pênis\public\public_0001.npy
Pênis,Pênis_Articulador3.mp4,ok,C:\KONECTA\OCR\dados_libras\dinamicos\Pênis\public\public_0002.npy
Pêssego,Pêssego_Articulador1.mp4,ok,C:\KONECTA\OCR\dados_libras\dinamicos\Pêssego\public\public_0000.npy
Pêssego,Pêssego_Articulador2.mp4,ok,C:\KONECTA\OCR\dados_libras\dinamicos\Pêssego\public\public_0001.npy
Pêssego,Pêssego_Articulador3.mp4,ok,C:\KONECTA\OCR\dados_libras\dinamicos\Pêssego\public\public_0002.npy
Pôr do sol,Pôr do sol_Articulador1.mp4,ok,C:\KONECTA\OCR\dados_libras\dinamicos\Pôr do sol\public\public_0000.npy
Pôr do sol,Pôr do sol_Articulador2.mp4,ok,C:\KONECTA\OCR\dados_libras\dinamicos\Pôr do sol\public\public_0001.npy
Pôr do sol,Pôr do sol_Articulador3.mp4,ok,C:\KONECTA\OCR\dados_libras\dinamicos\Pôr do sol\public\public_0002.npy
Pôr o anel,Pôr o anel_Articulador1.mp4,ok,C:\KONECTA\OCR\dados_libras\dinamicos\Pôr o anel\public\public_0000.npy
Pôr o anel,Pôr o anel_Articulador2.mp4,ok,C:\KONECTA\OCR\dados_libras\dinamicos\Pôr o anel\public\public_0001.npy
Pôr o anel,Pôr o anel_Articulador3.mp4,ok,C:\KONECTA\OCR\dados_libras\dinamicos\Pôr o anel\public\public_0002.npy
Quadrado,Quadrado_Articulador1.mp4,ok,C:\KONECTA\OCR\dados_libras\dinamicos\Quadrado\public\public_0000.npy
Quadrado,Quadrado_Articulador2.mp4,ok,C:\KONECTA\OCR\dados_libras\dinamicos\Quadrado\public\public_0001.npy
Quadrado,Quadrado_Articulador3.mp4,ok,C:\KONECTA\OCR\dados_libras\dinamicos\Quadrado\public\public_0002.npy
Qual,Qual_Articulador1.mp4,ok,C:\KONECTA\OCR\dados_libras\dinamicos\Qual\public\public_0000.npy
Qual,Qual_Articulador2.mp4,ok,C:\KONECTA\OCR\dados_libras\dinamicos\Qual\public\public_0001.npy
Qual,Qual_Articulador3.mp4,ok,C:\KONECTA\OCR\dados_libras\dinamicos\Qual\public\public_0002.npy
Qualquer,Qualquer_Articulador1.mp4,ok,C:\KONECTA\OCR\dados_libras\dinamicos\Qualquer\public\public_0000.npy
Qualquer,Qualquer_Articulador2.mp4,ok,C:\KONECTA\OCR\dados_libras\dinamicos\Qualquer\public\public_0001.npy
Qualquer,Qualquer_Articulador3.mp4,ok,C:\KONECTA\OCR\dados_libras\dinamicos\Qualquer\public\public_0002.npy
Quando,Quando_Articulador1.mp4,ok,C:\KONECTA\OCR\dados_libras\dinamicos\Quando\public\public_0000.npy
Quando,Quando_Articulador2.mp4,ok,C:\KONECTA\OCR\dados_libras\dinamicos\Quando\public\public_0001.npy
Quando,Quando_Articulador3.mp4,ok,C:\KONECTA\OCR\dados_libras\dinamicos\Quando\public\public_0002.npy
Quantos,Quantos_Articulador1.mp4,ok,C:\KONECTA\OCR\dados_libras\dinamicos\Quantos\public\public_0000.npy
Quantos,Quantos_Articulador2.mp4,ok,C:\KONECTA\OCR\dados_libras\dinamicos\Quantos\public\public_0001.npy
Quantos,Quantos_Articulador3.mp4,ok,C:\KONECTA\OCR\dados_libras\dinamicos\Quantos\public\public_0002.npy
Quarta-feira,Quarta-feira_Articulador1.mp4,ok,C:\KONECTA\OCR\dados_libras\dinamicos\Quarta-feira\public\public_0000.npy
Quarta-feira,Quarta-feira_Articulador2.mp4,ok,C:\KONECTA\OCR\dados_libras\dinamicos\Quarta-feira\public\public_0001.npy
Quarta-feira,Quarta-feira_Articulador3.mp4,ok,C:\KONECTA\OCR\dados_libras\dinamicos\Quarta-feira\public\public_0002.npy
Quarto de dormir,Quarto de dormir_Articulador1.mp4,ok,C:\KONECTA\OCR\dados_libras\dinamicos\Quarto de dormir\public\public_0000.npy
Quarto de dormir,Quarto de dormir_Articulador2.mp4,ok,C:\KONECTA\OCR\dados_libras\dinamicos\Quarto de dormir\public\public_0001.npy
Quarto de dormir,Quarto de dormir_Articulador3.mp4,ok,C:\KONECTA\OCR\dados_libras\dinamicos\Quarto de dormir\public\public_0002.npy
Que,Que_Articulador1.mp4,ok,C:\KONECTA\OCR\dados_libras\dinamicos\Que\public\public_0000.npy
Que,Que_Articulador2.mp4,ok,C:\KONECTA\OCR\dados_libras\dinamicos\Que\public\public_0001.npy
Que,Que_Articulador3.mp4,ok,C:\KONECTA\OCR\dados_libras\dinamicos\Que\public\public_0002.npy
Quebrar,Quebrar_Articulador1.mp4,ok,C:\KONECTA\OCR\dados_libras\dinamicos\Quebrar\public\public_0000.npy
Quebrar,Quebrar_Articulador2.mp4,ok,C:\KONECTA\OCR\dados_libras\dinamicos\Quebrar\public\public_0001.npy
Quebrar,Quebrar_Articulador3.mp4,ok,C:\KONECTA\OCR\dados_libras\dinamicos\Quebrar\public\public_0002.npy
Queda de energia,Queda de energia_Articulador1.mp4,ok,C:\KONECTA\OCR\dados_libras\dinamicos\Queda de energia\public\public_0000.npy
Queda de energia,Queda de energia_Articulador2.mp4,ok,C:\KONECTA\OCR\dados_libras\dinamicos\Queda de energia\public\public_0001.npy
Queda de energia,Queda de energia_Articulador3.mp4,ok,C:\KONECTA\OCR\dados_libras\dinamicos\Queda de energia\public\public_0002.npy
Queixo,Queixo_Articulador1.mp4,ok,C:\KONECTA\OCR\dados_libras\dinamicos\Queixo\public\public_0000.npy
Queixo,Queixo_Articulador2.mp4,ok,C:\KONECTA\OCR\dados_libras\dinamicos\Queixo\public\public_0001.npy
Queixo,Queixo_Articulador3.mp4,ok,C:\KONECTA\OCR\dados_libras\dinamicos\Queixo\public\public_0002.npy
Quem,Quem_Articulador1.mp4,ok,C:\KONECTA\OCR\dados_libras\dinamicos\Quem\public\public_0000.npy
Quem,Quem_Articulador2.mp4,ok,C:\KONECTA\OCR\dados_libras\dinamicos\Quem\public\public_0001.npy
Quem,Quem_Articulador3.mp4,ok,C:\KONECTA\OCR\dados_libras\dinamicos\Quem\public\public_0002.npy
Quente,Quente_Articulador1.mp4,ok,C:\KONECTA\OCR\dados_libras\dinamicos\Quente\public\public_0000.npy
Quente,Quente_Articulador2.mp4,ok,C:\KONECTA\OCR\dados_libras\dinamicos\Quente\public\public_0001.npy
Quente,Quente_Articulador3.mp4,ok,C:\KONECTA\OCR\dados_libras\dinamicos\Quente\public\public_0002.npy
Quer,Quer_Articulador1.mp4,ok,C:\KONECTA\OCR\dados_libras\dinamicos\Quer\public\public_0000.npy
Quer,Quer_Articulador2.mp4,ok,C:\KONECTA\OCR\dados_libras\dinamicos\Quer\public\public_0001.npy
Quer,Quer_Articulador3.mp4,ok,C:\KONECTA\OCR\dados_libras\dinamicos\Quer\public\public_0002.npy
Quinta-feira,Quinta-feira_Articulador1.mp4,ok,C:\KONECTA\OCR\dados_libras\dinamicos\Quinta-feira\public\public_0000.npy
Quinta-feira,Quinta-feira_Articulador2.mp4,ok,C:\KONECTA\OCR\dados_libras\dinamicos\Quinta-feira\public\public_0001.npy
Quinta-feira,Quinta-feira_Articulador3.mp4,ok,C:\KONECTA\OCR\dados_libras\dinamicos\Quinta-feira\public\public_0002.npy
Química,Química_Articulador1.mp4,ok,C:\KONECTA\OCR\dados_libras\dinamicos\Química\public\public_0000.npy
Química,Química_Articulador2.mp4,ok,C:\KONECTA\OCR\dados_libras\dinamicos\Química\public\public_0001.npy
Química,Química_Articulador3.mp4,ok,C:\KONECTA\OCR\dados_libras\dinamicos\Química\public\public_0002.npy
Rainha,Rainha_Articulador1.mp4,ok,C:\KONECTA\OCR\dados_libras\dinamicos\Rainha\public\public_0000.npy
Rainha,Rainha_Articulador2.mp4,ok,C:\KONECTA\OCR\dados_libras\dinamicos\Rainha\public\public_0001.npy
Rainha,Rainha_Articulador3.mp4,ok,C:\KONECTA\OCR\dados_libras\dinamicos\Rainha\public\public_0002.npy
Ranzinza,Ranzinza_Articulador1.mp4,ok,C:\KONECTA\OCR\dados_libras\dinamicos\Ranzinza\public\public_0000.npy
Ranzinza,Ranzinza_Articulador2.mp4,ok,C:\KONECTA\OCR\dados_libras\dinamicos\Ranzinza\public\public_0001.npy
Ranzinza,Ranzinza_Articulador3.mp4,ok,C:\KONECTA\OCR\dados_libras\dinamicos\Ranzinza\public\public_0002.npy
Raposa,Raposa_Articulador1.mp4,ok,C:\KONECTA\OCR\dados_libras\dinamicos\Raposa\public\public_0000.npy
Raposa,Raposa_Articulador2.mp4,ok,C:\KONECTA\OCR\dados_libras\dinamicos\Raposa\public\public_0001.npy
Raposa,Raposa_Articulador3.mp4,ok,C:\KONECTA\OCR\dados_libras\dinamicos\Raposa\public\public_0002.npy
Raspar,Raspar_Articulador1.mp4,ok,C:\KONECTA\OCR\dados_libras\dinamicos\Raspar\public\public_0000.npy
Raspar,Raspar_Articulador2.mp4,ok,C:\KONECTA\OCR\dados_libras\dinamicos\Raspar\public\public_0001.npy
Raspar,Raspar_Articulador3.mp4,ok,C:\KONECTA\OCR\dados_libras\dinamicos\Raspar\public\public_0002.npy
Rato,Rato_Articulador1.mp4,ok,C:\KONECTA\OCR\dados_libras\dinamicos\Rato\public\public_0000.npy
Rato,Rato_Articulador2.mp4,ok,C:\KONECTA\OCR\dados_libras\dinamicos\Rato\public\public_0001.npy
Rato,Rato_Articulador3.mp4,ok,C:\KONECTA\OCR\dados_libras\dinamicos\Rato\public\public_0002.npy
Razão,Razão_Articulador1.mp4,ok,C:\KONECTA\OCR\dados_libras\dinamicos\Razão\public\public_0000.npy
Razão,Razão_Articulador2.mp4,ok,C:\KONECTA\OCR\dados_libras\dinamicos\Razão\public\public_0001.npy
Razão,Razão_Articulador3.mp4,ok,C:\KONECTA\OCR\dados_libras\dinamicos\Razão\public\public_0002.npy
Real,Real_Articulador1.mp4,ok,C:\KONECTA\OCR\dados_libras\dinamicos\Real\public\public_0000.npy
Real,Real_Articulador2.mp4,ok,C:\KONECTA\OCR\dados_libras\dinamicos\Real\public\public_0001.npy
Real,Real_Articulador3.mp4,ok,C:\KONECTA\OCR\dados_libras\dinamicos\Real\public\public_0002.npy
Reciclar,Reciclar_Articulador1.mp4,ok,C:\KONECTA\OCR\dados_libras\dinamicos\Reciclar\public\public_0000.npy
Reciclar,Reciclar_Articulador2.mp4,ok,C:\KONECTA\OCR\dados_libras\dinamicos\Reciclar\public\public_0001.npy
Reciclar,Reciclar_Articulador3.mp4,ok,C:\KONECTA\OCR\dados_libras\dinamicos\Reciclar\public\public_0002.npy
Reclamação,Reclamação_Articulador1.mp4,ok,C:\KONECTA\OCR\dados_libras\dinamicos\Reclamação\public\public_0000.npy
Reclamação,Reclamação_Articulador2.mp4,ok,C:\KONECTA\OCR\dados_libras\dinamicos\Reclamação\public\public_0001.npy
Reclamação,Reclamação_Articulador3.mp4,ok,C:\KONECTA\OCR\dados_libras\dinamicos\Reclamação\public\public_0002.npy
Recuperar,Recuperar_Articulador1.mp4,ok,C:\KONECTA\OCR\dados_libras\dinamicos\Recuperar\public\public_0000.npy
Recuperar,Recuperar_Articulador2.mp4,ok,C:\KONECTA\OCR\dados_libras\dinamicos\Recuperar\public\public_0001.npy
Recuperar,Recuperar_Articulador3.mp4,ok,C:\KONECTA\OCR\dados_libras\dinamicos\Recuperar\public\public_0002.npy
Recusar,Recusar_Articulador1.mp4,ok,C:\KONECTA\OCR\dados_libras\dinamicos\Recusar\public\public_0000.npy
Recusar,Recusar_Articulador2.mp4,ok,C:\KONECTA\OCR\dados_libras\dinamicos\Recusar\public\public_0001.npy
Recusar,Recusar_Articulador3.mp4,ok,C:\KONECTA\OCR\dados_libras\dinamicos\Recusar\public\public_0002.npy
Rede,Rede_Articulador1.mp4,ok,C:\KONECTA\OCR\dados_libras\dinamicos\Rede\public\public_0000.npy
Rede,Rede_Articulador2.mp4,ok,C:\KONECTA\OCR\dados_libras\dinamicos\Rede\public\public_0001.npy
Rede,Rede_Articulador3.mp4,ok,C:\KONECTA\OCR\dados_libras\dinamicos\Rede\public\public_0002.npy
Regata (camisa),Regata (camisa)_Articulador1.mp4,ok,C:\KONECTA\OCR\dados_libras\dinamicos\Regata (camisa)\public\public_0000.npy
Regata (camisa),Regata (camisa)_Articulador2.mp4,ok,C:\KONECTA\OCR\dados_libras\dinamicos\Regata (camisa)\public\public_0001.npy
Regata (camisa),Regata (camisa)_Articulador3.mp4,ok,C:\KONECTA\OCR\dados_libras\dinamicos\Regata (camisa)\public\public_0002.npy
Regular,Regular_Articulador1.mp4,ok,C:\KONECTA\OCR\dados_libras\dinamicos\Regular\public\public_0000.npy
Regular,Regular_Articulador2.mp4,ok,C:\KONECTA\OCR\dados_libras\dinamicos\Regular\public\public_0001.npy
Regular,Regular_Articulador3.mp4,ok,C:\KONECTA\OCR\dados_libras\dinamicos\Regular\public\public_0002.npy
Rei,Rei_Articulador1.mp4,ok,C:\KONECTA\OCR\dados_libras\dinamicos\Rei\public\public_0000.npy
Rei,Rei_Articulador2.mp4,ok,C:\KONECTA\OCR\dados_libras\dinamicos\Rei\public\public_0001.npy
Rei,Rei_Articulador3.mp4,ok,C:\KONECTA\OCR\dados_libras\dinamicos\Rei\public\public_0002.npy
Rejeitar,Rejeitar_Articulador1.mp4,ok,C:\KONECTA\OCR\dados_libras\dinamicos\Rejeitar\public\public_0000.npy
Rejeitar,Rejeitar_Articulador2.mp4,ok,C:\KONECTA\OCR\dados_libras\dinamicos\Rejeitar\public\public_0001.npy
Rejeitar,Rejeitar_Articulador3.mp4,ok,C:\KONECTA\OCR\dados_libras\dinamicos\Rejeitar\public\public_0002.npy
Relativo,Relativo_Articulador1.mp4,ok,C:\KONECTA\OCR\dados_libras\dinamicos\Relativo\public\public_0000.npy
Relativo,Relativo_Articulador2.mp4,ok,C:\KONECTA\OCR\dados_libras\dinamicos\Relativo\public\public_0001.npy
Relativo,Relativo_Articulador3.mp4,ok,C:\KONECTA\OCR\dados_libras\dinamicos\Relativo\public\public_0002.npy
Relatório,Relatório_Articulador1.mp4,ok,C:\KONECTA\OCR\dados_libras\dinamicos\Relatório\public\public_0000.npy
Relatório,Relatório_Articulador2.mp4,ok,C:\KONECTA\OCR\dados_libras\dinamicos\Relatório\public\public_0001.npy
Relatório,Relatório_Articulador3.mp4,ok,C:\KONECTA\OCR\dados_libras\dinamicos\Relatório\public\public_0002.npy
Relação,Relação_Articulador1.mp4,ok,C:\KONECTA\OCR\dados_libras\dinamicos\Relação\public\public_0000.npy
Relação,Relação_Articulador2.mp4,ok,C:\KONECTA\OCR\dados_libras\dinamicos\Relação\public\public_0001.npy
Relação,Relação_Articulador3.mp4,ok,C:\KONECTA\OCR\dados_libras\dinamicos\Relação\public\public_0002.npy
Religião,Religião_Articulador1.mp4,ok,C:\KONECTA\OCR\dados_libras\dinamicos\Religião\public\public_0000.npy
Religião,Religião_Articulador2.mp4,ok,C:\KONECTA\OCR\dados_libras\dinamicos\Religião\public\public_0001.npy
Religião,Religião_Articulador3.mp4,ok,C:\KONECTA\OCR\dados_libras\dinamicos\Religião\public\public_0002.npy
Relâmpago,Relâmpago_Articulador1.mp4,ok,C:\KONECTA\OCR\dados_libras\dinamicos\Relâmpago\public\public_0000.npy
Relâmpago,Relâmpago_Articulador2.mp4,ok,C:\KONECTA\OCR\dados_libras\dinamicos\Relâmpago\public\public_0001.npy
Relâmpago,Relâmpago_Articulador3.mp4,ok,C:\KONECTA\OCR\dados_libras\dinamicos\Relâmpago\public\public_0002.npy
Remover,Remover_Articulador1.mp4,ok,C:\KONECTA\OCR\dados_libras\dinamicos\Remover\public\public_0000.npy
Remover,Remover_Articulador2.mp4,ok,C:\KONECTA\OCR\dados_libras\dinamicos\Remover\public\public_0001.npy
Remover,Remover_Articulador3.mp4,ok,C:\KONECTA\OCR\dados_libras\dinamicos\Remover\public\public_0002.npy
Reprovado,Reprovado_Articulador1.mp4,ok,C:\KONECTA\OCR\dados_libras\dinamicos\Reprovado\public\public_0000.npy
Reprovado,Reprovado_Articulador2.mp4,ok,C:\KONECTA\OCR\dados_libras\dinamicos\Reprovado\public\public_0001.npy
Reprovado,Reprovado_Articulador3.mp4,ok,C:\KONECTA\OCR\dados_libras\dinamicos\Reprovado\public\public_0002.npy
Resistente,Resistente_Articulador1.mp4,ok,C:\KONECTA\OCR\dados_libras\dinamicos\Resistente\public\public_0000.npy
Resistente,Resistente_Articulador2.mp4,ok,C:\KONECTA\OCR\dados_libras\dinamicos\Resistente\public\public_0001.npy
Resistente,Resistente_Articulador3.mp4,ok,C:\KONECTA\OCR\dados_libras\dinamicos\Resistente\public\public_0002.npy
Respeito,Respeito_Articulador1.mp4,ok,C:\KONECTA\OCR\dados_libras\dinamicos\Respeito\public\public_0000.npy
Respeito,Respeito_Articulador2.mp4,ok,C:\KONECTA\OCR\dados_libras\dinamicos\Respeito\public\public_0001.npy
Respeito,Respeito_Articulador3.mp4,ok,C:\KONECTA\OCR\dados_libras\dinamicos\Respeito\public\public_0002.npy
Respirar,Respirar_Articulador1.mp4,ok,C:\KONECTA\OCR\dados_libras\dinamicos\Respirar\public\public_0000.npy
Respirar,Respirar_Articulador2.mp4,ok,C:\KONECTA\OCR\dados_libras\dinamicos\Respirar\public\public_0001.npy
Respirar,Respirar_Articulador3.mp4,ok,C:\KONECTA\OCR\dados_libras\dinamicos\Respirar\public\public_0002.npy
Responsabilidade,Responsabilidade_Articulador1.mp4,ok,C:\KONECTA\OCR\dados_libras\dinamicos\Responsabilidade\public\public_0000.npy
Responsabilidade,Responsabilidade_Articulador2.mp4,ok,C:\KONECTA\OCR\dados_libras\dinamicos\Responsabilidade\public\public_0001.npy
Responsabilidade,Responsabilidade_Articulador3.mp4,ok,C:\KONECTA\OCR\dados_libras\dinamicos\Responsabilidade\public\public_0002.npy
Resposta,Resposta_Articulador1.mp4,ok,C:\KONECTA\OCR\dados_libras\dinamicos\Resposta\public\public_0000.npy
Resposta,Resposta_Articulador2.mp4,ok,C:\KONECTA\OCR\dados_libras\dinamicos\Resposta\public\public_0001.npy
Resposta,Resposta_Articulador3.mp4,ok,C:\KONECTA\OCR\dados_libras\dinamicos\Resposta\public\public_0002.npy
Restaurante,Restaurante_Articulador1.mp4,ok,C:\KONECTA\OCR\dados_libras\dinamicos\Restaurante\public\public_0000.npy
Restaurante,Restaurante_Articulador2.mp4,ok,C:\KONECTA\OCR\dados_libras\dinamicos\Restaurante\public\public_0001.npy
Restaurante,Restaurante_Articulador3.mp4,ok,C:\KONECTA\OCR\dados_libras\dinamicos\Restaurante\public\public_0002.npy
Resultado,Resultado_Articulador1.mp4,ok,C:\KONECTA\OCR\dados_libras\dinamicos\Resultado\public\public_0000.npy
Resultado,Resultado_Articulador2.mp4,ok,C:\KONECTA\OCR\dados_libras\dinamicos\Resultado\public\public_0001.npy
Resultado,Resultado_Articulador3.mp4,ok,C:\KONECTA\OCR\dados_libras\dinamicos\Resultado\public\public_0002.npy
Resumir,Resumir_Articulador1.mp4,ok,C:\KONECTA\OCR\dados_libras\dinamicos\Resumir\public\public_0000.npy
Resumir,Resumir_Articulador2.mp4,ok,C:\KONECTA\OCR\dados_libras\dinamicos\Resumir\public\public_0001.npy
Resumir,Resumir_Articulador3.mp4,ok,C:\KONECTA\OCR\dados_libras\dinamicos\Resumir\public\public_0002.npy
Retardado Mental,Retardado Mental_Articulador1.mp4,ok,C:\KONECTA\OCR\dados_libras\dinamicos\Retardado Mental\public\public_0000.npy
Retardado Mental,Retardado Mental_Articulador2.mp4,ok,C:\KONECTA\OCR\dados_libras\dinamicos\Retardado Mental\public\public_0001.npy
Retardado Mental,Retardado Mental_Articulador3.mp4,ok,C:\KONECTA\OCR\dados_libras\dinamicos\Retardado Mental\public\public_0002.npy
Retorno,Retorno_Articulador1.mp4,ok,C:\KONECTA\OCR\dados_libras\dinamicos\Retorno\public\public_0000.npy
Retorno,Retorno_Articulador2.mp4,ok,C:\KONECTA\OCR\dados_libras\dinamicos\Retorno\public\public_0001.npy
Retorno,Retorno_Articulador3.mp4,ok,C:\KONECTA\OCR\dados_libras\dinamicos\Retorno\public\public_0002.npy
Reunião,Reunião_Articulador1.mp4,ok,C:\KONECTA\OCR\dados_libras\dinamicos\Reunião\public\public_0000.npy
Reunião,Reunião_Articulador2.mp4,ok,C:\KONECTA\OCR\dados_libras\dinamicos\Reunião\public\public_0001.npy
Reunião,Reunião_Articulador3.mp4,ok,C:\KONECTA\OCR\dados_libras\dinamicos\Reunião\public\public_0002.npy
Revista,Revista_Articulador1.mp4,ok,C:\KONECTA\OCR\dados_libras\dinamicos\Revista\public\public_0000.npy
Revista,Revista_Articulador2.mp4,ok,C:\KONECTA\OCR\dados_libras\dinamicos\Revista\public\public_0001.npy
Revista,Revista_Articulador3.mp4,ok,C:\KONECTA\OCR\dados_libras\dinamicos\Revista\public\public_0002.npy
Revisão,Revisão_Articulador1.mp4,ok,C:\KONECTA\OCR\dados_libras\dinamicos\Revisão\public\public_0000.npy
Revisão,Revisão_Articulador2.mp4,ok,C:\KONECTA\OCR\dados_libras\dinamicos\Revisão\public\public_0001.npy
Revisão,Revisão_Articulador3.mp4,ok,C:\KONECTA\OCR\dados_libras\dinamicos\Revisão\public\public_0002.npy
Rezar,Rezar_Articulador1.mp4,ok,C:\KONECTA\OCR\dados_libras\dinamicos\Rezar\public\public_0000.npy
Rezar,Rezar_Articulador2.mp4,ok,C:\KONECTA\OCR\dados_libras\dinamicos\Rezar\public\public_0001.npy
Rezar,Rezar_Articulador3.mp4,ok,C:\KONECTA\OCR\dados_libras\dinamicos\Rezar\public\public_0002.npy
Rico,Rico_Articulador1.mp4,ok,C:\KONECTA\OCR\dados_libras\dinamicos\Rico\public\public_0000.npy
Rico,Rico_Articulador2.mp4,ok,C:\KONECTA\OCR\dados_libras\dinamicos\Rico\public\public_0001.npy
Rico,Rico_Articulador3.mp4,ok,C:\KONECTA\OCR\dados_libras\dinamicos\Rico\public\public_0002.npy
Rigoroso,Rigoroso_Articulador1.mp4,ok,C:\KONECTA\OCR\dados_libras\dinamicos\Rigoroso\public\public_0000.npy
Rigoroso,Rigoroso_Articulador2.mp4,ok,C:\KONECTA\OCR\dados_libras\dinamicos\Rigoroso\public\public_0001.npy
Rigoroso,Rigoroso_Articulador3.mp4,ok,C:\KONECTA\OCR\dados_libras\dinamicos\Rigoroso\public\public_0002.npy
Rir (gargalhar),Rir (gargalhar)_Articulador1.mp4,ok,C:\KONECTA\OCR\dados_libras\dinamicos\Rir (gargalhar)\public\public_0000.npy
Rir (gargalhar),Rir (gargalhar)_Articulador2.mp4,ok,C:\KONECTA\OCR\dados_libras\dinamicos\Rir (gargalhar)\public\public_0001.npy
Rir (gargalhar),Rir (gargalhar)_Articulador3.mp4,ok,C:\KONECTA\OCR\dados_libras\dinamicos\Rir (gargalhar)\public\public_0002.npy
Risadinha,Risadinha_Articulador1.mp4,ok,C:\KONECTA\OCR\dados_libras\dinamicos\Risadinha\public\public_0000.npy
Risadinha,Risadinha_Articulador2.mp4,ok,C:\KONECTA\OCR\dados_libras\dinamicos\Risadinha\public\public_0001.npy
Risadinha,Risadinha_Articulador3.mp4,ok,C:\KONECTA\OCR\dados_libras\dinamicos\Risadinha\public\public_0002.npy
Roda,Roda_Articulador1.mp4,ok,C:\KONECTA\OCR\dados_libras\dinamicos\Roda\public\public_0000.npy
Roda,Roda_Articulador2.mp4,ok,C:\KONECTA\OCR\dados_libras\dinamicos\Roda\public\public_0001.npy
Roda,Roda_Articulador3.mp4,ok,C:\KONECTA\OCR\dados_libras\dinamicos\Roda\public\public_0002.npy
Rodovia,Rodovia_Articulador1.mp4,ok,C:\KONECTA\OCR\dados_libras\dinamicos\Rodovia\public\public_0000.npy
Rodovia,Rodovia_Articulador2.mp4,ok,C:\KONECTA\OCR\dados_libras\dinamicos\Rodovia\public\public_0001.npy
Rodovia,Rodovia_Articulador3.mp4,ok,C:\KONECTA\OCR\dados_libras\dinamicos\Rodovia\public\public_0002.npy
Rosa,Rosa_Articulador1.mp4,ok,C:\KONECTA\OCR\dados_libras\dinamicos\Rosa\public\public_0000.npy
Rosa,Rosa_Articulador2.mp4,ok,C:\KONECTA\OCR\dados_libras\dinamicos\Rosa\public\public_0001.npy
Rosa,Rosa_Articulador3.mp4,ok,C:\KONECTA\OCR\dados_libras\dinamicos\Rosa\public\public_0002.npy
Rosquinha (de massa frita),Rosquinha (de massa frita)_Articulador1.mp4,ok,C:\KONECTA\OCR\dados_libras\dinamicos\Rosquinha (de massa frita)\public\public_0000.npy
Rosquinha (de massa frita),Rosquinha (de massa frita)_Articulador2.mp4,ok,C:\KONECTA\OCR\dados_libras\dinamicos\Rosquinha (de massa frita)\public\public_0001.npy
Rosquinha (de massa frita),Rosquinha (de massa frita)_Articulador3.mp4,ok,C:\KONECTA\OCR\dados_libras\dinamicos\Rosquinha (de massa frita)\public\public_0002.npy
Roubar,Roubar_Articulador1.mp4,ok,C:\KONECTA\OCR\dados_libras\dinamicos\Roubar\public\public_0000.npy
Roubar,Roubar_Articulador2.mp4,ok,C:\KONECTA\OCR\dados_libras\dinamicos\Roubar\public\public_0001.npy
Roubar,Roubar_Articulador3.mp4,ok,C:\KONECTA\OCR\dados_libras\dinamicos\Roubar\public\public_0002.npy
Roxo,Roxo_Articulador1.mp4,ok,C:\KONECTA\OCR\dados_libras\dinamicos\Roxo\public\public_0000.npy
Roxo,Roxo_Articulador2.mp4,ok,C:\KONECTA\OCR\dados_libras\dinamicos\Roxo\public\public_0001.npy
Roxo,Roxo_Articulador3.mp4,ok,C:\KONECTA\OCR\dados_libras\dinamicos\Roxo\public\public_0002.npy
Ruim,Ruim_Articulador1.mp4,ok,C:\KONECTA\OCR\dados_libras\dinamicos\Ruim\public\public_0000.npy
Ruim,Ruim_Articulador2.mp4,ok,C:\KONECTA\OCR\dados_libras\dinamicos\Ruim\public\public_0001.npy
Ruim,Ruim_Articulador3.mp4,ok,C:\KONECTA\OCR\dados_libras\dinamicos\Ruim\public\public_0002.npy
Rumo (direção),Rumo (direção)_Articulador1.mp4,ok,C:\KONECTA\OCR\dados_libras\dinamicos\Rumo (direção)\public\public_0000.npy
Rumo (direção),Rumo (direção)_Articulador2.mp4,ok,C:\KONECTA\OCR\dados_libras\dinamicos\Rumo (direção)\public\public_0001.npy
Rumo (direção),Rumo (direção)_Articulador3.mp4,ok,C:\KONECTA\OCR\dados_libras\dinamicos\Rumo (direção)\public\public_0002.npy
Ruído,Ruído_Articulador1.mp4,ok,C:\KONECTA\OCR\dados_libras\dinamicos\Ruído\public\public_0000.npy
Ruído,Ruído_Articulador2.mp4,ok,C:\KONECTA\OCR\dados_libras\dinamicos\Ruído\public\public_0001.npy
Ruído,Ruído_Articulador3.mp4,ok,C:\KONECTA\OCR\dados_libras\dinamicos\Ruído\public\public_0002.npy
Rápido,Rápido_Articulador1.mp4,ok,C:\KONECTA\OCR\dados_libras\dinamicos\Rápido\public\public_0000.npy
Rápido,Rápido_Articulador2.mp4,ok,C:\KONECTA\OCR\dados_libras\dinamicos\Rápido\public\public_0001.npy
Rápido,Rápido_Articulador3.mp4,ok,C:\KONECTA\OCR\dados_libras\dinamicos\Rápido\public\public_0002.npy
Rã (sapo),Rã (sapo)_Articulador1.mp4,ok,C:\KONECTA\OCR\dados_libras\dinamicos\Rã (sapo)\public\public_0000.npy
Rã (sapo),Rã (sapo)_Articulador2.mp4,ok,C:\KONECTA\OCR\dados_libras\dinamicos\Rã (sapo)\public\public_0001.npy
Rã (sapo),Rã (sapo)_Articulador3.mp4,ok,C:\KONECTA\OCR\dados_libras\dinamicos\Rã (sapo)\public\public_0002.npy
Saber,Saber_Articulador1.mp4,ok,C:\KONECTA\OCR\dados_libras\dinamicos\Saber\public\public_0000.npy
Saber,Saber_Articulador2.mp4,ok,C:\KONECTA\OCR\dados_libras\dinamicos\Saber\public\public_0001.npy
Saber,Saber_Articulador3.mp4,ok,C:\KONECTA\OCR\dados_libras\dinamicos\Saber\public\public_0002.npy
Sabão,Sabão_Articulador1.mp4,ok,C:\KONECTA\OCR\dados_libras\dinamicos\Sabão\public\public_0000.npy
Sabão,Sabão_Articulador2.mp4,ok,C:\KONECTA\OCR\dados_libras\dinamicos\Sabão\public\public_0001.npy
Sabão,Sabão_Articulador3.mp4,ok,C:\KONECTA\OCR\dados_libras\dinamicos\Sabão\public\public_0002.npy
Saciado,Saciado_Articulador1.mp4,ok,C:\KONECTA\OCR\dados_libras\dinamicos\Saciado\public\public_0000.npy
Saciado,Saciado_Articulador2.mp4,ok,C:\KONECTA\OCR\dados_libras\dinamicos\Saciado\public\public_0001.npy
Saciado,Saciado_Articulador3.mp4,ok,C:\KONECTA\OCR\dados_libras\dinamicos\Saciado\public\public_0002.npy
Saco de lixo,Saco de lixo_Articulador1.mp4,ok,C:\KONECTA\OCR\dados_libras\dinamicos\Saco de lixo\public\public_0000.npy
Saco de lixo,Saco de lixo_Articulador2.mp4,ok,C:\KONECTA\OCR\dados_libras\dinamicos\Saco de lixo\public\public_0001.npy
Saco de lixo,Saco de lixo_Articulador3.mp4,ok,C:\KONECTA\OCR\dados_libras\dinamicos\Saco de lixo\public\public_0002.npy
Sacudir,Sacudir_Articulador1.mp4,ok,C:\KONECTA\OCR\dados_libras\dinamicos\Sacudir\public\public_0000.npy
Sacudir,Sacudir_Articulador2.mp4,ok,C:\KONECTA\OCR\dados_libras\dinamicos\Sacudir\public\public_0001.npy
Sacudir,Sacudir_Articulador3.mp4,ok,C:\KONECTA\OCR\dados_libras\dinamicos\Sacudir\public\public_0002.npy
Saia,Saia_Articulador1.mp4,ok,C:\KONECTA\OCR\dados_libras\dinamicos\Saia\public\public_0000.npy
Saia,Saia_Articulador2.mp4,ok,C:\KONECTA\OCR\dados_libras\dinamicos\Saia\public\public_0001.npy
Saia,Saia_Articulador3.mp4,ok,C:\KONECTA\OCR\dados_libras\dinamicos\Saia\public\public_0002.npy
Sair,Sair_Articulador1.mp4,ok,C:\KONECTA\OCR\dados_libras\dinamicos\Sair\public\public_0000.npy
Sair,Sair_Articulador2.mp4,ok,C:\KONECTA\OCR\dados_libras\dinamicos\Sair\public\public_0001.npy
Sair,Sair_Articulador3.mp4,ok,C:\KONECTA\OCR\dados_libras\dinamicos\Sair\public\public_0002.npy
Sal comum,Sal comum_Articulador1.mp4,ok,C:\KONECTA\OCR\dados_libras\dinamicos\Sal comum\public\public_0000.npy
Sal comum,Sal comum_Articulador2.mp4,ok,C:\KONECTA\OCR\dados_libras\dinamicos\Sal comum\public\public_0001.npy
Sal comum,Sal comum_Articulador3.mp4,ok,C:\KONECTA\OCR\dados_libras\dinamicos\Sal comum\public\public_0002.npy
Salada,Salada_Articulador1.mp4,ok,C:\KONECTA\OCR\dados_libras\dinamicos\Salada\public\public_0000.npy
Salada,Salada_Articulador2.mp4,ok,C:\KONECTA\OCR\dados_libras\dinamicos\Salada\public\public_0001.npy
Salada,Salada_Articulador3.mp4,ok,C:\KONECTA\OCR\dados_libras\dinamicos\Salada\public\public_0002.npy
Salsicha,Salsicha_Articulador1.mp4,ok,C:\KONECTA\OCR\dados_libras\dinamicos\Salsicha\public\public_0000.npy
Salsicha,Salsicha_Articulador2.mp4,ok,C:\KONECTA\OCR\dados_libras\dinamicos\Salsicha\public\public_0001.npy
Salsicha,Salsicha_Articulador3.mp4,ok,C:\KONECTA\OCR\dados_libras\dinamicos\Salsicha\public\public_0002.npy
Salto pra frente,Salto pra frente_Articulador1.mp4,ok,C:\KONECTA\OCR\dados_libras\dinamicos\Salto pra frente\public\public_0000.npy
Salto pra frente,Salto pra frente_Articulador2.mp4,ok,C:\KONECTA\OCR\dados_libras\dinamicos\Salto pra frente\public\public_0001.npy
Salto pra frente,Salto pra frente_Articulador3.mp4,ok,C:\KONECTA\OCR\dados_libras\dinamicos\Salto pra frente\public\public_0002.npy
Salvar,Salvar_Articulador1.mp4,ok,C:\KONECTA\OCR\dados_libras\dinamicos\Salvar\public\public_0000.npy
Salvar,Salvar_Articulador2.mp4,ok,C:\KONECTA\OCR\dados_libras\dinamicos\Salvar\public\public_0001.npy
Salvar,Salvar_Articulador3.mp4,ok,C:\KONECTA\OCR\dados_libras\dinamicos\Salvar\public\public_0002.npy
Sanduíche,Sanduíche_Articulador1.mp4,ok,C:\KONECTA\OCR\dados_libras\dinamicos\Sanduíche\public\public_0000.npy
Sanduíche,Sanduíche_Articulador2.mp4,ok,C:\KONECTA\OCR\dados_libras\dinamicos\Sanduíche\public\public_0001.npy
Sanduíche,Sanduíche_Articulador3.mp4,ok,C:\KONECTA\OCR\dados_libras\dinamicos\Sanduíche\public\public_0002.npy
Sangue,Sangue_Articulador1.mp4,ok,C:\KONECTA\OCR\dados_libras\dinamicos\Sangue\public\public_0000.npy
Sangue,Sangue_Articulador2.mp4,ok,C:\KONECTA\OCR\dados_libras\dinamicos\Sangue\public\public_0001.npy
Sangue,Sangue_Articulador3.mp4,ok,C:\KONECTA\OCR\dados_libras\dinamicos\Sangue\public\public_0002.npy
Sapato,Sapato_Articulador1.mp4,ok,C:\KONECTA\OCR\dados_libras\dinamicos\Sapato\public\public_0000.npy
Sapato,Sapato_Articulador2.mp4,ok,C:\KONECTA\OCR\dados_libras\dinamicos\Sapato\public\public_0001.npy
Sapato,Sapato_Articulador3.mp4,ok,C:\KONECTA\OCR\dados_libras\dinamicos\Sapato\public\public_0002.npy
Sarampo,Sarampo_Articulador1.mp4,ok,C:\KONECTA\OCR\dados_libras\dinamicos\Sarampo\public\public_0000.npy
Sarampo,Sarampo_Articulador2.mp4,ok,C:\KONECTA\OCR\dados_libras\dinamicos\Sarampo\public\public_0001.npy
Sarampo,Sarampo_Articulador3.mp4,ok,C:\KONECTA\OCR\dados_libras\dinamicos\Sarampo\public\public_0002.npy
Sarcasmo,Sarcasmo_Articulador1.mp4,ok,C:\KONECTA\OCR\dados_libras\dinamicos\Sarcasmo\public\public_0000.npy
Sarcasmo,Sarcasmo_Articulador2.mp4,ok,C:\KONECTA\OCR\dados_libras\dinamicos\Sarcasmo\public\public_0001.npy
Sarcasmo,Sarcasmo_Articulador3.mp4,ok,C:\KONECTA\OCR\dados_libras\dinamicos\Sarcasmo\public\public_0002.npy
Sarda,Sarda_Articulador1.mp4,ok,C:\KONECTA\OCR\dados_libras\dinamicos\Sarda\public\public_0000.npy
Sarda,Sarda_Articulador2.mp4,ok,C:\KONECTA\OCR\dados_libras\dinamicos\Sarda\public\public_0001.npy
Sarda,Sarda_Articulador3.mp4,ok,C:\KONECTA\OCR\dados_libras\dinamicos\Sarda\public\public_0002.npy
Satisfação Pessoal,Satisfação Pessoal_Articulador1.mp4,ok,C:\KONECTA\OCR\dados_libras\dinamicos\Satisfação Pessoal\public\public_0000.npy
Satisfação Pessoal,Satisfação Pessoal_Articulador2.mp4,ok,C:\KONECTA\OCR\dados_libras\dinamicos\Satisfação Pessoal\public\public_0001.npy
Satisfação Pessoal,Satisfação Pessoal_Articulador3.mp4,ok,C:\KONECTA\OCR\dados_libras\dinamicos\Satisfação Pessoal\public\public_0002.npy
Se,Se_Articulador1.mp4,ok,C:\KONECTA\OCR\dados_libras\dinamicos\Se\public\public_0000.npy
Se,Se_Articulador2.mp4,ok,C:\KONECTA\OCR\dados_libras\dinamicos\Se\public\public_0001.npy
Se,Se_Articulador3.mp4,ok,C:\KONECTA\OCR\dados_libras\dinamicos\Se\public\public_0002.npy
Se afaste,Se afaste_Articulador1.mp4,ok,C:\KONECTA\OCR\dados_libras\dinamicos\Se afaste\public\public_0000.npy
Se afaste,Se afaste_Articulador2.mp4,ok,C:\KONECTA\OCR\dados_libras\dinamicos\Se afaste\public\public_0001.npy
Se afaste,Se afaste_Articulador3.mp4,ok,C:\KONECTA\OCR\dados_libras\dinamicos\Se afaste\public\public_0002.npy
Se casar,Se casar_Articulador1.mp4,ok,C:\KONECTA\OCR\dados_libras\dinamicos\Se casar\public\public_0000.npy
Se casar,Se casar_Articulador2.mp4,ok,C:\KONECTA\OCR\dados_libras\dinamicos\Se casar\public\public_0001.npy
Se casar,Se casar_Articulador3.mp4,ok,C:\KONECTA\OCR\dados_libras\dinamicos\Se casar\public\public_0002.npy
Se foi (já era),Se foi (já era)_Articulador1.mp4,ok,C:\KONECTA\OCR\dados_libras\dinamicos\Se foi (já era)\public\public_0000.npy
Se foi (já era),Se foi (já era)_Articulador2.mp4,ok,C:\KONECTA\OCR\dados_libras\dinamicos\Se foi (já era)\public\public_0001.npy
Se foi (já era),Se foi (já era)_Articulador3.mp4,ok,C:\KONECTA\OCR\dados_libras\dinamicos\Se foi (já era)\public\public_0002.npy
Se gabar,Se gabar_Articulador1.mp4,ok,C:\KONECTA\OCR\dados_libras\dinamicos\Se gabar\public\public_0000.npy
Se gabar,Se gabar_Articulador2.mp4,ok,C:\KONECTA\OCR\dados_libras\dinamicos\Se gabar\public\public_0001.npy
Se gabar,Se gabar_Articulador3.mp4,ok,C:\KONECTA\OCR\dados_libras\dinamicos\Se gabar\public\public_0002.npy
Seco (árido),Seco (árido)_Articulador1.mp4,ok,C:\KONECTA\OCR\dados_libras\dinamicos\Seco (árido)\public\public_0000.npy
Seco (árido),Seco (árido)_Articulador2.mp4,ok,C:\KONECTA\OCR\dados_libras\dinamicos\Seco (árido)\public\public_0001.npy
Seco (árido),Seco (árido)_Articulador3.mp4,ok,C:\KONECTA\OCR\dados_libras\dinamicos\Seco (árido)\public\public_0002.npy
Secretária,Secretária_Articulador1.mp4,ok,C:\KONECTA\OCR\dados_libras\dinamicos\Secretária\public\public_0000.npy
Secretária,Secretária_Articulador2.mp4,ok,C:\KONECTA\OCR\dados_libras\dinamicos\Secretária\public\public_0001.npy
Secretária,Secretária_Articulador3.mp4,ok,C:\KONECTA\OCR\dados_libras\dinamicos\Secretária\public\public_0002.npy
Secretário,Secretário_Articulador1.mp4,ok,C:\KONECTA\OCR\dados_libras\dinamicos\Secretário\public\public_0000.npy
Secretário,Secretário_Articulador2.mp4,ok,C:\KONECTA\OCR\dados_libras\dinamicos\Secretário\public\public_0001.npy
Secretário,Secretário_Articulador3.mp4,ok,C:\KONECTA\OCR\dados_libras\dinamicos\Secretário\public\public_0002.npy
Segredo,Segredo_Articulador1.mp4,ok,C:\KONECTA\OCR\dados_libras\dinamicos\Segredo\public\public_0000.npy
Segredo,Segredo_Articulador2.mp4,ok,C:\KONECTA\OCR\dados_libras\dinamicos\Segredo\public\public_0001.npy
Segredo,Segredo_Articulador3.mp4,ok,C:\KONECTA\OCR\dados_libras\dinamicos\Segredo\public\public_0002.npy
Seguir,Seguir_Articulador1.mp4,ok,C:\KONECTA\OCR\dados_libras\dinamicos\Seguir\public\public_0000.npy
Seguir,Seguir_Articulador2.mp4,ok,C:\KONECTA\OCR\dados_libras\dinamicos\Seguir\public\public_0001.npy
Seguir,Seguir_Articulador3.mp4,ok,C:\KONECTA\OCR\dados_libras\dinamicos\Seguir\public\public_0002.npy
Segunda vez,Segunda vez_Articulador1.mp4,ok,C:\KONECTA\OCR\dados_libras\dinamicos\Segunda vez\public\public_0000.npy
Segunda vez,Segunda vez_Articulador2.mp4,ok,C:\KONECTA\OCR\dados_libras\dinamicos\Segunda vez\public\public_0001.npy
Segunda vez,Segunda vez_Articulador3.mp4,ok,C:\KONECTA\OCR\dados_libras\dinamicos\Segunda vez\public\public_0002.npy
Segunda-feira,Segunda-feira_Articulador1.mp4,ok,C:\KONECTA\OCR\dados_libras\dinamicos\Segunda-feira\public\public_0000.npy
Segunda-feira,Segunda-feira_Articulador2.mp4,ok,C:\KONECTA\OCR\dados_libras\dinamicos\Segunda-feira\public\public_0001.npy
Segunda-feira,Segunda-feira_Articulador3.mp4,ok,C:\KONECTA\OCR\dados_libras\dinamicos\Segunda-feira\public\public_0002.npy
Seguro,Seguro_Articulador1.mp4,ok,C:\KONECTA\OCR\dados_libras\dinamicos\Seguro\public\public_0000.npy
Seguro,Seguro_Articulador2.mp4,ok,C:\KONECTA\OCR\dados_libras\dinamicos\Seguro\public\public_0001.npy
Seguro,Seguro_Articulador3.mp4,ok,C:\KONECTA\OCR\dados_libras\dinamicos\Seguro\public\public_0002.npy
Seios,Seios_Articulador1.mp4,ok,C:\KONECTA\OCR\dados_libras\dinamicos\Seios\public\public_0000.npy
Seios,Seios_Articulador2.mp4,ok,C:\KONECTA\OCR\dados_libras\dinamicos\Seios\public\public_0001.npy
Seios,Seios_Articulador3.mp4,ok,C:\KONECTA\OCR\dados_libras\dinamicos\Seios\public\public_0002.npy
Selo,Selo_Articulador1.mp4,ok,C:\KONECTA\OCR\dados_libras\dinamicos\Selo\public\public_0000.npy
Selo,Selo_Articulador2.mp4,ok,C:\KONECTA\OCR\dados_libras\dinamicos\Selo\public\public_0001.npy
Selo,Selo_Articulador3.mp4,ok,C:\KONECTA\OCR\dados_libras\dinamicos\Selo\public\public_0002.npy
Sem emoção,Sem emoção_Articulador1.mp4,ok,C:\KONECTA\OCR\dados_libras\dinamicos\Sem emoção\public\public_0000.npy
Sem emoção,Sem emoção_Articulador2.mp4,ok,C:\KONECTA\OCR\dados_libras\dinamicos\Sem emoção\public\public_0001.npy
Sem emoção,Sem emoção_Articulador3.mp4,ok,C:\KONECTA\OCR\dados_libras\dinamicos\Sem emoção\public\public_0002.npy
Sem Problemas,Sem Problemas_Articulador1.mp4,ok,C:\KONECTA\OCR\dados_libras\dinamicos\Sem Problemas\public\public_0000.npy
Sem Problemas,Sem Problemas_Articulador2.mp4,ok,C:\KONECTA\OCR\dados_libras\dinamicos\Sem Problemas\public\public_0001.npy
Sem Problemas,Sem Problemas_Articulador3.mp4,ok,C:\KONECTA\OCR\dados_libras\dinamicos\Sem Problemas\public\public_0002.npy
Sementes de plantas,Sementes de plantas_Articulador1.mp4,ok,C:\KONECTA\OCR\dados_libras\dinamicos\Sementes de plantas\public\public_0000.npy
Sementes de plantas,Sementes de plantas_Articulador2.mp4,ok,C:\KONECTA\OCR\dados_libras\dinamicos\Sementes de plantas\public\public_0001.npy
Sementes de plantas,Sementes de plantas_Articulador3.mp4,ok,C:\KONECTA\OCR\dados_libras\dinamicos\Sementes de plantas\public\public_0002.npy
Semestre,Semestre_Articulador1.mp4,ok,C:\KONECTA\OCR\dados_libras\dinamicos\Semestre\public\public_0000.npy
Semestre,Semestre_Articulador2.mp4,ok,C:\KONECTA\OCR\dados_libras\dinamicos\Semestre\public\public_0001.npy
Semestre,Semestre_Articulador3.mp4,ok,C:\KONECTA\OCR\dados_libras\dinamicos\Semestre\public\public_0002.npy
Sempre,Sempre_Articulador1.mp4,ok,C:\KONECTA\OCR\dados_libras\dinamicos\Sempre\public\public_0000.npy
Sempre,Sempre_Articulador2.mp4,ok,C:\KONECTA\OCR\dados_libras\dinamicos\Sempre\public\public_0001.npy
Sempre,Sempre_Articulador3.mp4,ok,C:\KONECTA\OCR\dados_libras\dinamicos\Sempre\public\public_0002.npy
Semáforo,Semáforo_Articulador1.mp4,ok,C:\KONECTA\OCR\dados_libras\dinamicos\Semáforo\public\public_0000.npy
Semáforo,Semáforo_Articulador2.mp4,ok,C:\KONECTA\OCR\dados_libras\dinamicos\Semáforo\public\public_0001.npy
Semáforo,Semáforo_Articulador3.mp4,ok,C:\KONECTA\OCR\dados_libras\dinamicos\Semáforo\public\public_0002.npy
Sensível (delicado),Sensível (delicado)_Articulador1.mp4,ok,C:\KONECTA\OCR\dados_libras\dinamicos\Sensível (delicado)\public\public_0000.npy
Sensível (delicado),Sensível (delicado)_Articulador2.mp4,ok,C:\KONECTA\OCR\dados_libras\dinamicos\Sensível (delicado)\public\public_0001.npy
Sensível (delicado),Sensível (delicado)_Articulador3.mp4,ok,C:\KONECTA\OCR\dados_libras\dinamicos\Sensível (delicado)\public\public_0002.npy
Sentar,Sentar_Articulador1.mp4,ok,C:\KONECTA\OCR\dados_libras\dinamicos\Sentar\public\public_0000.npy
Sentar,Sentar_Articulador2.mp4,ok,C:\KONECTA\OCR\dados_libras\dinamicos\Sentar\public\public_0001.npy
Sentar,Sentar_Articulador3.mp4,ok,C:\KONECTA\OCR\dados_libras\dinamicos\Sentar\public\public_0002.npy
Sentença,Sentença_Articulador1.mp4,ok,C:\KONECTA\OCR\dados_libras\dinamicos\Sentença\public\public_0000.npy
Sentença,Sentença_Articulador2.mp4,ok,C:\KONECTA\OCR\dados_libras\dinamicos\Sentença\public\public_0001.npy
Sentença,Sentença_Articulador3.mp4,ok,C:\KONECTA\OCR\dados_libras\dinamicos\Sentença\public\public_0002.npy
Sentir,Sentir_Articulador1.mp4,ok,C:\KONECTA\OCR\dados_libras\dinamicos\Sentir\public\public_0000.npy
Sentir,Sentir_Articulador2.mp4,ok,C:\KONECTA\OCR\dados_libras\dinamicos\Sentir\public\public_0001.npy
Sentir,Sentir_Articulador3.mp4,ok,C:\KONECTA\OCR\dados_libras\dinamicos\Sentir\public\public_0002.npy
Separado,Separado_Articulador1.mp4,ok,C:\KONECTA\OCR\dados_libras\dinamicos\Separado\public\public_0000.npy
Separado,Separado_Articulador2.mp4,ok,C:\KONECTA\OCR\dados_libras\dinamicos\Separado\public\public_0001.npy
Separado,Separado_Articulador3.mp4,ok,C:\KONECTA\OCR\dados_libras\dinamicos\Separado\public\public_0002.npy
Serpente,Serpente_Articulador1.mp4,ok,C:\KONECTA\OCR\dados_libras\dinamicos\Serpente\public\public_0000.npy
Serpente,Serpente_Articulador2.mp4,ok,C:\KONECTA\OCR\dados_libras\dinamicos\Serpente\public\public_0001.npy
Serpente,Serpente_Articulador3.mp4,ok,C:\KONECTA\OCR\dados_libras\dinamicos\Serpente\public\public_0002.npy
Serviço,Serviço_Articulador1.mp4,ok,C:\KONECTA\OCR\dados_libras\dinamicos\Serviço\public\public_0000.npy
Serviço,Serviço_Articulador2.mp4,ok,C:\KONECTA\OCR\dados_libras\dinamicos\Serviço\public\public_0001.npy
Serviço,Serviço_Articulador3.mp4,ok,C:\KONECTA\OCR\dados_libras\dinamicos\Serviço\public\public_0002.npy
Sexo,Sexo_Articulador1.mp4,ok,C:\KONECTA\OCR\dados_libras\dinamicos\Sexo\public\public_0000.npy
Sexo,Sexo_Articulador2.mp4,ok,C:\KONECTA\OCR\dados_libras\dinamicos\Sexo\public\public_0001.npy
Sexo,Sexo_Articulador3.mp4,ok,C:\KONECTA\OCR\dados_libras\dinamicos\Sexo\public\public_0002.npy
Sexta-feira,Sexta-feira_Articulador1.mp4,ok,C:\KONECTA\OCR\dados_libras\dinamicos\Sexta-feira\public\public_0000.npy
Sexta-feira,Sexta-feira_Articulador2.mp4,ok,C:\KONECTA\OCR\dados_libras\dinamicos\Sexta-feira\public\public_0001.npy
Sexta-feira,Sexta-feira_Articulador3.mp4,ok,C:\KONECTA\OCR\dados_libras\dinamicos\Sexta-feira\public\public_0002.npy
Show,Show_Articulador1.mp4,ok,C:\KONECTA\OCR\dados_libras\dinamicos\Show\public\public_0000.npy
Show,Show_Articulador2.mp4,ok,C:\KONECTA\OCR\dados_libras\dinamicos\Show\public\public_0001.npy
Show,Show_Articulador3.mp4,ok,C:\KONECTA\OCR\dados_libras\dinamicos\Show\public\public_0002.npy
Sim,Sim_Articulador1.mp4,ok,C:\KONECTA\OCR\dados_libras\dinamicos\Sim\public\public_0000.npy
Sim,Sim_Articulador2.mp4,ok,C:\KONECTA\OCR\dados_libras\dinamicos\Sim\public\public_0001.npy
Sim,Sim_Articulador3.mp4,ok,C:\KONECTA\OCR\dados_libras\dinamicos\Sim\public\public_0002.npy
Simples,Simples_Articulador1.mp4,ok,C:\KONECTA\OCR\dados_libras\dinamicos\Simples\public\public_0000.npy
Simples,Simples_Articulador2.mp4,ok,C:\KONECTA\OCR\dados_libras\dinamicos\Simples\public\public_0001.npy
Simples,Simples_Articulador3.mp4,ok,C:\KONECTA\OCR\dados_libras\dinamicos\Simples\public\public_0002.npy
Simplificar,Simplificar_Articulador1.mp4,ok,C:\KONECTA\OCR\dados_libras\dinamicos\Simplificar\public\public_0000.npy
Simplificar,Simplificar_Articulador2.mp4,ok,C:\KONECTA\OCR\dados_libras\dinamicos\Simplificar\public\public_0001.npy
Simplificar,Simplificar_Articulador3.mp4,ok,C:\KONECTA\OCR\dados_libras\dinamicos\Simplificar\public\public_0002.npy
Sino,Sino_Articulador1.mp4,ok,C:\KONECTA\OCR\dados_libras\dinamicos\Sino\public\public_0000.npy
Sino,Sino_Articulador2.mp4,ok,C:\KONECTA\OCR\dados_libras\dinamicos\Sino\public\public_0001.npy
Sino,Sino_Articulador3.mp4,ok,C:\KONECTA\OCR\dados_libras\dinamicos\Sino\public\public_0002.npy
Sistema,Sistema_Articulador1.mp4,ok,C:\KONECTA\OCR\dados_libras\dinamicos\Sistema\public\public_0000.npy
Sistema,Sistema_Articulador2.mp4,ok,C:\KONECTA\OCR\dados_libras\dinamicos\Sistema\public\public_0001.npy
Sistema,Sistema_Articulador3.mp4,ok,C:\KONECTA\OCR\dados_libras\dinamicos\Sistema\public\public_0002.npy
Situação,Situação_Articulador1.mp4,ok,C:\KONECTA\OCR\dados_libras\dinamicos\Situação\public\public_0000.npy
Situação,Situação_Articulador2.mp4,ok,C:\KONECTA\OCR\dados_libras\dinamicos\Situação\public\public_0001.npy
Situação,Situação_Articulador3.mp4,ok,C:\KONECTA\OCR\dados_libras\dinamicos\Situação\public\public_0002.npy
Sobrancelha,Sobrancelha_Articulador1.mp4,ok,C:\KONECTA\OCR\dados_libras\dinamicos\Sobrancelha\public\public_0000.npy
Sobrancelha,Sobrancelha_Articulador2.mp4,ok,C:\KONECTA\OCR\dados_libras\dinamicos\Sobrancelha\public\public_0001.npy
Sobrancelha,Sobrancelha_Articulador3.mp4,ok,C:\KONECTA\OCR\dados_libras\dinamicos\Sobrancelha\public\public_0002.npy
Sobre,Sobre_Articulador1.mp4,ok,C:\KONECTA\OCR\dados_libras\dinamicos\Sobre\public\public_0000.npy
Sobre,Sobre_Articulador2.mp4,ok,C:\KONECTA\OCR\dados_libras\dinamicos\Sobre\public\public_0001.npy
Sobre,Sobre_Articulador3.mp4,ok,C:\KONECTA\OCR\dados_libras\dinamicos\Sobre\public\public_0002.npy
Sobrinha,Sobrinha_Articulador1.mp4,ok,C:\KONECTA\OCR\dados_libras\dinamicos\Sobrinha\public\public_0000.npy
Sobrinha,Sobrinha_Articulador2.mp4,ok,C:\KONECTA\OCR\dados_libras\dinamicos\Sobrinha\public\public_0001.npy
Sobrinha,Sobrinha_Articulador3.mp4,ok,C:\KONECTA\OCR\dados_libras\dinamicos\Sobrinha\public\public_0002.npy
Sobrinho,Sobrinho_Articulador1.mp4,ok,C:\KONECTA\OCR\dados_libras\dinamicos\Sobrinho\public\public_0000.npy
Sobrinho,Sobrinho_Articulador2.mp4,ok,C:\KONECTA\OCR\dados_libras\dinamicos\Sobrinho\public\public_0001.npy
Sobrinho,Sobrinho_Articulador3.mp4,ok,C:\KONECTA\OCR\dados_libras\dinamicos\Sobrinho\public\public_0002.npy
Sociedade,Sociedade_Articulador1.mp4,ok,C:\KONECTA\OCR\dados_libras\dinamicos\Sociedade\public\public_0000.npy
Sociedade,Sociedade_Articulador2.mp4,ok,C:\KONECTA\OCR\dados_libras\dinamicos\Sociedade\public\public_0001.npy
Sociedade,Sociedade_Articulador3.mp4,ok,C:\KONECTA\OCR\dados_libras\dinamicos\Sociedade\public\public_0002.npy
Soco,Soco_Articulador1.mp4,ok,C:\KONECTA\OCR\dados_libras\dinamicos\Soco\public\public_0000.npy
Soco,Soco_Articulador2.mp4,ok,C:\KONECTA\OCR\dados_libras\dinamicos\Soco\public\public_0001.npy
Soco,Soco_Articulador3.mp4,ok,C:\KONECTA\OCR\dados_libras\dinamicos\Soco\public\public_0002.npy
Sofrer,Sofrer_Articulador1.mp4,ok,C:\KONECTA\OCR\dados_libras\dinamicos\Sofrer\public\public_0000.npy
Sofrer,Sofrer_Articulador2.mp4,ok,C:\KONECTA\OCR\dados_libras\dinamicos\Sofrer\public\public_0001.npy
Sofrer,Sofrer_Articulador3.mp4,ok,C:\KONECTA\OCR\dados_libras\dinamicos\Sofrer\public\public_0002.npy
Sol,Sol_Articulador1.mp4,ok,C:\KONECTA\OCR\dados_libras\dinamicos\Sol\public\public_0000.npy
Sol,Sol_Articulador2.mp4,ok,C:\KONECTA\OCR\dados_libras\dinamicos\Sol\public\public_0001.npy
Sol,Sol_Articulador3.mp4,ok,C:\KONECTA\OCR\dados_libras\dinamicos\Sol\public\public_0002.npy
Soletrar,Soletrar_Articulador1.mp4,ok,C:\KONECTA\OCR\dados_libras\dinamicos\Soletrar\public\public_0000.npy
Soletrar,Soletrar_Articulador2.mp4,ok,C:\KONECTA\OCR\dados_libras\dinamicos\Soletrar\public\public_0001.npy
Soletrar,Soletrar_Articulador3.mp4,ok,C:\KONECTA\OCR\dados_libras\dinamicos\Soletrar\public\public_0002.npy
Solicitar,Solicitar_Articulador1.mp4,ok,C:\KONECTA\OCR\dados_libras\dinamicos\Solicitar\public\public_0000.npy
Solicitar,Solicitar_Articulador3.mp4,ok,C:\KONECTA\OCR\dados_libras\dinamicos\Solicitar\public\public_0001.npy
Solicitação,Solicitação_Articulador1.mp4,ok,C:\KONECTA\OCR\dados_libras\dinamicos\Solicitação\public\public_0000.npy
Solicitação,Solicitação_Articulador2.mp4,ok,C:\KONECTA\OCR\dados_libras\dinamicos\Solicitação\public\public_0001.npy
Solicitação,Solicitação_Articulador3.mp4,ok,C:\KONECTA\OCR\dados_libras\dinamicos\Solicitação\public\public_0002.npy
Soltar gases,Soltar gases_Articulador1.mp4,ok,C:\KONECTA\OCR\dados_libras\dinamicos\Soltar gases\public\public_0000.npy
Soltar gases,Soltar gases_Articulador2.mp4,ok,C:\KONECTA\OCR\dados_libras\dinamicos\Soltar gases\public\public_0001.npy
Soltar gases,Soltar gases_Articulador3.mp4,ok,C:\KONECTA\OCR\dados_libras\dinamicos\Soltar gases\public\public_0002.npy
Solteiro,Solteiro_Articulador1.mp4,ok,C:\KONECTA\OCR\dados_libras\dinamicos\Solteiro\public\public_0000.npy
Solteiro,Solteiro_Articulador2.mp4,ok,C:\KONECTA\OCR\dados_libras\dinamicos\Solteiro\public\public_0001.npy
Solteiro,Solteiro_Articulador3.mp4,ok,C:\KONECTA\OCR\dados_libras\dinamicos\Solteiro\public\public_0002.npy
Solto,Solto_Articulador1.mp4,ok,C:\KONECTA\OCR\dados_libras\dinamicos\Solto\public\public_0000.npy
Solto,Solto_Articulador2.mp4,ok,C:\KONECTA\OCR\dados_libras\dinamicos\Solto\public\public_0001.npy
Solto,Solto_Articulador3.mp4,ok,C:\KONECTA\OCR\dados_libras\dinamicos\Solto\public\public_0002.npy
Sonho,Sonho_Articulador1.mp4,ok,C:\KONECTA\OCR\dados_libras\dinamicos\Sonho\public\public_0000.npy
Sonho,Sonho_Articulador2.mp4,ok,C:\KONECTA\OCR\dados_libras\dinamicos\Sonho\public\public_0001.npy
Sonho,Sonho_Articulador3.mp4,ok,C:\KONECTA\OCR\dados_libras\dinamicos\Sonho\public\public_0002.npy
Sopa,Sopa_Articulador1.mp4,ok,C:\KONECTA\OCR\dados_libras\dinamicos\Sopa\public\public_0000.npy
Sopa,Sopa_Articulador2.mp4,ok,C:\KONECTA\OCR\dados_libras\dinamicos\Sopa\public\public_0001.npy
Sopa,Sopa_Articulador3.mp4,ok,C:\KONECTA\OCR\dados_libras\dinamicos\Sopa\public\public_0002.npy
Sorriso,Sorriso_Articulador1.mp4,ok,C:\KONECTA\OCR\dados_libras\dinamicos\Sorriso\public\public_0000.npy
Sorriso,Sorriso_Articulador2.mp4,ok,C:\KONECTA\OCR\dados_libras\dinamicos\Sorriso\public\public_0001.npy
Sorriso,Sorriso_Articulador3.mp4,ok,C:\KONECTA\OCR\dados_libras\dinamicos\Sorriso\public\public_0002.npy
Sorteio,Sorteio_Articulador1.mp4,ok,C:\KONECTA\OCR\dados_libras\dinamicos\Sorteio\public\public_0000.npy
Sorteio,Sorteio_Articulador2.mp4,ok,C:\KONECTA\OCR\dados_libras\dinamicos\Sorteio\public\public_0001.npy
Sorteio,Sorteio_Articulador3.mp4,ok,C:\KONECTA\OCR\dados_libras\dinamicos\Sorteio\public\public_0002.npy
Sortudo,Sortudo_Articulador1.mp4,ok,C:\KONECTA\OCR\dados_libras\dinamicos\Sortudo\public\public_0000.npy
Sortudo,Sortudo_Articulador2.mp4,ok,C:\KONECTA\OCR\dados_libras\dinamicos\Sortudo\public\public_0001.npy
Sortudo,Sortudo_Articulador3.mp4,ok,C:\KONECTA\OCR\dados_libras\dinamicos\Sortudo\public\public_0002.npy
Sorvete,Sorvete_Articulador1.mp4,ok,C:\KONECTA\OCR\dados_libras\dinamicos\Sorvete\public\public_0000.npy
Sorvete,Sorvete_Articulador2.mp4,ok,C:\KONECTA\OCR\dados_libras\dinamicos\Sorvete\public\public_0001.npy
Sorvete,Sorvete_Articulador3.mp4,ok,C:\KONECTA\OCR\dados_libras\dinamicos\Sorvete\public\public_0002.npy
Sozinho,Sozinho_Articulador1.mp4,ok,C:\KONECTA\OCR\dados_libras\dinamicos\Sozinho\public\public_0000.npy
Sozinho,Sozinho_Articulador2.mp4,ok,C:\KONECTA\OCR\dados_libras\dinamicos\Sozinho\public\public_0001.npy
Sozinho,Sozinho_Articulador3.mp4,ok,C:\KONECTA\OCR\dados_libras\dinamicos\Sozinho\public\public_0002.npy
Suave,Suave_Articulador1.mp4,ok,C:\KONECTA\OCR\dados_libras\dinamicos\Suave\public\public_0000.npy
Suave,Suave_Articulador2.mp4,ok,C:\KONECTA\OCR\dados_libras\dinamicos\Suave\public\public_0001.npy
Suave,Suave_Articulador3.mp4,ok,C:\KONECTA\OCR\dados_libras\dinamicos\Suave\public\public_0002.npy
Substituir,Substituir_Articulador1.mp4,ok,C:\KONECTA\OCR\dados_libras\dinamicos\Substituir\public\public_0000.npy
Substituir,Substituir_Articulador2.mp4,ok,C:\KONECTA\OCR\dados_libras\dinamicos\Substituir\public\public_0001.npy
Substituir,Substituir_Articulador3.mp4,ok,C:\KONECTA\OCR\dados_libras\dinamicos\Substituir\public\public_0002.npy
Subtrair,Subtrair_Articulador1.mp4,ok,C:\KONECTA\OCR\dados_libras\dinamicos\Subtrair\public\public_0000.npy
Subtrair,Subtrair_Articulador2.mp4,ok,C:\KONECTA\OCR\dados_libras\dinamicos\Subtrair\public\public_0001.npy
Subtrair,Subtrair_Articulador3.mp4,ok,C:\KONECTA\OCR\dados_libras\dinamicos\Subtrair\public\public_0002.npy
Sucesso,Sucesso_Articulador1.mp4,ok,C:\KONECTA\OCR\dados_libras\dinamicos\Sucesso\public\public_0000.npy
Sucesso,Sucesso_Articulador2.mp4,ok,C:\KONECTA\OCR\dados_libras\dinamicos\Sucesso\public\public_0001.npy
Sucesso,Sucesso_Articulador3.mp4,ok,C:\KONECTA\OCR\dados_libras\dinamicos\Sucesso\public\public_0002.npy
Suficiente,Suficiente_Articulador1.mp4,ok,C:\KONECTA\OCR\dados_libras\dinamicos\Suficiente\public\public_0000.npy
Suficiente,Suficiente_Articulador2.mp4,ok,C:\KONECTA\OCR\dados_libras\dinamicos\Suficiente\public\public_0001.npy
Suficiente,Suficiente_Articulador3.mp4,ok,C:\KONECTA\OCR\dados_libras\dinamicos\Suficiente\public\public_0002.npy
Sugerir,Sugerir_Articulador1.mp4,ok,C:\KONECTA\OCR\dados_libras\dinamicos\Sugerir\public\public_0000.npy
Sugerir,Sugerir_Articulador2.mp4,ok,C:\KONECTA\OCR\dados_libras\dinamicos\Sugerir\public\public_0001.npy
Sugerir,Sugerir_Articulador3.mp4,ok,C:\KONECTA\OCR\dados_libras\dinamicos\Sugerir\public\public_0002.npy
Sujo,Sujo_Articulador1.mp4,ok,C:\KONECTA\OCR\dados_libras\dinamicos\Sujo\public\public_0000.npy
Sujo,Sujo_Articulador2.mp4,ok,C:\KONECTA\OCR\dados_libras\dinamicos\Sujo\public\public_0001.npy
Sujo,Sujo_Articulador3.mp4,ok,C:\KONECTA\OCR\dados_libras\dinamicos\Sujo\public\public_0002.npy
Sul,Sul_Articulador1.mp4,ok,C:\KONECTA\OCR\dados_libras\dinamicos\Sul\public\public_0000.npy
Sul,Sul_Articulador2.mp4,ok,C:\KONECTA\OCR\dados_libras\dinamicos\Sul\public\public_0001.npy
Sul,Sul_Articulador3.mp4,ok,C:\KONECTA\OCR\dados_libras\dinamicos\Sul\public\public_0002.npy
Sumir,Sumir_Articulador1.mp4,ok,C:\KONECTA\OCR\dados_libras\dinamicos\Sumir\public\public_0000.npy
Sumir,Sumir_Articulador2.mp4,ok,C:\KONECTA\OCR\dados_libras\dinamicos\Sumir\public\public_0001.npy
Sumir,Sumir_Articulador3.mp4,ok,C:\KONECTA\OCR\dados_libras\dinamicos\Sumir\public\public_0002.npy
Suor,Suor_Articulador1.mp4,ok,C:\KONECTA\OCR\dados_libras\dinamicos\Suor\public\public_0000.npy
Suor,Suor_Articulador2.mp4,ok,C:\KONECTA\OCR\dados_libras\dinamicos\Suor\public\public_0001.npy
Suor,Suor_Articulador3.mp4,ok,C:\KONECTA\OCR\dados_libras\dinamicos\Suor\public\public_0002.npy
Superficie lisa,Superficie lisa_Articulador1.mp4,ok,C:\KONECTA\OCR\dados_libras\dinamicos\Superficie lisa\public\public_0000.npy
Superficie lisa,Superficie lisa_Articulador2.mp4,ok,C:\KONECTA\OCR\dados_libras\dinamicos\Superficie lisa\public\public_0001.npy
Superficie lisa,Superficie lisa_Articulador3.mp4,ok,C:\KONECTA\OCR\dados_libras\dinamicos\Superficie lisa\public\public_0002.npy
Superfície plana,Superfície plana_Articulador1.mp4,ok,C:\KONECTA\OCR\dados_libras\dinamicos\Superfície plana\public\public_0000.npy
Superfície plana,Superfície plana_Articulador2.mp4,ok,C:\KONECTA\OCR\dados_libras\dinamicos\Superfície plana\public\public_0001.npy
Superfície plana,Superfície plana_Articulador3.mp4,ok,C:\KONECTA\OCR\dados_libras\dinamicos\Superfície plana\public\public_0002.npy
Superior,Superior_Articulador1.mp4,ok,C:\KONECTA\OCR\dados_libras\dinamicos\Superior\public\public_0000.npy
Superior,Superior_Articulador2.mp4,ok,C:\KONECTA\OCR\dados_libras\dinamicos\Superior\public\public_0001.npy
Superior,Superior_Articulador3.mp4,ok,C:\KONECTA\OCR\dados_libras\dinamicos\Superior\public\public_0002.npy
Supervisionar,Supervisionar_Articulador1.mp4,ok,C:\KONECTA\OCR\dados_libras\dinamicos\Supervisionar\public\public_0000.npy
Supervisionar,Supervisionar_Articulador2.mp4,ok,C:\KONECTA\OCR\dados_libras\dinamicos\Supervisionar\public\public_0001.npy
Supervisionar,Supervisionar_Articulador3.mp4,ok,C:\KONECTA\OCR\dados_libras\dinamicos\Supervisionar\public\public_0002.npy
Surdo,Surdo_Articulador1.mp4,ok,C:\KONECTA\OCR\dados_libras\dinamicos\Surdo\public\public_0000.npy
Surdo,Surdo_Articulador2.mp4,ok,C:\KONECTA\OCR\dados_libras\dinamicos\Surdo\public\public_0001.npy
Surdo,Surdo_Articulador3.mp4,ok,C:\KONECTA\OCR\dados_libras\dinamicos\Surdo\public\public_0002.npy
Surgir,Surgir_Articulador1.mp4,ok,C:\KONECTA\OCR\dados_libras\dinamicos\Surgir\public\public_0000.npy
Surgir,Surgir_Articulador2.mp4,ok,C:\KONECTA\OCR\dados_libras\dinamicos\Surgir\public\public_0001.npy
Surgir,Surgir_Articulador3.mp4,ok,C:\KONECTA\OCR\dados_libras\dinamicos\Surgir\public\public_0002.npy
Surpresa,Surpresa_Articulador1.mp4,ok,C:\KONECTA\OCR\dados_libras\dinamicos\Surpresa\public\public_0000.npy
Surpresa,Surpresa_Articulador2.mp4,ok,C:\KONECTA\OCR\dados_libras\dinamicos\Surpresa\public\public_0001.npy
Surpresa,Surpresa_Articulador3.mp4,ok,C:\KONECTA\OCR\dados_libras\dinamicos\Surpresa\public\public_0002.npy
Suspeito,Suspeito_Articulador1.mp4,ok,C:\KONECTA\OCR\dados_libras\dinamicos\Suspeito\public\public_0000.npy
Suspeito,Suspeito_Articulador2.mp4,ok,C:\KONECTA\OCR\dados_libras\dinamicos\Suspeito\public\public_0001.npy
Suspeito,Suspeito_Articulador3.mp4,ok,C:\KONECTA\OCR\dados_libras\dinamicos\Suspeito\public\public_0002.npy
Suspender (interrromper),Suspender (interrromper)_Articulador1.mp4,ok,C:\KONECTA\OCR\dados_libras\dinamicos\Suspender (interrromper)\public\public_0000.npy
Suspender (interrromper),Suspender (interrromper)_Articulador2.mp4,ok,C:\KONECTA\OCR\dados_libras\dinamicos\Suspender (interrromper)\public\public_0001.npy
Suspender (interrromper),Suspender (interrromper)_Articulador3.mp4,ok,C:\KONECTA\OCR\dados_libras\dinamicos\Suspender (interrromper)\public\public_0002.npy
Sussurro,Sussurro_Articulador1.mp4,ok,C:\KONECTA\OCR\dados_libras\dinamicos\Sussurro\public\public_0000.npy
Sussurro,Sussurro_Articulador2.mp4,ok,C:\KONECTA\OCR\dados_libras\dinamicos\Sussurro\public\public_0001.npy
Sussurro,Sussurro_Articulador3.mp4,ok,C:\KONECTA\OCR\dados_libras\dinamicos\Sussurro\public\public_0002.npy
Sutiã,Sutiã_Articulador1.mp4,ok,C:\KONECTA\OCR\dados_libras\dinamicos\Sutiã\public\public_0000.npy
Sutiã,Sutiã_Articulador2.mp4,ok,C:\KONECTA\OCR\dados_libras\dinamicos\Sutiã\public\public_0001.npy
Sutiã,Sutiã_Articulador3.mp4,ok,C:\KONECTA\OCR\dados_libras\dinamicos\Sutiã\public\public_0002.npy
Sábado,Sábado_Articulador1.mp4,ok,C:\KONECTA\OCR\dados_libras\dinamicos\Sábado\public\public_0000.npy
Sábado,Sábado_Articulador2.mp4,ok,C:\KONECTA\OCR\dados_libras\dinamicos\Sábado\public\public_0001.npy
Sábado,Sábado_Articulador3.mp4,ok,C:\KONECTA\OCR\dados_libras\dinamicos\Sábado\public\public_0002.npy
Sério,Sério_Articulador1.mp4,ok,C:\KONECTA\OCR\dados_libras\dinamicos\Sério\public\public_0000.npy
Sério,Sério_Articulador2.mp4,ok,C:\KONECTA\OCR\dados_libras\dinamicos\Sério\public\public_0001.npy
Sério,Sério_Articulador3.mp4,ok,C:\KONECTA\OCR\dados_libras\dinamicos\Sério\public\public_0002.npy
Símbolo,Símbolo_Articulador1.mp4,ok,C:\KONECTA\OCR\dados_libras\dinamicos\Símbolo\public\public_0000.npy
Símbolo,Símbolo_Articulador2.mp4,ok,C:\KONECTA\OCR\dados_libras\dinamicos\Símbolo\public\public_0001.npy
Símbolo,Símbolo_Articulador3.mp4,ok,C:\KONECTA\OCR\dados_libras\dinamicos\Símbolo\public\public_0002.npy
Tabela,Tabela_Articulador1.mp4,ok,C:\KONECTA\OCR\dados_libras\dinamicos\Tabela\public\public_0000.npy
Tabela,Tabela_Articulador2.mp4,ok,C:\KONECTA\OCR\dados_libras\dinamicos\Tabela\public\public_0001.npy
Tabela,Tabela_Articulador3.mp4,ok,C:\KONECTA\OCR\dados_libras\dinamicos\Tabela\public\public_0002.npy
Talvez,Talvez_Articulador1.mp4,ok,C:\KONECTA\OCR\dados_libras\dinamicos\Talvez\public\public_0000.npy
Talvez,Talvez_Articulador2.mp4,ok,C:\KONECTA\OCR\dados_libras\dinamicos\Talvez\public\public_0001.npy
Talvez,Talvez_Articulador3.mp4,ok,C:\KONECTA\OCR\dados_libras\dinamicos\Talvez\public\public_0002.npy
Tamanho,Tamanho_Articulador1.mp4,ok,C:\KONECTA\OCR\dados_libras\dinamicos\Tamanho\public\public_0000.npy
Tamanho,Tamanho_Articulador2.mp4,ok,C:\KONECTA\OCR\dados_libras\dinamicos\Tamanho\public\public_0001.npy
Tamanho,Tamanho_Articulador3.mp4,ok,C:\KONECTA\OCR\dados_libras\dinamicos\Tamanho\public\public_0002.npy
Também,Também_Articulador1.mp4,ok,C:\KONECTA\OCR\dados_libras\dinamicos\Também\public\public_0000.npy
Também,Também_Articulador2.mp4,ok,C:\KONECTA\OCR\dados_libras\dinamicos\Também\public\public_0001.npy
Também,Também_Articulador3.mp4,ok,C:\KONECTA\OCR\dados_libras\dinamicos\Também\public\public_0002.npy
Tarde,Tarde_Articulador1.mp4,ok,C:\KONECTA\OCR\dados_libras\dinamicos\Tarde\public\public_0000.npy
Tarde,Tarde_Articulador2.mp4,ok,C:\KONECTA\OCR\dados_libras\dinamicos\Tarde\public\public_0001.npy
Tarde,Tarde_Articulador3.mp4,ok,C:\KONECTA\OCR\dados_libras\dinamicos\Tarde\public\public_0002.npy
Tatuagem,Tatuagem_Articulador1.mp4,ok,C:\KONECTA\OCR\dados_libras\dinamicos\Tatuagem\public\public_0000.npy
Tatuagem,Tatuagem_Articulador2.mp4,ok,C:\KONECTA\OCR\dados_libras\dinamicos\Tatuagem\public\public_0001.npy
Tatuagem,Tatuagem_Articulador3.mp4,ok,C:\KONECTA\OCR\dados_libras\dinamicos\Tatuagem\public\public_0002.npy
Teimoso,Teimoso_Articulador1.mp4,ok,C:\KONECTA\OCR\dados_libras\dinamicos\Teimoso\public\public_0000.npy
Teimoso,Teimoso_Articulador2.mp4,ok,C:\KONECTA\OCR\dados_libras\dinamicos\Teimoso\public\public_0001.npy
Teimoso,Teimoso_Articulador3.mp4,ok,C:\KONECTA\OCR\dados_libras\dinamicos\Teimoso\public\public_0002.npy
Telefone,Telefone_Articulador1.mp4,ok,C:\KONECTA\OCR\dados_libras\dinamicos\Telefone\public\public_0000.npy
Telefone,Telefone_Articulador2.mp4,ok,C:\KONECTA\OCR\dados_libras\dinamicos\Telefone\public\public_0001.npy
Telefone,Telefone_Articulador3.mp4,ok,C:\KONECTA\OCR\dados_libras\dinamicos\Telefone\public\public_0002.npy
Telescópio,Telescópio_Articulador1.mp4,ok,C:\KONECTA\OCR\dados_libras\dinamicos\Telescópio\public\public_0000.npy
Telescópio,Telescópio_Articulador2.mp4,ok,C:\KONECTA\OCR\dados_libras\dinamicos\Telescópio\public\public_0001.npy
Telescópio,Telescópio_Articulador3.mp4,ok,C:\KONECTA\OCR\dados_libras\dinamicos\Telescópio\public\public_0002.npy
Temperatura,Temperatura_Articulador1.mp4,ok,C:\KONECTA\OCR\dados_libras\dinamicos\Temperatura\public\public_0000.npy
Temperatura,Temperatura_Articulador2.mp4,ok,C:\KONECTA\OCR\dados_libras\dinamicos\Temperatura\public\public_0001.npy
Temperatura,Temperatura_Articulador3.mp4,ok,C:\KONECTA\OCR\dados_libras\dinamicos\Temperatura\public\public_0002.npy
Tempo,Tempo_Articulador1.mp4,ok,C:\KONECTA\OCR\dados_libras\dinamicos\Tempo\public\public_0000.npy
Tempo,Tempo_Articulador2.mp4,ok,C:\KONECTA\OCR\dados_libras\dinamicos\Tempo\public\public_0001.npy
Tempo,Tempo_Articulador3.mp4,ok,C:\KONECTA\OCR\dados_libras\dinamicos\Tempo\public\public_0002.npy
Tentado,Tentado_Articulador1.mp4,ok,C:\KONECTA\OCR\dados_libras\dinamicos\Tentado\public\public_0000.npy
Tentado,Tentado_Articulador2.mp4,ok,C:\KONECTA\OCR\dados_libras\dinamicos\Tentado\public\public_0001.npy
Tentado,Tentado_Articulador3.mp4,ok,C:\KONECTA\OCR\dados_libras\dinamicos\Tentado\public\public_0002.npy
Teoria,Teoria_Articulador1.mp4,ok,C:\KONECTA\OCR\dados_libras\dinamicos\Teoria\public\public_0000.npy
Teoria,Teoria_Articulador2.mp4,ok,C:\KONECTA\OCR\dados_libras\dinamicos\Teoria\public\public_0001.npy
Teoria,Teoria_Articulador3.mp4,ok,C:\KONECTA\OCR\dados_libras\dinamicos\Teoria\public\public_0002.npy
Ter,Ter_Articulador1.mp4,ok,C:\KONECTA\OCR\dados_libras\dinamicos\Ter\public\public_0000.npy
Ter,Ter_Articulador2.mp4,ok,C:\KONECTA\OCR\dados_libras\dinamicos\Ter\public\public_0001.npy
Ter,Ter_Articulador3.mp4,ok,C:\KONECTA\OCR\dados_libras\dinamicos\Ter\public\public_0002.npy
Terminar,Terminar_Articulador1.mp4,ok,C:\KONECTA\OCR\dados_libras\dinamicos\Terminar\public\public_0000.npy
Terminar,Terminar_Articulador2.mp4,ok,C:\KONECTA\OCR\dados_libras\dinamicos\Terminar\public\public_0001.npy
Terminar,Terminar_Articulador3.mp4,ok,C:\KONECTA\OCR\dados_libras\dinamicos\Terminar\public\public_0002.npy
Termômetro,Termômetro_Articulador1.mp4,ok,C:\KONECTA\OCR\dados_libras\dinamicos\Termômetro\public\public_0000.npy
Termômetro,Termômetro_Articulador2.mp4,ok,C:\KONECTA\OCR\dados_libras\dinamicos\Termômetro\public\public_0001.npy
Termômetro,Termômetro_Articulador3.mp4,ok,C:\KONECTA\OCR\dados_libras\dinamicos\Termômetro\public\public_0002.npy
Terra (planeta),Terra (planeta)_Articulador1.mp4,ok,C:\KONECTA\OCR\dados_libras\dinamicos\Terra (planeta)\public\public_0000.npy
Terra (planeta),Terra (planeta)_Articulador2.mp4,ok,C:\KONECTA\OCR\dados_libras\dinamicos\Terra (planeta)\public\public_0001.npy
Terra (planeta),Terra (planeta)_Articulador3.mp4,ok,C:\KONECTA\OCR\dados_libras\dinamicos\Terra (planeta)\public\public_0002.npy
Terça-feira,Terça-feira_Articulador1.mp4,ok,C:\KONECTA\OCR\dados_libras\dinamicos\Terça-feira\public\public_0000.npy
Terça-feira,Terça-feira_Articulador3.mp4,ok,C:\KONECTA\OCR\dados_libras\dinamicos\Terça-feira\public\public_0001.npy
Testa,Testa_Articulador1.mp4,ok,C:\KONECTA\OCR\dados_libras\dinamicos\Testa\public\public_0000.npy
Testa,Testa_Articulador2.mp4,ok,C:\KONECTA\OCR\dados_libras\dinamicos\Testa\public\public_0001.npy
Testa,Testa_Articulador3.mp4,ok,C:\KONECTA\OCR\dados_libras\dinamicos\Testa\public\public_0002.npy
Teste,Teste_Articulador1.mp4,ok,C:\KONECTA\OCR\dados_libras\dinamicos\Teste\public\public_0000.npy
Teste,Teste_Articulador2.mp4,ok,C:\KONECTA\OCR\dados_libras\dinamicos\Teste\public\public_0001.npy
Teste,Teste_Articulador3.mp4,ok,C:\KONECTA\OCR\dados_libras\dinamicos\Teste\public\public_0002.npy
Tia,Tia_Articulador1.mp4,ok,C:\KONECTA\OCR\dados_libras\dinamicos\Tia\public\public_0000.npy
Tia,Tia_Articulador2.mp4,ok,C:\KONECTA\OCR\dados_libras\dinamicos\Tia\public\public_0001.npy
Tia,Tia_Articulador3.mp4,ok,C:\KONECTA\OCR\dados_libras\dinamicos\Tia\public\public_0002.npy
Tigre,Tigre_Articulador1.mp4,ok,C:\KONECTA\OCR\dados_libras\dinamicos\Tigre\public\public_0000.npy
Tigre,Tigre_Articulador2.mp4,ok,C:\KONECTA\OCR\dados_libras\dinamicos\Tigre\public\public_0001.npy
Tigre,Tigre_Articulador3.mp4,ok,C:\KONECTA\OCR\dados_libras\dinamicos\Tigre\public\public_0002.npy
Tintura,Tintura_Articulador1.mp4,ok,C:\KONECTA\OCR\dados_libras\dinamicos\Tintura\public\public_0000.npy
Tintura,Tintura_Articulador2.mp4,ok,C:\KONECTA\OCR\dados_libras\dinamicos\Tintura\public\public_0001.npy
Tintura,Tintura_Articulador3.mp4,ok,C:\KONECTA\OCR\dados_libras\dinamicos\Tintura\public\public_0002.npy
Tio,Tio_Articulador1.mp4,ok,C:\KONECTA\OCR\dados_libras\dinamicos\Tio\public\public_0000.npy
Tio,Tio_Articulador2.mp4,ok,C:\KONECTA\OCR\dados_libras\dinamicos\Tio\public\public_0001.npy
Tio,Tio_Articulador3.mp4,ok,C:\KONECTA\OCR\dados_libras\dinamicos\Tio\public\public_0002.npy
Tipo (espécie),Tipo (espécie)_Articulador1.mp4,ok,C:\KONECTA\OCR\dados_libras\dinamicos\Tipo (espécie)\public\public_0000.npy
Tipo (espécie),Tipo (espécie)_Articulador2.mp4,ok,C:\KONECTA\OCR\dados_libras\dinamicos\Tipo (espécie)\public\public_0001.npy
Tipo (espécie),Tipo (espécie)_Articulador3.mp4,ok,C:\KONECTA\OCR\dados_libras\dinamicos\Tipo (espécie)\public\public_0002.npy
Tirar foto,Tirar foto_Articulador1.mp4,ok,C:\KONECTA\OCR\dados_libras\dinamicos\Tirar foto\public\public_0000.npy
Tirar foto,Tirar foto_Articulador2.mp4,ok,C:\KONECTA\OCR\dados_libras\dinamicos\Tirar foto\public\public_0001.npy
Tirar foto,Tirar foto_Articulador3.mp4,ok,C:\KONECTA\OCR\dados_libras\dinamicos\Tirar foto\public\public_0002.npy
Tirar proveito,Tirar proveito_Articulador1.mp4,ok,C:\KONECTA\OCR\dados_libras\dinamicos\Tirar proveito\public\public_0000.npy
Tirar proveito,Tirar proveito_Articulador2.mp4,ok,C:\KONECTA\OCR\dados_libras\dinamicos\Tirar proveito\public\public_0001.npy
Tirar proveito,Tirar proveito_Articulador3.mp4,ok,C:\KONECTA\OCR\dados_libras\dinamicos\Tirar proveito\public\public_0002.npy
Toalha,Toalha_Articulador1.mp4,ok,C:\KONECTA\OCR\dados_libras\dinamicos\Toalha\public\public_0000.npy
Toalha,Toalha_Articulador2.mp4,ok,C:\KONECTA\OCR\dados_libras\dinamicos\Toalha\public\public_0001.npy
Toalha,Toalha_Articulador3.mp4,ok,C:\KONECTA\OCR\dados_libras\dinamicos\Toalha\public\public_0002.npy
Tocar o coração,Tocar o coração_Articulador1.mp4,ok,C:\KONECTA\OCR\dados_libras\dinamicos\Tocar o coração\public\public_0000.npy
Tocar o coração,Tocar o coração_Articulador2.mp4,ok,C:\KONECTA\OCR\dados_libras\dinamicos\Tocar o coração\public\public_0001.npy
Tocar o coração,Tocar o coração_Articulador3.mp4,ok,C:\KONECTA\OCR\dados_libras\dinamicos\Tocar o coração\public\public_0002.npy
Toda quarta-feira,Toda quarta-feira_Articulador1.mp4,ok,C:\KONECTA\OCR\dados_libras\dinamicos\Toda quarta-feira\public\public_0000.npy
Toda quarta-feira,Toda quarta-feira_Articulador2.mp4,ok,C:\KONECTA\OCR\dados_libras\dinamicos\Toda quarta-feira\public\public_0001.npy
Toda quarta-feira,Toda quarta-feira_Articulador3.mp4,ok,C:\KONECTA\OCR\dados_libras\dinamicos\Toda quarta-feira\public\public_0002.npy
Toda quinta-feira,Toda quinta-feira_Articulador1.mp4,ok,C:\KONECTA\OCR\dados_libras\dinamicos\Toda quinta-feira\public\public_0000.npy
Toda quinta-feira,Toda quinta-feira_Articulador2.mp4,ok,C:\KONECTA\OCR\dados_libras\dinamicos\Toda quinta-feira\public\public_0001.npy
Toda quinta-feira,Toda quinta-feira_Articulador3.mp4,ok,C:\KONECTA\OCR\dados_libras\dinamicos\Toda quinta-feira\public\public_0002.npy
Toda segunda-feira,Toda segunda-feira_Articulador1.mp4,ok,C:\KONECTA\OCR\dados_libras\dinamicos\Toda segunda-feira\public\public_0000.npy
Toda segunda-feira,Toda segunda-feira_Articulador2.mp4,ok,C:\KONECTA\OCR\dados_libras\dinamicos\Toda segunda-feira\public\public_0001.npy
Toda segunda-feira,Toda segunda-feira_Articulador3.mp4,ok,C:\KONECTA\OCR\dados_libras\dinamicos\Toda segunda-feira\public\public_0002.npy
Toda semana,Toda semana_Articulador1.mp4,ok,C:\KONECTA\OCR\dados_libras\dinamicos\Toda semana\public\public_0000.npy
Toda semana,Toda semana_Articulador2.mp4,ok,C:\KONECTA\OCR\dados_libras\dinamicos\Toda semana\public\public_0001.npy
Toda semana,Toda semana_Articulador3.mp4,ok,C:\KONECTA\OCR\dados_libras\dinamicos\Toda semana\public\public_0002.npy
Toda sexta-feira,Toda sexta-feira_Articulador1.mp4,ok,C:\KONECTA\OCR\dados_libras\dinamicos\Toda sexta-feira\public\public_0000.npy
Toda sexta-feira,Toda sexta-feira_Articulador2.mp4,ok,C:\KONECTA\OCR\dados_libras\dinamicos\Toda sexta-feira\public\public_0001.npy
Toda sexta-feira,Toda sexta-feira_Articulador3.mp4,ok,C:\KONECTA\OCR\dados_libras\dinamicos\Toda sexta-feira\public\public_0002.npy
Toda terça-feira,Toda terça-feira_Articulador1.mp4,ok,C:\KONECTA\OCR\dados_libras\dinamicos\Toda terça-feira\public\public_0000.npy
Toda terça-feira,Toda terça-feira_Articulador2.mp4,ok,C:\KONECTA\OCR\dados_libras\dinamicos\Toda terça-feira\public\public_0001.npy
Toda terça-feira,Toda terça-feira_Articulador3.mp4,ok,C:\KONECTA\OCR\dados_libras\dinamicos\Toda terça-feira\public\public_0002.npy
Todo dia,Todo dia_Articulador1.mp4,ok,C:\KONECTA\OCR\dados_libras\dinamicos\Todo dia\public\public_0000.npy
Todo dia,Todo dia_Articulador2.mp4,ok,C:\KONECTA\OCR\dados_libras\dinamicos\Todo dia\public\public_0001.npy
Todo dia,Todo dia_Articulador3.mp4,ok,C:\KONECTA\OCR\dados_libras\dinamicos\Todo dia\public\public_0002.npy
Todo Sábado,Todo Sábado_Articulador1.mp4,ok,C:\KONECTA\OCR\dados_libras\dinamicos\Todo Sábado\public\public_0000.npy
Todo Sábado,Todo Sábado_Articulador2.mp4,ok,C:\KONECTA\OCR\dados_libras\dinamicos\Todo Sábado\public\public_0001.npy
Todo Sábado,Todo Sábado_Articulador3.mp4,ok,C:\KONECTA\OCR\dados_libras\dinamicos\Todo Sábado\public\public_0002.npy
Todos,Todos_Articulador1.mp4,ok,C:\KONECTA\OCR\dados_libras\dinamicos\Todos\public\public_0000.npy
Todos,Todos_Articulador2.mp4,ok,C:\KONECTA\OCR\dados_libras\dinamicos\Todos\public\public_0001.npy
Todos,Todos_Articulador3.mp4,ok,C:\KONECTA\OCR\dados_libras\dinamicos\Todos\public\public_0002.npy
Tomada,Tomada_Articulador1.mp4,ok,C:\KONECTA\OCR\dados_libras\dinamicos\Tomada\public\public_0000.npy
Tomada,Tomada_Articulador2.mp4,ok,C:\KONECTA\OCR\dados_libras\dinamicos\Tomada\public\public_0001.npy
Tomada,Tomada_Articulador3.mp4,ok,C:\KONECTA\OCR\dados_libras\dinamicos\Tomada\public\public_0002.npy
Tomar conta de,Tomar conta de_Articulador1.mp4,ok,C:\KONECTA\OCR\dados_libras\dinamicos\Tomar conta de\public\public_0000.npy
Tomar conta de,Tomar conta de_Articulador2.mp4,ok,C:\KONECTA\OCR\dados_libras\dinamicos\Tomar conta de\public\public_0001.npy
Tomar conta de,Tomar conta de_Articulador3.mp4,ok,C:\KONECTA\OCR\dados_libras\dinamicos\Tomar conta de\public\public_0002.npy
Tomar notas,Tomar notas_Articulador1.mp4,ok,C:\KONECTA\OCR\dados_libras\dinamicos\Tomar notas\public\public_0000.npy
Tomar notas,Tomar notas_Articulador2.mp4,ok,C:\KONECTA\OCR\dados_libras\dinamicos\Tomar notas\public\public_0001.npy
Tomar notas,Tomar notas_Articulador3.mp4,ok,C:\KONECTA\OCR\dados_libras\dinamicos\Tomar notas\public\public_0002.npy
Tomate,Tomate_Articulador1.mp4,ok,C:\KONECTA\OCR\dados_libras\dinamicos\Tomate\public\public_0000.npy
Tomate,Tomate_Articulador2.mp4,ok,C:\KONECTA\OCR\dados_libras\dinamicos\Tomate\public\public_0001.npy
Tomate,Tomate_Articulador3.mp4,ok,C:\KONECTA\OCR\dados_libras\dinamicos\Tomate\public\public_0002.npy
Tonto (confuso),Tonto (confuso)_Articulador1.mp4,ok,C:\KONECTA\OCR\dados_libras\dinamicos\Tonto (confuso)\public\public_0000.npy
Tonto (confuso),Tonto (confuso)_Articulador2.mp4,ok,C:\KONECTA\OCR\dados_libras\dinamicos\Tonto (confuso)\public\public_0001.npy
Tonto (confuso),Tonto (confuso)_Articulador3.mp4,ok,C:\KONECTA\OCR\dados_libras\dinamicos\Tonto (confuso)\public\public_0002.npy
Topo,Topo_Articulador1.mp4,ok,C:\KONECTA\OCR\dados_libras\dinamicos\Topo\public\public_0000.npy
Topo,Topo_Articulador2.mp4,ok,C:\KONECTA\OCR\dados_libras\dinamicos\Topo\public\public_0001.npy
Topo,Topo_Articulador3.mp4,ok,C:\KONECTA\OCR\dados_libras\dinamicos\Topo\public\public_0002.npy
Toque,Toque_Articulador1.mp4,ok,C:\KONECTA\OCR\dados_libras\dinamicos\Toque\public\public_0000.npy
Toque,Toque_Articulador2.mp4,ok,C:\KONECTA\OCR\dados_libras\dinamicos\Toque\public\public_0001.npy
Toque,Toque_Articulador3.mp4,ok,C:\KONECTA\OCR\dados_libras\dinamicos\Toque\public\public_0002.npy
Tornar-se gordo,Tornar-se gordo_Articulador1.mp4,ok,C:\KONECTA\OCR\dados_libras\dinamicos\Tornar-se gordo\public\public_0000.npy
Tornar-se gordo,Tornar-se gordo_Articulador2.mp4,ok,C:\KONECTA\OCR\dados_libras\dinamicos\Tornar-se gordo\public\public_0001.npy
Tornar-se gordo,Tornar-se gordo_Articulador3.mp4,ok,C:\KONECTA\OCR\dados_libras\dinamicos\Tornar-se gordo\public\public_0002.npy
Torneio,Torneio_Articulador1.mp4,ok,C:\KONECTA\OCR\dados_libras\dinamicos\Torneio\public\public_0000.npy
Torneio,Torneio_Articulador2.mp4,ok,C:\KONECTA\OCR\dados_libras\dinamicos\Torneio\public\public_0001.npy
Torneio,Torneio_Articulador3.mp4,ok,C:\KONECTA\OCR\dados_libras\dinamicos\Torneio\public\public_0002.npy
Torrada,Torrada_Articulador1.mp4,ok,C:\KONECTA\OCR\dados_libras\dinamicos\Torrada\public\public_0000.npy
Torrada,Torrada_Articulador2.mp4,ok,C:\KONECTA\OCR\dados_libras\dinamicos\Torrada\public\public_0001.npy
Torrada,Torrada_Articulador3.mp4,ok,C:\KONECTA\OCR\dados_libras\dinamicos\Torrada\public\public_0002.npy
Tosse,Tosse_Articulador1.mp4,ok,C:\KONECTA\OCR\dados_libras\dinamicos\Tosse\public\public_0000.npy
Tosse,Tosse_Articulador2.mp4,ok,C:\KONECTA\OCR\dados_libras\dinamicos\Tosse\public\public_0001.npy
Tosse,Tosse_Articulador3.mp4,ok,C:\KONECTA\OCR\dados_libras\dinamicos\Tosse\public\public_0002.npy
Total,Total_Articulador1.mp4,ok,C:\KONECTA\OCR\dados_libras\dinamicos\Total\public\public_0000.npy
Total,Total_Articulador2.mp4,ok,C:\KONECTA\OCR\dados_libras\dinamicos\Total\public\public_0001.npy
Total,Total_Articulador3.mp4,ok,C:\KONECTA\OCR\dados_libras\dinamicos\Total\public\public_0002.npy
Trabalho Social,Trabalho Social_Articulador1.mp4,ok,C:\KONECTA\OCR\dados_libras\dinamicos\Trabalho Social\public\public_0000.npy
Trabalho Social,Trabalho Social_Articulador2.mp4,ok,C:\KONECTA\OCR\dados_libras\dinamicos\Trabalho Social\public\public_0001.npy
Trabalho Social,Trabalho Social_Articulador3.mp4,ok,C:\KONECTA\OCR\dados_libras\dinamicos\Trabalho Social\public\public_0002.npy
Tradição,Tradição_Articulador1.mp4,ok,C:\KONECTA\OCR\dados_libras\dinamicos\Tradição\public\public_0000.npy
Tradição,Tradição_Articulador2.mp4,ok,C:\KONECTA\OCR\dados_libras\dinamicos\Tradição\public\public_0001.npy
Tradição,Tradição_Articulador3.mp4,ok,C:\KONECTA\OCR\dados_libras\dinamicos\Tradição\public\public_0002.npy
Traduzir,Traduzir_Articulador1.mp4,ok,C:\KONECTA\OCR\dados_libras\dinamicos\Traduzir\public\public_0000.npy
Traduzir,Traduzir_Articulador2.mp4,ok,C:\KONECTA\OCR\dados_libras\dinamicos\Traduzir\public\public_0001.npy
Traduzir,Traduzir_Articulador3.mp4,ok,C:\KONECTA\OCR\dados_libras\dinamicos\Traduzir\public\public_0002.npy
Transbordar,Transbordar_Articulador1.mp4,ok,C:\KONECTA\OCR\dados_libras\dinamicos\Transbordar\public\public_0000.npy
Transbordar,Transbordar_Articulador2.mp4,ok,C:\KONECTA\OCR\dados_libras\dinamicos\Transbordar\public\public_0001.npy
Transbordar,Transbordar_Articulador3.mp4,ok,C:\KONECTA\OCR\dados_libras\dinamicos\Transbordar\public\public_0002.npy
Trapacear,Trapacear_Articulador1.mp4,ok,C:\KONECTA\OCR\dados_libras\dinamicos\Trapacear\public\public_0000.npy
Trapacear,Trapacear_Articulador2.mp4,ok,C:\KONECTA\OCR\dados_libras\dinamicos\Trapacear\public\public_0001.npy
Trapacear,Trapacear_Articulador3.mp4,ok,C:\KONECTA\OCR\dados_libras\dinamicos\Trapacear\public\public_0002.npy
Travesseiro,Travesseiro_Articulador1.mp4,ok,C:\KONECTA\OCR\dados_libras\dinamicos\Travesseiro\public\public_0000.npy
Travesseiro,Travesseiro_Articulador2.mp4,ok,C:\KONECTA\OCR\dados_libras\dinamicos\Travesseiro\public\public_0001.npy
Travesseiro,Travesseiro_Articulador3.mp4,ok,C:\KONECTA\OCR\dados_libras\dinamicos\Travesseiro\public\public_0002.npy
Trazer,Trazer_Articulador1.mp4,ok,C:\KONECTA\OCR\dados_libras\dinamicos\Trazer\public\public_0000.npy
Trazer,Trazer_Articulador2.mp4,ok,C:\KONECTA\OCR\dados_libras\dinamicos\Trazer\public\public_0001.npy
Trazer,Trazer_Articulador3.mp4,ok,C:\KONECTA\OCR\dados_libras\dinamicos\Trazer\public\public_0002.npy
Trem,Trem_Articulador1.mp4,ok,C:\KONECTA\OCR\dados_libras\dinamicos\Trem\public\public_0000.npy
Trem,Trem_Articulador2.mp4,ok,C:\KONECTA\OCR\dados_libras\dinamicos\Trem\public\public_0001.npy
Trem,Trem_Articulador3.mp4,ok,C:\KONECTA\OCR\dados_libras\dinamicos\Trem\public\public_0002.npy
Tribunal,Tribunal_Articulador1.mp4,ok,C:\KONECTA\OCR\dados_libras\dinamicos\Tribunal\public\public_0000.npy
Tribunal,Tribunal_Articulador2.mp4,ok,C:\KONECTA\OCR\dados_libras\dinamicos\Tribunal\public\public_0001.npy
Tribunal,Tribunal_Articulador3.mp4,ok,C:\KONECTA\OCR\dados_libras\dinamicos\Tribunal\public\public_0002.npy
Triste,Triste_Articulador1.mp4,ok,C:\KONECTA\OCR\dados_libras\dinamicos\Triste\public\public_0000.npy
Triste,Triste_Articulador2.mp4,ok,C:\KONECTA\OCR\dados_libras\dinamicos\Triste\public\public_0001.npy
Triste,Triste_Articulador3.mp4,ok,C:\KONECTA\OCR\dados_libras\dinamicos\Triste\public\public_0002.npy
Troféu,Troféu_Articulador1.mp4,ok,C:\KONECTA\OCR\dados_libras\dinamicos\Troféu\public\public_0000.npy
Troféu,Troféu_Articulador2.mp4,ok,C:\KONECTA\OCR\dados_libras\dinamicos\Troféu\public\public_0001.npy
Troféu,Troféu_Articulador3.mp4,ok,C:\KONECTA\OCR\dados_libras\dinamicos\Troféu\public\public_0002.npy
Tromba,Tromba_Articulador1.mp4,ok,C:\KONECTA\OCR\dados_libras\dinamicos\Tromba\public\public_0000.npy
Tromba,Tromba_Articulador2.mp4,ok,C:\KONECTA\OCR\dados_libras\dinamicos\Tromba\public\public_0001.npy
Tromba,Tromba_Articulador3.mp4,ok,C:\KONECTA\OCR\dados_libras\dinamicos\Tromba\public\public_0002.npy
Tubo,Tubo_Articulador1.mp4,ok,C:\KONECTA\OCR\dados_libras\dinamicos\Tubo\public\public_0000.npy
Tubo,Tubo_Articulador2.mp4,ok,C:\KONECTA\OCR\dados_libras\dinamicos\Tubo\public\public_0001.npy
Tubo,Tubo_Articulador3.mp4,ok,C:\KONECTA\OCR\dados_libras\dinamicos\Tubo\public\public_0002.npy
Tudo certo,Tudo certo_Articulador1.mp4,ok,C:\KONECTA\OCR\dados_libras\dinamicos\Tudo certo\public\public_0000.npy
Tudo certo,Tudo certo_Articulador2.mp4,ok,C:\KONECTA\OCR\dados_libras\dinamicos\Tudo certo\public\public_0001.npy
Tudo certo,Tudo certo_Articulador3.mp4,ok,C:\KONECTA\OCR\dados_libras\dinamicos\Tudo certo\public\public_0002.npy
Técnico,Técnico_Articulador1.mp4,ok,C:\KONECTA\OCR\dados_libras\dinamicos\Técnico\public\public_0000.npy
Técnico,Técnico_Articulador2.mp4,ok,C:\KONECTA\OCR\dados_libras\dinamicos\Técnico\public\public_0001.npy
Técnico,Técnico_Articulador3.mp4,ok,C:\KONECTA\OCR\dados_libras\dinamicos\Técnico\public\public_0002.npy
Tímido,Tímido_Articulador1.mp4,ok,C:\KONECTA\OCR\dados_libras\dinamicos\Tímido\public\public_0000.npy
Tímido,Tímido_Articulador2.mp4,ok,C:\KONECTA\OCR\dados_libras\dinamicos\Tímido\public\public_0001.npy
Tímido,Tímido_Articulador3.mp4,ok,C:\KONECTA\OCR\dados_libras\dinamicos\Tímido\public\public_0002.npy
Título,Título_Articulador1.mp4,ok,C:\KONECTA\OCR\dados_libras\dinamicos\Título\public\public_0000.npy
Título,Título_Articulador2.mp4,ok,C:\KONECTA\OCR\dados_libras\dinamicos\Título\public\public_0001.npy
Título,Título_Articulador3.mp4,ok,C:\KONECTA\OCR\dados_libras\dinamicos\Título\public\public_0002.npy
Tórax,Tórax_Articulador1.mp4,ok,C:\KONECTA\OCR\dados_libras\dinamicos\Tórax\public\public_0000.npy
Tórax,Tórax_Articulador2.mp4,ok,C:\KONECTA\OCR\dados_libras\dinamicos\Tórax\public\public_0001.npy
Tórax,Tórax_Articulador3.mp4,ok,C:\KONECTA\OCR\dados_libras\dinamicos\Tórax\public\public_0002.npy
Um,Um_Articulador1.mp4,ok,C:\KONECTA\OCR\dados_libras\dinamicos\Um\public\public_0000.npy
Um,Um_Articulador2.mp4,ok,C:\KONECTA\OCR\dados_libras\dinamicos\Um\public\public_0001.npy
Um,Um_Articulador3.mp4,ok,C:\KONECTA\OCR\dados_libras\dinamicos\Um\public\public_0002.npy
Uma semana,Uma semana_Articulador1.mp4,ok,C:\KONECTA\OCR\dados_libras\dinamicos\Uma semana\public\public_0000.npy
Uma semana,Uma semana_Articulador2.mp4,ok,C:\KONECTA\OCR\dados_libras\dinamicos\Uma semana\public\public_0001.npy
Uma semana,Uma semana_Articulador3.mp4,ok,C:\KONECTA\OCR\dados_libras\dinamicos\Uma semana\public\public_0002.npy
Uma vez,Uma vez_Articulador1.mp4,ok,C:\KONECTA\OCR\dados_libras\dinamicos\Uma vez\public\public_0000.npy
Uma vez,Uma vez_Articulador2.mp4,ok,C:\KONECTA\OCR\dados_libras\dinamicos\Uma vez\public\public_0001.npy
Uma vez,Uma vez_Articulador3.mp4,ok,C:\KONECTA\OCR\dados_libras\dinamicos\Uma vez\public\public_0002.npy
Universidade,Universidade_Articulador1.mp4,ok,C:\KONECTA\OCR\dados_libras\dinamicos\Universidade\public\public_0000.npy
Universidade,Universidade_Articulador2.mp4,ok,C:\KONECTA\OCR\dados_libras\dinamicos\Universidade\public\public_0001.npy
Universidade,Universidade_Articulador3.mp4,ok,C:\KONECTA\OCR\dados_libras\dinamicos\Universidade\public\public_0002.npy
Universo,Universo_Articulador1.mp4,ok,C:\KONECTA\OCR\dados_libras\dinamicos\Universo\public\public_0000.npy
Universo,Universo_Articulador2.mp4,ok,C:\KONECTA\OCR\dados_libras\dinamicos\Universo\public\public_0001.npy
Universo,Universo_Articulador3.mp4,ok,C:\KONECTA\OCR\dados_libras\dinamicos\Universo\public\public_0002.npy
Urgente,Urgente_Articulador1.mp4,ok,C:\KONECTA\OCR\dados_libras\dinamicos\Urgente\public\public_0000.npy
Urgente,Urgente_Articulador2.mp4,ok,C:\KONECTA\OCR\dados_libras\dinamicos\Urgente\public\public_0001.npy
Urgente,Urgente_Articulador3.mp4,ok,C:\KONECTA\OCR\dados_libras\dinamicos\Urgente\public\public_0002.npy
Urso,Urso_Articulador1.mp4,ok,C:\KONECTA\OCR\dados_libras\dinamicos\Urso\public\public_0000.npy
Urso,Urso_Articulador2.mp4,ok,C:\KONECTA\OCR\dados_libras\dinamicos\Urso\public\public_0001.npy
Urso,Urso_Articulador3.mp4,ok,C:\KONECTA\OCR\dados_libras\dinamicos\Urso\public\public_0002.npy
Use língua de sinais,Use língua de sinais_Articulador1.mp4,ok,C:\KONECTA\OCR\dados_libras\dinamicos\Use língua de sinais\public\public_0000.npy
Use língua de sinais,Use língua de sinais_Articulador2.mp4,ok,C:\KONECTA\OCR\dados_libras\dinamicos\Use língua de sinais\public\public_0001.npy
Use língua de sinais,Use língua de sinais_Articulador3.mp4,ok,C:\KONECTA\OCR\dados_libras\dinamicos\Use língua de sinais\public\public_0002.npy
Uso,Uso_Articulador1.mp4,ok,C:\KONECTA\OCR\dados_libras\dinamicos\Uso\public\public_0000.npy
Uso,Uso_Articulador2.mp4,ok,C:\KONECTA\OCR\dados_libras\dinamicos\Uso\public\public_0001.npy
Uso,Uso_Articulador3.mp4,ok,C:\KONECTA\OCR\dados_libras\dinamicos\Uso\public\public_0002.npy
Uvas,Uvas_Articulador1.mp4,ok,C:\KONECTA\OCR\dados_libras\dinamicos\Uvas\public\public_0000.npy
Uvas,Uvas_Articulador2.mp4,ok,C:\KONECTA\OCR\dados_libras\dinamicos\Uvas\public\public_0001.npy
Uvas,Uvas_Articulador3.mp4,ok,C:\KONECTA\OCR\dados_libras\dinamicos\Uvas\public\public_0002.npy
Vaca,Vaca_Articulador1.mp4,ok,C:\KONECTA\OCR\dados_libras\dinamicos\Vaca\public\public_0000.npy
Vaca,Vaca_Articulador2.mp4,ok,C:\KONECTA\OCR\dados_libras\dinamicos\Vaca\public\public_0001.npy
Vaca,Vaca_Articulador3.mp4,ok,C:\KONECTA\OCR\dados_libras\dinamicos\Vaca\public\public_0002.npy
Vagina,Vagina_Articulador1.mp4,ok,C:\KONECTA\OCR\dados_libras\dinamicos\Vagina\public\public_0000.npy
Vagina,Vagina_Articulador2.mp4,ok,C:\KONECTA\OCR\dados_libras\dinamicos\Vagina\public\public_0001.npy
Vagina,Vagina_Articulador3.mp4,ok,C:\KONECTA\OCR\dados_libras\dinamicos\Vagina\public\public_0002.npy
Vai,Vai_Articulador1.mp4,ok,C:\KONECTA\OCR\dados_libras\dinamicos\Vai\public\public_0000.npy
Vai,Vai_Articulador2.mp4,ok,C:\KONECTA\OCR\dados_libras\dinamicos\Vai\public\public_0001.npy
Vai,Vai_Articulador3.mp4,ok,C:\KONECTA\OCR\dados_libras\dinamicos\Vai\public\public_0002.npy
Vamos,Vamos_Articulador1.mp4,ok,C:\KONECTA\OCR\dados_libras\dinamicos\Vamos\public\public_0000.npy
Vamos,Vamos_Articulador2.mp4,ok,C:\KONECTA\OCR\dados_libras\dinamicos\Vamos\public\public_0001.npy
Vamos,Vamos_Articulador3.mp4,ok,C:\KONECTA\OCR\dados_libras\dinamicos\Vamos\public\public_0002.npy
Vapor,Vapor_Articulador1.mp4,ok,C:\KONECTA\OCR\dados_libras\dinamicos\Vapor\public\public_0000.npy
Vapor,Vapor_Articulador2.mp4,ok,C:\KONECTA\OCR\dados_libras\dinamicos\Vapor\public\public_0001.npy
Vapor,Vapor_Articulador3.mp4,ok,C:\KONECTA\OCR\dados_libras\dinamicos\Vapor\public\public_0002.npy
Vassoura,Vassoura_Articulador1.mp4,ok,C:\KONECTA\OCR\dados_libras\dinamicos\Vassoura\public\public_0000.npy
Vassoura,Vassoura_Articulador2.mp4,ok,C:\KONECTA\OCR\dados_libras\dinamicos\Vassoura\public\public_0001.npy
Vassoura,Vassoura_Articulador3.mp4,ok,C:\KONECTA\OCR\dados_libras\dinamicos\Vassoura\public\public_0002.npy
Vazio,Vazio_Articulador1.mp4,ok,C:\KONECTA\OCR\dados_libras\dinamicos\Vazio\public\public_0000.npy
Vazio,Vazio_Articulador2.mp4,ok,C:\KONECTA\OCR\dados_libras\dinamicos\Vazio\public\public_0001.npy
Vazio,Vazio_Articulador3.mp4,ok,C:\KONECTA\OCR\dados_libras\dinamicos\Vazio\public\public_0002.npy
Veado,Veado_Articulador1.mp4,ok,C:\KONECTA\OCR\dados_libras\dinamicos\Veado\public\public_0000.npy
Veado,Veado_Articulador2.mp4,ok,C:\KONECTA\OCR\dados_libras\dinamicos\Veado\public\public_0001.npy
Veado,Veado_Articulador3.mp4,ok,C:\KONECTA\OCR\dados_libras\dinamicos\Veado\public\public_0002.npy
Veia,Veia_Articulador1.mp4,ok,C:\KONECTA\OCR\dados_libras\dinamicos\Veia\public\public_0000.npy
Veia,Veia_Articulador2.mp4,ok,C:\KONECTA\OCR\dados_libras\dinamicos\Veia\public\public_0001.npy
Veia,Veia_Articulador3.mp4,ok,C:\KONECTA\OCR\dados_libras\dinamicos\Veia\public\public_0002.npy
Vela,Vela_Articulador1.mp4,ok,C:\KONECTA\OCR\dados_libras\dinamicos\Vela\public\public_0000.npy
Vela,Vela_Articulador2.mp4,ok,C:\KONECTA\OCR\dados_libras\dinamicos\Vela\public\public_0001.npy
Vela,Vela_Articulador3.mp4,ok,C:\KONECTA\OCR\dados_libras\dinamicos\Vela\public\public_0002.npy
Vencer,Vencer_Articulador1.mp4,ok,C:\KONECTA\OCR\dados_libras\dinamicos\Vencer\public\public_0000.npy
Vencer,Vencer_Articulador2.mp4,ok,C:\KONECTA\OCR\dados_libras\dinamicos\Vencer\public\public_0001.npy
Vencer,Vencer_Articulador3.mp4,ok,C:\KONECTA\OCR\dados_libras\dinamicos\Vencer\public\public_0002.npy
Vender,Vender_Articulador1.mp4,ok,C:\KONECTA\OCR\dados_libras\dinamicos\Vender\public\public_0000.npy
Vender,Vender_Articulador2.mp4,ok,C:\KONECTA\OCR\dados_libras\dinamicos\Vender\public\public_0001.npy
Vender,Vender_Articulador3.mp4,ok,C:\KONECTA\OCR\dados_libras\dinamicos\Vender\public\public_0002.npy
Venha,Venha_Articulador1.mp4,ok,C:\KONECTA\OCR\dados_libras\dinamicos\Venha\public\public_0000.npy
Venha,Venha_Articulador2.mp4,ok,C:\KONECTA\OCR\dados_libras\dinamicos\Venha\public\public_0001.npy
Venha,Venha_Articulador3.mp4,ok,C:\KONECTA\OCR\dados_libras\dinamicos\Venha\public\public_0002.npy
Vento,Vento_Articulador1.mp4,ok,C:\KONECTA\OCR\dados_libras\dinamicos\Vento\public\public_0000.npy
Vento,Vento_Articulador2.mp4,ok,C:\KONECTA\OCR\dados_libras\dinamicos\Vento\public\public_0001.npy
Vento,Vento_Articulador3.mp4,ok,C:\KONECTA\OCR\dados_libras\dinamicos\Vento\public\public_0002.npy
Ver,Ver_Articulador1.mp4,ok,C:\KONECTA\OCR\dados_libras\dinamicos\Ver\public\public_0000.npy
Ver,Ver_Articulador2.mp4,ok,C:\KONECTA\OCR\dados_libras\dinamicos\Ver\public\public_0001.npy
Ver,Ver_Articulador3.mp4,ok,C:\KONECTA\OCR\dados_libras\dinamicos\Ver\public\public_0002.npy
Verde,Verde_Articulador1.mp4,ok,C:\KONECTA\OCR\dados_libras\dinamicos\Verde\public\public_0000.npy
Verde,Verde_Articulador2.mp4,ok,C:\KONECTA\OCR\dados_libras\dinamicos\Verde\public\public_0001.npy
Verde,Verde_Articulador3.mp4,ok,C:\KONECTA\OCR\dados_libras\dinamicos\Verde\public\public_0002.npy
Vergonha,Vergonha_Articulador1.mp4,ok,C:\KONECTA\OCR\dados_libras\dinamicos\Vergonha\public\public_0000.npy
Vergonha,Vergonha_Articulador2.mp4,ok,C:\KONECTA\OCR\dados_libras\dinamicos\Vergonha\public\public_0001.npy
Vergonha,Vergonha_Articulador3.mp4,ok,C:\KONECTA\OCR\dados_libras\dinamicos\Vergonha\public\public_0002.npy
Verificar,Verificar_Articulador1.mp4,ok,C:\KONECTA\OCR\dados_libras\dinamicos\Verificar\public\public_0000.npy
Verificar,Verificar_Articulador2.mp4,ok,C:\KONECTA\OCR\dados_libras\dinamicos\Verificar\public\public_0001.npy
Verificar,Verificar_Articulador3.mp4,ok,C:\KONECTA\OCR\dados_libras\dinamicos\Verificar\public\public_0002.npy
Verme,Verme_Articulador1.mp4,ok,C:\KONECTA\OCR\dados_libras\dinamicos\Verme\public\public_0000.npy
Verme,Verme_Articulador2.mp4,ok,C:\KONECTA\OCR\dados_libras\dinamicos\Verme\public\public_0001.npy
Verme,Verme_Articulador3.mp4,ok,C:\KONECTA\OCR\dados_libras\dinamicos\Verme\public\public_0002.npy
Vermelho,Vermelho_Articulador1.mp4,ok,C:\KONECTA\OCR\dados_libras\dinamicos\Vermelho\public\public_0000.npy
Vermelho,Vermelho_Articulador2.mp4,ok,C:\KONECTA\OCR\dados_libras\dinamicos\Vermelho\public\public_0001.npy
Vermelho,Vermelho_Articulador3.mp4,ok,C:\KONECTA\OCR\dados_libras\dinamicos\Vermelho\public\public_0002.npy
Verão,Verão_Articulador1.mp4,ok,C:\KONECTA\OCR\dados_libras\dinamicos\Verão\public\public_0000.npy
Verão,Verão_Articulador2.mp4,ok,C:\KONECTA\OCR\dados_libras\dinamicos\Verão\public\public_0001.npy
Verão,Verão_Articulador3.mp4,ok,C:\KONECTA\OCR\dados_libras\dinamicos\Verão\public\public_0002.npy
Vestido,Vestido_Articulador1.mp4,ok,C:\KONECTA\OCR\dados_libras\dinamicos\Vestido\public\public_0000.npy
Vestido,Vestido_Articulador2.mp4,ok,C:\KONECTA\OCR\dados_libras\dinamicos\Vestido\public\public_0001.npy
Vestido,Vestido_Articulador3.mp4,ok,C:\KONECTA\OCR\dados_libras\dinamicos\Vestido\public\public_0002.npy
Veto,Veto_Articulador1.mp4,ok,C:\KONECTA\OCR\dados_libras\dinamicos\Veto\public\public_0000.npy
Veto,Veto_Articulador2.mp4,ok,C:\KONECTA\OCR\dados_libras\dinamicos\Veto\public\public_0001.npy
Veto,Veto_Articulador3.mp4,ok,C:\KONECTA\OCR\dados_libras\dinamicos\Veto\public\public_0002.npy
Vice-presidente,Vice-presidente_Articulador1.mp4,ok,C:\KONECTA\OCR\dados_libras\dinamicos\Vice-presidente\public\public_0000.npy
Vice-presidente,Vice-presidente_Articulador2.mp4,ok,C:\KONECTA\OCR\dados_libras\dinamicos\Vice-presidente\public\public_0001.npy
Vice-presidente,Vice-presidente_Articulador3.mp4,ok,C:\KONECTA\OCR\dados_libras\dinamicos\Vice-presidente\public\public_0002.npy
Vingança,Vingança_Articulador1.mp4,ok,C:\KONECTA\OCR\dados_libras\dinamicos\Vingança\public\public_0000.npy
Vingança,Vingança_Articulador2.mp4,ok,C:\KONECTA\OCR\dados_libras\dinamicos\Vingança\public\public_0001.npy
Vingança,Vingança_Articulador3.mp4,ok,C:\KONECTA\OCR\dados_libras\dinamicos\Vingança\public\public_0002.npy
Vinho,Vinho_Articulador1.mp4,ok,C:\KONECTA\OCR\dados_libras\dinamicos\Vinho\public\public_0000.npy
Vinho,Vinho_Articulador2.mp4,ok,C:\KONECTA\OCR\dados_libras\dinamicos\Vinho\public\public_0001.npy
Vinho,Vinho_Articulador3.mp4,ok,C:\KONECTA\OCR\dados_libras\dinamicos\Vinho\public\public_0002.npy
Vinte,Vinte_Articulador1.mp4,ok,C:\KONECTA\OCR\dados_libras\dinamicos\Vinte\public\public_0000.npy
Vinte,Vinte_Articulador2.mp4,ok,C:\KONECTA\OCR\dados_libras\dinamicos\Vinte\public\public_0001.npy
Vinte,Vinte_Articulador3.mp4,ok,C:\KONECTA\OCR\dados_libras\dinamicos\Vinte\public\public_0002.npy
Vinte e dois,Vinte e dois_Articulador1.mp4,ok,C:\KONECTA\OCR\dados_libras\dinamicos\Vinte e dois\public\public_0000.npy
Vinte e dois,Vinte e dois_Articulador2.mp4,ok,C:\KONECTA\OCR\dados_libras\dinamicos\Vinte e dois\public\public_0001.npy
Vinte e dois,Vinte e dois_Articulador3.mp4,ok,C:\KONECTA\OCR\dados_libras\dinamicos\Vinte e dois\public\public_0002.npy
Vinte e um,Vinte e um_Articulador1.mp4,ok,C:\KONECTA\OCR\dados_libras\dinamicos\Vinte e um\public\public_0000.npy
Vinte e um,Vinte e um_Articulador2.mp4,ok,C:\KONECTA\OCR\dados_libras\dinamicos\Vinte e um\public\public_0001.npy
Vinte e um,Vinte e um_Articulador3.mp4,ok,C:\KONECTA\OCR\dados_libras\dinamicos\Vinte e um\public\public_0002.npy
Violino,Violino_Articulador1.mp4,ok,C:\KONECTA\OCR\dados_libras\dinamicos\Violino\public\public_0000.npy
Violino,Violino_Articulador2.mp4,ok,C:\KONECTA\OCR\dados_libras\dinamicos\Violino\public\public_0001.npy
Violino,Violino_Articulador3.mp4,ok,C:\KONECTA\OCR\dados_libras\dinamicos\Violino\public\public_0002.npy
Virar a página,Virar a página_Articulador1.mp4,ok,C:\KONECTA\OCR\dados_libras\dinamicos\Virar a página\public\public_0000.npy
Virar a página,Virar a página_Articulador2.mp4,ok,C:\KONECTA\OCR\dados_libras\dinamicos\Virar a página\public\public_0001.npy
Virar a página,Virar a página_Articulador3.mp4,ok,C:\KONECTA\OCR\dados_libras\dinamicos\Virar a página\public\public_0002.npy
Virgem,Virgem_Articulador1.mp4,ok,C:\KONECTA\OCR\dados_libras\dinamicos\Virgem\public\public_0000.npy
Virgem,Virgem_Articulador2.mp4,ok,C:\KONECTA\OCR\dados_libras\dinamicos\Virgem\public\public_0001.npy
Virgem,Virgem_Articulador3.mp4,ok,C:\KONECTA\OCR\dados_libras\dinamicos\Virgem\public\public_0002.npy
Virgem Maria,Virgem Maria_Articulador1.mp4,ok,C:\KONECTA\OCR\dados_libras\dinamicos\Virgem Maria\public\public_0000.npy
Virgem Maria,Virgem Maria_Articulador2.mp4,ok,C:\KONECTA\OCR\dados_libras\dinamicos\Virgem Maria\public\public_0001.npy
Virgem Maria,Virgem Maria_Articulador3.mp4,ok,C:\KONECTA\OCR\dados_libras\dinamicos\Virgem Maria\public\public_0002.npy
Visita,Visita_Articulador1.mp4,ok,C:\KONECTA\OCR\dados_libras\dinamicos\Visita\public\public_0000.npy
Visita,Visita_Articulador2.mp4,ok,C:\KONECTA\OCR\dados_libras\dinamicos\Visita\public\public_0001.npy
Visita,Visita_Articulador3.mp4,ok,C:\KONECTA\OCR\dados_libras\dinamicos\Visita\public\public_0002.npy
Visualizar,Visualizar_Articulador1.mp4,ok,C:\KONECTA\OCR\dados_libras\dinamicos\Visualizar\public\public_0000.npy
Visualizar,Visualizar_Articulador2.mp4,ok,C:\KONECTA\OCR\dados_libras\dinamicos\Visualizar\public\public_0001.npy
Visualizar,Visualizar_Articulador3.mp4,ok,C:\KONECTA\OCR\dados_libras\dinamicos\Visualizar\public\public_0002.npy
Viver,Viver_Articulador1.mp4,ok,C:\KONECTA\OCR\dados_libras\dinamicos\Viver\public\public_0000.npy
Viver,Viver_Articulador2.mp4,ok,C:\KONECTA\OCR\dados_libras\dinamicos\Viver\public\public_0001.npy
Viver,Viver_Articulador3.mp4,ok,C:\KONECTA\OCR\dados_libras\dinamicos\Viver\public\public_0002.npy
Voar de avião,Voar de avião_Articulador1.mp4,ok,C:\KONECTA\OCR\dados_libras\dinamicos\Voar de avião\public\public_0000.npy
Voar de avião,Voar de avião_Articulador2.mp4,ok,C:\KONECTA\OCR\dados_libras\dinamicos\Voar de avião\public\public_0001.npy
Voar de avião,Voar de avião_Articulador3.mp4,ok,C:\KONECTA\OCR\dados_libras\dinamicos\Voar de avião\public\public_0002.npy
Vocabulário,Vocabulário_Articulador1.mp4,ok,C:\KONECTA\OCR\dados_libras\dinamicos\Vocabulário\public\public_0000.npy
Vocabulário,Vocabulário_Articulador2.mp4,ok,C:\KONECTA\OCR\dados_libras\dinamicos\Vocabulário\public\public_0001.npy
Vocabulário,Vocabulário_Articulador3.mp4,ok,C:\KONECTA\OCR\dados_libras\dinamicos\Vocabulário\public\public_0002.npy
Volta,Volta_Articulador1.mp4,ok,C:\KONECTA\OCR\dados_libras\dinamicos\Volta\public\public_0000.npy
Volta,Volta_Articulador2.mp4,ok,C:\KONECTA\OCR\dados_libras\dinamicos\Volta\public\public_0001.npy
Volta,Volta_Articulador3.mp4,ok,C:\KONECTA\OCR\dados_libras\dinamicos\Volta\public\public_0002.npy
Volêi,Volêi_Articulador1.mp4,ok,C:\KONECTA\OCR\dados_libras\dinamicos\Volêi\public\public_0000.npy
Volêi,Volêi_Articulador2.mp4,ok,C:\KONECTA\OCR\dados_libras\dinamicos\Volêi\public\public_0001.npy
Volêi,Volêi_Articulador3.mp4,ok,C:\KONECTA\OCR\dados_libras\dinamicos\Volêi\public\public_0002.npy
Vomitar,Vomitar_Articulador1.mp4,ok,C:\KONECTA\OCR\dados_libras\dinamicos\Vomitar\public\public_0000.npy
Vomitar,Vomitar_Articulador2.mp4,ok,C:\KONECTA\OCR\dados_libras\dinamicos\Vomitar\public\public_0001.npy
Vomitar,Vomitar_Articulador3.mp4,ok,C:\KONECTA\OCR\dados_libras\dinamicos\Vomitar\public\public_0002.npy
Voto,Voto_Articulador1.mp4,ok,C:\KONECTA\OCR\dados_libras\dinamicos\Voto\public\public_0000.npy
Voto,Voto_Articulador2.mp4,ok,C:\KONECTA\OCR\dados_libras\dinamicos\Voto\public\public_0001.npy
Voto,Voto_Articulador3.mp4,ok,C:\KONECTA\OCR\dados_libras\dinamicos\Voto\public\public_0002.npy
Voz,Voz_Articulador1.mp4,ok,C:\KONECTA\OCR\dados_libras\dinamicos\Voz\public\public_0000.npy
Voz,Voz_Articulador2.mp4,ok,C:\KONECTA\OCR\dados_libras\dinamicos\Voz\public\public_0001.npy
Voz,Voz_Articulador3.mp4,ok,C:\KONECTA\OCR\dados_libras\dinamicos\Voz\public\public_0002.npy
Xampu,Xampu_Articulador1.mp4,ok,C:\KONECTA\OCR\dados_libras\dinamicos\Xampu\public\public_0000.npy
Xampu,Xampu_Articulador2.mp4,ok,C:\KONECTA\OCR\dados_libras\dinamicos\Xampu\public\public_0001.npy
Xampu,Xampu_Articulador3.mp4,ok,C:\KONECTA\OCR\dados_libras\dinamicos\Xampu\public\public_0002.npy
Xingar,Xingar_Articulador1.mp4,ok,C:\KONECTA\OCR\dados_libras\dinamicos\Xingar\public\public_0000.npy
Xingar,Xingar_Articulador2.mp4,ok,C:\KONECTA\OCR\dados_libras\dinamicos\Xingar\public\public_0001.npy
Xingar,Xingar_Articulador3.mp4,ok,C:\KONECTA\OCR\dados_libras\dinamicos\Xingar\public\public_0002.npy
Zero,Zero_Articulador1.mp4,ok,C:\KONECTA\OCR\dados_libras\dinamicos\Zero\public\public_0000.npy
Zero,Zero_Articulador2.mp4,ok,C:\KONECTA\OCR\dados_libras\dinamicos\Zero\public\public_0001.npy
Zero,Zero_Articulador3.mp4,ok,C:\KONECTA\OCR\dados_libras\dinamicos\Zero\public\public_0002.npy
Zíper,Zíper_Articulador1.mp4,ok,C:\KONECTA\OCR\dados_libras\dinamicos\Zíper\public\public_0000.npy
Zíper,Zíper_Articulador2.mp4,ok,C:\KONECTA\OCR\dados_libras\dinamicos\Zíper\public\public_0001.npy
Zíper,Zíper_Articulador3.mp4,ok,C:\KONECTA\OCR\dados_libras\dinamicos\Zíper\public\public_0002.npy
À noite toda,À noite toda_Articulador1.mp4,ok,C:\KONECTA\OCR\dados_libras\dinamicos\À noite toda\public\public_0000.npy
À noite toda,À noite toda_Articulador2.mp4,ok,C:\KONECTA\OCR\dados_libras\dinamicos\À noite toda\public\public_0001.npy
À noite toda,À noite toda_Articulador3.mp4,ok,C:\KONECTA\OCR\dados_libras\dinamicos\À noite toda\public\public_0002.npy
À tarde toda,À tarde toda_Articulador1.mp4,ok,C:\KONECTA\OCR\dados_libras\dinamicos\À tarde toda\public\public_0000.npy
À tarde toda,À tarde toda_Articulador2.mp4,ok,C:\KONECTA\OCR\dados_libras\dinamicos\À tarde toda\public\public_0001.npy
À tarde toda,À tarde toda_Articulador3.mp4,ok,C:\KONECTA\OCR\dados_libras\dinamicos\À tarde toda\public\public_0002.npy
Às vezes,Às vezes_Articulador1.mp4,ok,C:\KONECTA\OCR\dados_libras\dinamicos\Às vezes\public\public_0000.npy
Às vezes,Às vezes_Articulador2.mp4,ok,C:\KONECTA\OCR\dados_libras\dinamicos\Às vezes\public\public_0001.npy
Às vezes,Às vezes_Articulador3.mp4,ok,C:\KONECTA\OCR\dados_libras\dinamicos\Às vezes\public\public_0002.npy
Água,Água_Articulador1.mp4,ok,C:\KONECTA\OCR\dados_libras\dinamicos\Água\public\public_0000.npy
Água,Água_Articulador2.mp4,ok,C:\KONECTA\OCR\dados_libras\dinamicos\Água\public\public_0001.npy
Água,Água_Articulador3.mp4,ok,C:\KONECTA\OCR\dados_libras\dinamicos\Água\public\public_0002.npy
Água congelada,Água congelada_Articulador1.mp4,ok,C:\KONECTA\OCR\dados_libras\dinamicos\Água congelada\public\public_0000.npy
Água congelada,Água congelada_Articulador2.mp4,ok,C:\KONECTA\OCR\dados_libras\dinamicos\Água congelada\public\public_0001.npy
Água congelada,Água congelada_Articulador3.mp4,ok,C:\KONECTA\OCR\dados_libras\dinamicos\Água congelada\public\public_0002.npy
Álcool,Álcool_Articulador1.mp4,ok,C:\KONECTA\OCR\dados_libras\dinamicos\Álcool\public\public_0000.npy
Álcool,Álcool_Articulador2.mp4,ok,C:\KONECTA\OCR\dados_libras\dinamicos\Álcool\public\public_0001.npy
Álcool,Álcool_Articulador3.mp4,ok,C:\KONECTA\OCR\dados_libras\dinamicos\Álcool\public\public_0002.npy
Área,Área_Articulador1.mp4,ok,C:\KONECTA\OCR\dados_libras\dinamicos\Área\public\public_0000.npy
Área,Área_Articulador2.mp4,ok,C:\KONECTA\OCR\dados_libras\dinamicos\Área\public\public_0001.npy
Área,Área_Articulador3.mp4,ok,C:\KONECTA\OCR\dados_libras\dinamicos\Área\public\public_0002.npy
Árvore,Árvore_Articulador1.mp4,ok,C:\KONECTA\OCR\dados_libras\dinamicos\Árvore\public\public_0000.npy
Árvore,Árvore_Articulador2.mp4,ok,C:\KONECTA\OCR\dados_libras\dinamicos\Árvore\public\public_0001.npy
Árvore,Árvore_Articulador3.mp4,ok,C:\KONECTA\OCR\dados_libras\dinamicos\Árvore\public\public_0002.npy
Óculos,Óculos_Articulador1.mp4,ok,C:\KONECTA\OCR\dados_libras\dinamicos\Óculos\public\public_0000.npy
Óculos,Óculos_Articulador2.mp4,ok,C:\KONECTA\OCR\dados_libras\dinamicos\Óculos\public\public_0001.npy
Óculos,Óculos_Articulador3.mp4,ok,C:\KONECTA\OCR\dados_libras\dinamicos\Óculos\public\public_0002.npy
Ódio,Ódio_Articulador1.mp4,ok,C:\KONECTA\OCR\dados_libras\dinamicos\Ódio\public\public_0000.npy
Ódio,Ódio_Articulador2.mp4,ok,C:\KONECTA\OCR\dados_libras\dinamicos\Ódio\public\public_0001.npy
Ódio,Ódio_Articulador3.mp4,ok,C:\KONECTA\OCR\dados_libras\dinamicos\Ódio\public\public_0002.npy
Óleo,Óleo_Articulador1.mp4,ok,C:\KONECTA\OCR\dados_libras\dinamicos\Óleo\public\public_0000.npy
Óleo,Óleo_Articulador2.mp4,ok,C:\KONECTA\OCR\dados_libras\dinamicos\Óleo\public\public_0001.npy
Óleo,Óleo_Articulador3.mp4,ok,C:\KONECTA\OCR\dados_libras\dinamicos\Óleo\public\public_0002.npy
Última,Última_Articulador1.mp4,ok,C:\KONECTA\OCR\dados_libras\dinamicos\Última\public\public_0000.npy
Última,Última_Articulador2.mp4,ok,C:\KONECTA\OCR\dados_libras\dinamicos\Última\public\public_0001.npy
Última,Última_Articulador3.mp4,ok,C:\KONECTA\OCR\dados_libras\dinamicos\Última\public\public_0002.npy
Última semana,Última semana_Articulador1.mp4,ok,C:\KONECTA\OCR\dados_libras\dinamicos\Última semana\public\public_0000.npy
Última semana,Última semana_Articulador2.mp4,ok,C:\KONECTA\OCR\dados_libras\dinamicos\Última semana\public\public_0001.npy
Última semana,Última semana_Articulador3.mp4,ok,C:\KONECTA\OCR\dados_libras\dinamicos\Última semana\public\public_0002.npy
